time_ns,input_0_P0,input_0_P1,input_0_P2,input_0_P3,input_0_P4,input_0_P5,input_0_P6,input_0_P7,input_0_P8,input_0_P9,input_0_P10,input_0_P11,input_0_P12,input_0_P13,input_0_P14,input_0_P15,input_0_leakage,input_1_P0,input_1_P1,input_1_P2,input_1_P3,input_1_P4,input_1_P5,input_1_P6,input_1_P7,input_1_P8,input_1_P9,input_1_P10,input_1_P11,input_1_P12,input_1_P13,input_1_P14,input_1_P15,input_1_leakage,average_leakage,tone_1_coefficient,tone_2_coefficient,tone_3_coefficient
0.0,1.0,1.3600325624635e-37,0.0,0.0,0.0,0.0,0.0,0.0,0.0,0.0,0.0,0.0,0.0,0.0,0.0,0.0,0.0,1.3600325624635e-37,1.0,0.0,0.0,0.0,0.0,0.0,0.0,0.0,0.0,0.0,0.0,0.0,0.0,0.0,0.0,0.0,0.0,0.0,0.0,-0.0
0.12497855872093024,0.9999999999280209,4.098749634118645e-12,2.3428945863410495e-18,2.8819834918261992e-12,2.5036268331637685e-18,3.050085134112813e-12,1.3280377762573033e-21,1.6812399944166917e-15,2.6541934337563312e-21,3.121879238358248e-15,8.382653166579823e-20,1.0669273215906287e-13,1.4684138192408343e-24,3.022065169189233e-18,5.299461317585087e-19,1.1868087714058788e-25,6.04357296367392e-12,4.098749634118667e-12,0.9999999999280262,2.865333314363899e-12,2.319650211776332e-18,3.0667111227034867e-12,2.4588067061198033e-18,1.6056828527551598e-15,1.3372580503746637e-21,3.1912376871179245e-15,2.4695033796591198e-21,1.0670448673350783e-13,8.537366272185093e-20,1.6942662618707248e-18,2.3434543790913624e-24,4.958310746506106e-25,1.8831613128954603e-19,6.043552594563342e-12,6.043562779118631e-12,3.9814666430597585e-05,5.8908878818044824e-05,-5.1618161529782835e-05
0.24995711744186047,0.999999999406703,3.331224565723749e-10,5.912983532568383e-17,6.773949095183733e-11,5.893140558771198e-17,6.78002829663572e-11,2.484190647670046e-20,2.87767783276811e-14,4.722472272478276e-20,5.0129087291415565e-14,1.1376851075111489e-18,1.503853833344524e-12,2.6374808511227906e-23,4.272135451629004e-17,7.67825606071711e-18,4.687242064082258e-25,1.3712270328778824e-10,3.3312245657237295e-10,0.9999999994067139,6.735974262597386e-11,5.0625351052391707e-17,6.818000075830038e-11,5.152100899553788e-17,2.7502978872005298e-14,2.0892807691409656e-20,5.127270679264854e-14,3.569627382940192e-20,1.5040195009559122e-12,1.2493452810008263e-18,2.390817151036034e-17,2.762456314682409e-23,1.1278239840154372e-23,2.7285198546081743e-18,1.371226686599195e-10,1.3712268597385385e-10,-0.00015855918532798994,0.00023552019382861879,9.651768611751454e-05
0.3749356761627907,0.9999999944609221,4.020325241523514e-09,5.808826938033699e-16,6.286974827207632e-10,6.327523210203478e-16,6.947003839657166e-10,2.7195522604234444e-19,2.362634574080893e-13,5.586955217910207e-19,4.017665092056682e-13,7.673182345008032e-18,1.1347061300113862e-11,3.9860464418622444e-22,3.1741328642623706e-16,5.678186692660561e-17,2.44046016546077e-23,1.3353845542876318e-09,4.020325241523018e-09,0.9999999944609335,6.249499278825946e-10,4.4091499298126214e-16,6.984511279810266e-10,5.01488695526992e-16,2.267368419131553e-13,1.1803991984586944e-19,4.109088551465255e-13,1.6751990558144944e-19,1.1348332432231571e-11,1.0523498649269671e-17,1.7801918445357314e-16,9.070816068387362e-23,2.5241726896769767e-22,2.0177658000533004e-17,1.3353881854028452e-09,1.3353863698452385e-09,-0.0007150561136585055,0.0005295413279560468,0.0006808931976255546
0.49991423488372094,0.9999999731431373,2.2000159412198167e-08,1.5053011881541505e-15,1.88519351789034e-09,2.2271267346844613e-15,2.6709989476777484e-09,1.5813231184112027e-18,1.1846792537600835e-12,3.802609834901635e-18,1.957210926739937e-12,3.2809966768974084e-17,5.370697041744016e-11,4.330924399525737e-21,1.4906811580657543e-15,2.636187495226362e-16,1.450808981549812e-21,4.613046851093541e-09,2.2000159412193287e-08,0.9999999731429925,1.872441765479711e-09,1.5431732676811374e-15,2.6839121182973286e-09,2.1232802672248887e-15,1.1367875817641215e-12,4.557054904827042e-19,2.002187822336328e-12,3.9682892443594255e-19,5.371305130220553e-11,5.813340557305336e-17,8.364878116050019e-16,1.0686567286136113e-23,3.854557114402457e-21,9.367795315629611e-17,4.61321056609245e-09,4.6131287085929956e-09,-0.0006385512046629449,0.0009405205368035737,0.0008223005335551469
0.6248927936046512,0.9999999147984213,7.978466757886666e-08,3.686361844054011e-16,1.3982892065158385e-09,1.6592978783619859e-15,3.5631769759925944e-09,3.314541137040736e-18,3.1124967008061885e-12,6.798017477221879e-18,5.195784880362061e-12,1.0111624128085054e-16,1.4201735744144407e-10,1.3746092720881466e-20,3.946987793373148e-15,6.969199060036886e-16,1.1574857225472955e-20,5.111798604626928e-09,7.978466757894509e-08,0.9999999147977563,1.3865443891650226e-09,2.95235874329862e-15,3.575599726602633e-09,4.7809994512575124e-15,2.9882882649013402e-12,1.765633260912999e-18,5.315053708979479e-12,3.30506673596196e-18,1.4203344990930033e-10,1.6623789627271567e-16,2.2120889604788956e-15,2.548041849031641e-21,1.8419543356384645e-20,2.4765426917033054e-16,5.112491272081825e-09,5.112144938354376e-09,0.0009846468619924178,0.0014678476120522418,-0.0006062287684294823
0.7498713523255814,0.9999997664512342,2.3182010546840748e-07,1.1823938695923446e-14,7.42938154991803e-10,2.745111213090723e-15,3.844767209072647e-10,2.8628728566907005e-18,4.653932135815831e-12,4.307780511607467e-18,7.849952287138552e-12,1.8577909334084045e-16,2.2095302137724273e-10,3.7477851630959856e-21,6.198117831420371e-15,1.1012673601855307e-15,2.339746244718355e-20,1.3608938431112573e-09,2.3182010546831727e-07,0.9999997664524082,7.446303426641563e-10,4.108881152231001e-15,3.8163492128606485e-10,6.961757190676435e-15,4.461608933927297e-12,4.653187363012043e-18,8.029054125263494e-12,9.049030018646178e-18,2.2097790821907623e-10,2.735644991094077e-16,3.4636074632297543e-15,1.5020465149647504e-20,2.0949981342432463e-20,3.91333806491956e-16,1.3597490481107876e-09,1.3603214456110224e-09,0.0028516216215652766,0.0021107547612313742,-0.002716755118562843
0.8748499110465117,0.9999993883088257,5.902155055789487e-07,7.948419166521162e-14,1.4441865896684394e-08,4.1647984378811046e-14,6.332720832157888e-09,5.125619216426128e-18,4.929290336541072e-12,4.817259641752652e-18,8.64975779685757e-12,2.2414352044429384e-16,2.5747931547484874e-10,2.5602836577344207e-20,7.350695106092811e-15,1.3205330678690503e-15,5.496107716613393e-20,2.1045775130021708e-08,5.902155055681458e-07,0.9999993883166344,1.437164507202875e-08,5.626322382530085e-15,6.395265077860649e-09,8.041491413165798e-15,4.717685885843843e-12,2.9813681555579404e-17,8.84624740949998e-12,5.525360904328714e-17,2.575080885024164e-10,4.3195526933803273e-16,4.0883342810877815e-15,6.314120185597021e-20,3.6839391752680593e-20,4.69242559131336e-16,2.1038000914200337e-08,2.1041888022111022e-08,0.0019562515238616385,0.0028683177025873095,-0.0025022962913459693
0.9998284697674419,0.9999985467833793,1.3496066943014039e-06,1.6840659515684524e-13,5.1650333093898585e-08,1.282734514200528e-13,5.1067124012471346e-08,1.794257459647519e-16,7.150525221237466e-12,6.32158229616961e-16,1.265479838048719e-11,4.597300069113807e-16,3.825423724947828e-10,3.3952168180433197e-19,1.0976315429634953e-14,1.9799501555696007e-15,3.8660294962359085e-19,1.031201157108187e-07,1.349606694246325e-06,0.999998546778384,5.13003696995277e-08,1.658869969886601e-14,5.142238072891786e-08,1.5458828012872308e-14,6.835192497546439e-12,1.8327148090865387e-16,1.2940630482739957e-11,7.183119783613713e-16,3.82585293454202e-10,1.0601338471769712e-15,6.1000926118577576e-15,3.3525177623919877e-19,3.9793373500751723e-19,7.036131634705058e-16,1.0312515235856403e-07,1.0312263403469136e-07,-0.00249947611049288,0.003739456973479875,0.0015564310885423636
1.1248070284883722,0.999996984824812,2.7736868979313665e-06,9.132643105763346e-14,8.801213115081608e-08,1.1043578059197686e-13,1.5198298527092515e-07,7.594332139724544e-16,1.8361008883471057e-11,4.754364242706986e-15,3.126723329534544e-11,2.465561790975348e-15,8.92129415103905e-10,3.2059643054656005e-18,2.5140840746116374e-14,4.484156534867914e-15,3.560207640531331e-18,2.4093711345235826e-07,2.7736868980118423e-06,0.999996984718284,8.727405254202759e-08,1.617596077148758e-13,1.5282748750935645e-07,1.4376226899656016e-13,1.7603645511936436e-11,4.786336436242891e-16,3.197942924754784e-11,3.596260980906871e-15,8.922319884124368e-10,5.0290018063780895e-15,1.4050630946181945e-14,2.3198385668645015e-18,4.029818636171642e-18,1.5934874500165752e-15,2.4104368539079715e-07,2.4099039942157773e-07,-0.0063839916658226465,0.0047229394504425554,0.00608513766900925
1.2497855872093024,0.9999945194489726,5.168573265130278e-06,4.0126015091433016e-13,6.524732569677129e-08,3.475054170954608e-14,2.4398774985306376e-07,7.874237965641909e-16,4.4004978731405565e-11,8.433981737412695e-15,7.331925455814367e-11,1.4752459546037335e-14,2.01481534077102e-09,1.3847728333645938e-17,5.6104819908322024e-14,9.922193154729713e-15,1.9152084907371196e-17,3.113677411684662e-07,5.1685732663642514e-06,0.9999945191677254,6.454471446279313e-08,1.1613390255440264e-12,2.449697848188216e-07,1.0365313143839715e-12,4.2225402748610036e-11,3.402669229969953e-16,7.499978054920787e-11,6.30354849204519e-15,2.0150491411514196e-09,2.078129255999027e-14,3.1465521458884796e-14,9.099739116361002e-18,2.188813670810413e-17,3.526389217527986e-15,3.116490339244104e-07,3.115083875464383e-07,-0.003985656232453945,0.005817380078749956,0.005064035814680113
1.3747641459302327,0.9999908469236567,8.95470185670268e-06,3.8328724298867635e-12,3.198586091459811e-09,1.3840708409865712e-12,1.9111893428745355e-07,2.0744405211382255e-16,7.025264685743631e-11,2.490506870033458e-15,1.169006212992048e-10,3.846990102975544e-14,3.200841580200179e-09,2.18540921252783e-17,8.900712110709656e-14,1.5727762606815012e-14,4.442263070339425e-17,1.977108781395535e-07,8.954701858406689e-06,0.9999908467284122,3.1107109297388836e-09,4.264643461541287e-12,1.913990694300704e-07,3.792733746877208e-12,6.744073407138613e-11,5.36350387981394e-17,1.19581869912225e-10,4.0759907055455755e-15,3.2012084216012425e-09,4.316420702319626e-14,4.9932885973398644e-14,1.5401615879269976e-17,4.9833048817700456e-17,5.589951506920475e-15,1.9790617164450749e-07,1.978085248920305e-07,0.0046762745575133985,0.007021243809048347,-0.002945035540966986
1.4997427046511629,0.9999849929329852,1.4864074976049107e-05,1.0721645703887928e-11,6.25054792514903e-08,5.345409815803301e-12,7.61085627587763e-08,3.52847349201665e-16,7.281842903397362e-11,3.009292321616793e-16,1.2280432782307798e-10,4.7804232649736194e-14,3.4455449027541603e-09,2.249757390577563e-17,9.657158867187462e-14,1.715441514709176e-14,5.4076211069997614e-17,1.422714389859843e-07,1.4864074969261173e-05,0.9999849931596237,6.221167038603504e-08,8.111606142607795e-12,7.617628600196392e-08,7.304734188768554e-12,6.982468868103825e-11,1.047933968103995e-15,1.2561341059926078e-10,2.2519872444718494e-16,3.445936416034862e-09,5.139141788796874e-14,5.404931202753544e-14,2.300677133721222e-17,5.726539369598912e-17,6.0946033610948224e-15,1.4204486013238362e-07,1.4215814955918395e-07,0.011269669036776911,0.008332847738319287,-0.010747526904794514
1.624721263372093,0.9999753715628634,2.405999297977773e-05,1.3725539496842428e-11,2.982031648077225e-07,8.16318689752997e-12,2.6623927415759063e-07,1.2097812545483211e-14,5.881491005097263e-11,3.801220665250613e-14,1.0277247572015374e-10,5.683314379378226e-14,3.0418466994450052e-09,4.352022522663088e-17,8.669244417724706e-14,1.5566899778401787e-14,6.76406770209917e-17,5.676679710905915e-07,2.405999296146862e-05,0.9999753714665017,2.9578416233233896e-07,8.112866243395383e-12,2.6876105669174597e-07,7.289196695001142e-12,5.630025752619088e-11,1.6256872117319277e-14,1.0511103891119672e-10,4.3806694760030046e-14,3.0421948076488367e-09,6.588920078858988e-14,4.828045275107906e-14,4.871536997020874e-17,6.753552192876574e-17,5.5293479445464785e-15,5.67764407069929e-07,5.677161890802602e-07,0.006710783306379969,0.009750363452165862,-0.008469477699442524
1.7496998220930233,0.9999605153019488,3.793283335819056e-05,8.056135995391618e-12,5.409370460355037e-07,4.2338728069968e-12,1.0063465172948825e-06,5.836986494616441e-14,6.668034551533834e-11,4.074043525690418e-13,1.1782660067312034e-10,1.1257674710284122e-13,3.5568216073263137e-09,1.208602686898897e-16,1.0195177328175659e-13,1.841564538123029e-14,1.5923080145995314e-16,1.5510378808911774e-06,3.7932833390671796e-05,0.9999605128407405,5.357670454856829e-07,5.281096915182767e-12,1.0139815075644887e-06,3.133537039409189e-12,6.37511295088202e-11,6.372346165623793e-14,1.204971166799964e-10,4.077709478306358e-13,3.5572352006045997e-09,1.3095385302294285e-13,5.6678271400099415e-14,1.2313805367742935e-16,1.6214084399541392e-16,6.551936339985473e-15,1.5534991170946688e-06,1.5522684989929232e-06,-0.007480488995610192,0.011271819565133583,0.0047644783875676455
1.8746783808139535,0.9999396251899392,5.767591350566176e-05,1.307214146859992e-11,5.525924760617114e-07,1.005987304195788e-12,2.1383946590740844e-06,9.203365704954476e-14,1.361679074447714e-10,1.1116800679685892e-12,2.3247979782188776e-10,3.951793219194427e-13,6.645375105207173e-09,4.88502923042272e-16,1.8750220903691256e-13,3.331459629763009e-14,6.434688222893421e-16,2.698017056916866e-06,5.767591374987602e-05,0.9999396188319785,5.468124118409811e-07,2.203635742184824e-11,2.150511574842343e-06,1.2690115808198404e-11,1.3051344742809807e-10,8.98972442178101e-14,2.3773062736247204e-10,1.0440262329119957e-12,6.646177880878214e-09,4.501645160996654e-13,1.0472909290012311e-13,4.25811704425241e-16,6.843350575680845e-16,1.1817749690899366e-14,2.704374836857205e-06,2.7011959468870358e-06,-0.017449876140421355,0.01289510445550601,0.01664979125849928
1.9996569395348838,0.9999126837788842,8.42611962725363e-05,9.418229761746618e-11,2.391512948193173e-07,4.201245552259669e-11,2.8015548132284383e-06,4.138740149721338e-14,2.722363908276978e-10,9.627139586139702e-13,4.541722052745961e-10,1.3669780708343816e-12,1.2521328363862189e-08,1.2368794961523688e-15,3.4891052180987035e-13,6.177338779379998e-14,2.0086485049351666e-15,3.0540928247697284e-06,8.426119667932917e-05,0.9999126764060665,2.3655462250595067e-07,1.1309695694058845e-10,2.811460335980564e-06,8.598229005651077e-11,2.612113703809547e-10,3.505796107704522e-14,4.6455180377114063e-10,9.303026743739876e-13,1.252284777920783e-08,1.4670244190866763e-12,1.9551688486573008e-13,9.572552081025591e-16,2.2038467855043684e-15,2.1980115169439216e-14,3.061465301730029e-06,3.0577790632498787e-06,-0.010107054570956849,0.014617969190747995,0.01267062365551604
2.124635498255814,0.9998785539573074,0.00011928357352229438,2.786930363662378e-10,3.632158387914496e-09,1.6231210376930686e-10,2.1391298275740133e-06,5.2662212182127666e-15,3.7857167024700374e-10,3.327788799880556e-13,6.302766562002497e-10,2.5486911135761664e-12,1.72734853093915e-08,1.5517664240844185e-15,4.802880672139487e-13,8.50678400308745e-14,3.332971454539668e-15,2.161488781714762e-06,0.00011928357335976688,0.999878551808494,3.8564404439171236e-09,2.8074056742982303e-10,2.140979396677983e-06,2.3426849902288044e-10,3.6338278486164705e-10,4.256824996074404e-15,6.447873392246458e-10,3.961328469268137e-13,1.7275498747609978e-08,2.607562838739625e-12,2.693071678344661e-13,1.1645827958332195e-15,3.691933312540295e-15,3.0270126617019405e-14,2.1636378274463703e-06,2.162563304580566e-06,0.010870266879539561,0.01643803063950729,-0.007001741093086362
2.2496140569767444,0.999832275547441,0.00016598838097469013,4.056123244332788e-10,3.9152421782311353e-07,2.670947023908187e-10,1.3252043262415326e-06,5.870380744952873e-14,3.525994543541568e-10,1.7298813817254026e-13,5.950479110675044e-10,2.6338399005140043e-12,1.6688230887009654e-08,1.674245030475587e-15,4.678126778838396e-13,8.292173226241393e-14,3.3427758427662707e-15,1.7350405506271784e-06,0.0001659883799807818,0.9998322757339873,3.880625929295328e-07,3.673678283013963e-10,1.3284624705017318e-06,3.225836613232951e-10,3.381397134978625e-10,8.05568457300407e-14,6.086155074330752e-10,1.3735134787761137e-13,1.6690132209391278e-08,2.6558321122539085e-12,2.6188773918027753e-13,1.5179023537690702e-15,3.5951863605166146e-15,2.9401967714520016e-14,1.7348550724943132e-06,1.7349478115607458e-06,0.024850263081300086,0.018352774765829544,-0.02372281851645055
2.3745926156976744,0.9997669737368106,0.0002290658793072333,3.0865399280415955e-10,1.2342082587358616e-06,2.1419578345062202e-10,2.710311450810214e-06,6.512096440550932e-13,2.631635638598013e-10,3.802908463309052e-12,4.5775164873227535e-10,2.546791523188917e-12,1.3535271095480964e-08,2.2535245015718112e-15,3.850586536622499e-13,6.926113789495891e-14,3.2476321064244153e-15,3.959306206360981e-06,0.00022906587991730143,0.9997669608370965,1.2227383923257453e-06,2.528979830212846e-10,2.734727706427059e-06,2.218045752479635e-10,2.519664699802944e-10,7.618296570310331e-13,4.682870457568462e-10,3.856204735331957e-12,1.3536854472948948e-08,2.6172822749297244e-12,2.1451555484354155e-13,2.328462704768726e-15,3.3140476324997443e-15,2.4609520803019008e-14,3.972205389384014e-06,3.965755797872497e-06,0.014141528443586609,0.020359560100991544,-0.017610151044921037
2.499571174418605,0.9996783512217141,0.0003128176894398209,1.156346833380991e-10,1.8744383034458594e-06,4.043392096544912e-11,6.9401406165428446e-06,1.8566226785201545e-12,2.7240526390458983e-10,1.9268082003627345e-11,4.816882207156049e-10,3.869188525628665e-12,1.4448280729136547e-08,4.0550054102805525e-15,4.1346285896997667e-13,7.514734314745899e-14,5.358161179904757e-15,8.829962854723342e-06,0.00031281769598031896,0.9996783128067153,1.8577822496649538e-06,1.047940790822292e-10,6.995210624783756e-06,4.5201111345659454e-11,2.604580107467408e-10,2.0437376719962764e-12,4.926500992628161e-10,1.9057988009255077e-11,1.4450036666058125e-08,4.0140900233059906e-12,2.299416586177294e-13,4.1350068094638356e-15,5.445298251652487e-15,2.6866041609802294e-14,8.868371396618917e-06,8.84916712567113e-06,-0.014797022776027187,0.022455621388114026,0.009638439125572131
2.624549733139535,0.9995664825708477,0.00041938469115081575,3.93174303782249e-10,1.7332256254108737e-06,1.1145582056073273e-10,1.2372184329320468e-05,1.9999348240793923e-12,4.953249611385872e-10,3.1568883459276133e-11,8.462900741754374e-10,1.0224842326770463e-11,2.426524388145593e-08,1.1418517732455463e-14,6.865057987428945e-13,1.197634311273355e-13,1.563071715513473e-14,1.4131566070751531e-05,0.0004193847035843585,0.9995664256550619,1.7188815127960109e-06,4.936098429710117e-10,1.2443181432703306e-05,2.6091652194860816e-10,4.746666109687991e-10,2.1010037354206507e-12,8.649958732438713e-10,3.076748566536444e-11,2.4268412481766203e-08,1.0641808394221446e-11,3.835467885637965e-13,1.0290142737232184e-14,1.6470038372857266e-14,4.204674853280857e-14,1.418846950948173e-05,1.416001779011663e-05,-0.033381803315393255,0.024638073394478936,0.031883334038190665
2.7495282918604653,0.9994346850587267,0.0005497229040524969,2.1228779536898684e-09,7.13778663074325e-07,1.1547248352084349e-09,1.4829551570653593e-05,6.440855354400033e-13,9.050309703068991e-10,1.804384302430734e-11,1.5086229239572996e-09,2.8598611895259237e-11,4.174970501925641e-08,2.2668922367619615e-14,1.1628318081035143e-12,2.07530317596144e-13,3.901783516848236e-14,1.5590819914019672e-05,0.000549722908546662,0.9994346422341479,7.085825730447521e-07,2.309825705720894e-09,1.4876906400517028e-05,1.6257328673733795e-09,8.68273420376951e-10,6.237281339698158e-13,1.5432088889705104e-09,1.8173072465006373e-11,4.175516567650611e-08,2.9322804959328905e-11,6.51182997457825e-13,1.7984328208634174e-14,4.2625809593901626e-14,7.429555740176324e-14,1.5633640085814983e-05,1.5612229999917328e-05,-0.018773236884517507,0.026903914886246178,0.02322215477753368
2.8745068505813953,0.9992807347926755,0.0007075995735587706,4.985822894138823e-09,2.761115975860074e-08,3.129178026616518e-09,1.1571634707221758e-05,7.389787808282676e-14,1.1776779848094584e-09,6.541142469427953e-12,1.96892177415e-09,4.673583095510991e-11,5.380479407287008e-08,2.590190692812731e-14,1.4950052009259287e-12,2.664110075715628e-13,5.683936395385291e-14,1.1664367456761725e-05,0.0007075995550127353,0.9992807266803561,2.8127490792154485e-08,5.058130076218766e-09,1.1578458515174108e-05,3.843211584741613e-09,1.1302912165295243e-09,7.835547979465775e-14,2.0143088418186575e-09,7.153699766265692e-12,5.381114725128798e-08,4.7069332087197975e-11,8.379871271742177e-13,1.9394842333559448e-14,6.301987570032106e-14,9.512912979503047e-14,1.1672498411855168e-05,1.1668432934308446e-05,0.019206082187661334,0.02925003276004279,-0.012650979461864479
2.9994854093023258,0.9990878803168665,0.0009025439117502922,6.070489744818737e-09,1.1330061007958144e-06,4.137893897093766e-09,8.378827579005928e-06,1.1987518319200772e-12,1.0441270750970065e-09,6.8169444305489125e-12,1.7592010119034547e-09,4.3579274067000215e-11,4.9562399753306034e-08,2.7749438093603006e-14,1.3919543881753353e-12,2.4379356658329965e-13,5.2651516739293506e-14,9.574461102403201e-06,0.0009025438924998923,0.9990878642186266,1.124909216603715e-06,5.8653019687997525e-09,8.402700041929007e-06,4.6833897631240375e-09,1.0014779092015732e-09,1.442565092949573e-12,1.7990081852191702e-09,6.436542891075025e-12,4.9567891098241415e-08,4.353122254451658e-11,7.798325599680353e-13,2.447779968878013e-14,5.687463603055113e-14,8.567454699331768e-14,9.590578684647379e-06,9.58251989352529e-06,0.042941866064088,0.0316732063256835,-0.041034890514255754
3.1244639680232558,0.9988354907364735,0.00114731468530926,3.8502687949156395e-09,3.4243064670430774e-06,2.7502344564515667e-09,1.3721265843879521e-05,9.376299064611131e-12,7.599820482729859e-10,7.773303915124874e-11,1.3131760318178701e-09,3.7276239241428876e-11,3.8852385188639475e-08,3.277393696492338e-14,1.1007149051592924e-12,2.018015984470281e-13,4.586048291076139e-14,1.719322412417107e-05,0.0011473147181863606,0.998835397653535,3.3972761378489005e-06,3.5377899606641887e-09,1.3841525463474236e-05,2.87919092325634e-09,7.278282155785879e-10,1.0631754854224739e-11,1.3442851242912183e-09,7.769160956926463e-11,3.885698772356832e-08,3.7507883014814457e-11,6.130955696142559e-13,3.324942915642636e-14,4.6997168307414577e-14,7.243804123869646e-14,1.7286274280298144e-05,1.723974920223461e-05,0.023953623203961844,0.03417011173407454,-0.02943298899726642
3.249442526744186,0.9985157703767931,0.0014509203690585965,1.3680196104784226e-09,4.962316542212808e-06,3.8503884076260334e-10,2.8301822926453485e-05,2.1591740719250612e-11,7.509633972742716e-10,2.6135064268441816e-10,1.3389263872301509e-09,4.9420295010747633e-11,3.95364882951385e-08,4.916870697524289e-14,1.1304231947779476e-12,2.065139117483296e-13,6.417998285183825e-14,3.3307852718161386e-05,0.0014509204750501464,0.9985155809947581,4.920471139322535e-06,1.3738141180361768e-09,2.853287718685235e-05,4.4354405573988764e-10,7.180537803159155e-10,2.3839553186779116e-11,1.3693169923608876e-09,2.595083664855758e-10,3.954158433928093e-08,5.0054001792389435e-11,6.289762387751709e-13,5.0279263109881447e-14,6.509627105106404e-14,7.42695992700959e-14,3.349712886000345e-05,3.340249078908242e-05,-0.024037394282400572,0.03673732654415558,0.016010785660551093
3.374421085465116,0.9981361390551692,0.0018142675260500538,5.5521391077846476e-09,4.271668342095643e-06,1.566763953796286e-09,4.524740420970808e-05,1.9524358646130845e-11,1.2575390402525315e-09,3.1642758352360705e-10,2.1359838422561223e-09,1.115148875231415e-10,6.194022180343221e-08,1.1384749073243935e-13,1.764317173793082e-12,2.938891814609421e-13,1.5772476525576375e-13,4.9591974996159546e-05,0.0018142676303199306,0.9981359140372895,4.233253516911691e-06,6.262357628945857e-09,4.550906455289296e-05,2.5232344732961725e-09,1.2048768073056855e-09,2.0980122630811778e-11,2.181745228974587e-09,3.134223303468203e-10,6.194926104434849e-08,1.1340381636678623e-10,9.866325406275524e-13,1.0415914282821355e-13,1.6573356438625945e-13,1.0037905355454697e-13,4.9816888708161165e-05,4.970443185216035e-05,-0.053415452547640865,0.03937133442254424,0.051069017476655015
3.4993996441860467,0.9977113867376044,0.0022352969319367694,2.332345909280979e-08,1.557738046297796e-06,1.2448813743675986e-08,5.161473875437799e-05,5.350806709718154e-12,2.174302060457739e-09,1.3759074306158834e-10,3.622190417962197e-09,2.7280633815387116e-10,1.0037878789728145e-07,1.968996079326686e-13,2.787008726038842e-12,5.097323024086277e-13,3.5001738125683945e-13,5.331484394543392e-05,0.002235296855713296,0.9977112461250025,1.5436226879990802e-06,2.4532848554728164e-08,5.176545558401902e-05,1.5312493656450336e-08,2.0855096562168327e-09,5.427320652563976e-12,3.7057706925961734e-09,1.4092912285070082e-10,1.0039329120093676e-07,2.760499021129872e-10,1.557843978398131e-12,1.5754665117271237e-13,3.8236886918031105e-13,1.8568026972633692e-13,5.345553287556441e-05,5.338518841049916e-05,-0.029627076107004914,0.042068529969367816,0.03616219783017568
3.6243782029069767,0.9972374259670994,0.002721022803287536,4.515097634195537e-08,1.0175158498718998e-07,2.9464806631747977e-08,4.124148097292136e-05,6.190498673173638e-13,2.712446117941909e-09,4.9934798200299814e-11,4.5826040635514526e-09,4.1064834145882966e-10,1.2408808710556015e-07,2.142732916977215e-13,3.441045338073746e-12,6.215555104476126e-13,4.770594830206715e-13,4.1549697434292466e-05,0.0027210224884393515,0.9972374034943224,1.0377995730033084e-07,4.577665769628159e-08,4.125738230963856e-05,3.368365940823839e-08,2.6029206203208346e-09,7.02193108806675e-13,4.687640487405082e-09,5.394181232554224e-11,1.2410261944935111e-07,4.119200684015328e-10,1.926726180967057e-12,1.5995731276441479e-13,5.295576996651023e-13,2.2373356385388336e-13,4.157248516864908e-05,4.156109130147077e-05,0.029226304281714174,0.044825223663595454,-0.019684588491764975
3.749356761627907,0.9966713646897899,0.003293536071653125,4.5967136911543315e-08,2.7359056397780465e-06,3.485242400076833e-08,3.2162712914214094e-05,1.0850478896757407e-11,2.334328429273193e-09,7.511215264757522e-11,3.890726346480749e-09,3.640323018835491e-10,1.1154533067623635e-07,2.2797557928707797e-13,3.14651201031459e-12,5.348598308058477e-13,4.234631267427352e-13,3.509766282810041e-05,0.003293535825299966,0.9966712893486582,2.7139615395388973e-06,4.5298123007988714e-08,3.225762506499126e-05,3.813906491142018e-08,2.239622902884946e-09,1.2517583847498541e-11,3.978058526638314e-09,7.386883131214582e-11,1.1155676285397546e-07,3.631944572090463e-10,1.7652791823823213e-12,1.993766292215495e-13,4.579262217086207e-13,1.8379217780810366e-13,3.5173250423979646e-05,3.513545662604003e-05,0.06467658112029079,0.0476376469210213,-0.061866516835579526
3.874335320348837,0.9959655522280514,0.003980402014105542,2.3657228653820127e-08,7.3091662211754345e-06,2.0734684905789957e-08,4.6598645243019846e-05,7.023296850524235e-11,1.703709089516552e-09,6.649858107031151e-10,2.9314912599652324e-09,2.9261595077288186e-10,8.627092990227481e-08,2.5147096084053745e-13,2.423425310052523e-12,4.686181798538157e-13,3.459339449258854e-13,5.404414083218503e-05,0.003980402240924742,0.9959652182003012,7.241950257529234e-06,2.2581264229273356e-08,4.699966050397611e-05,2.1793161176842414e-08,1.6321617365015763e-09,7.877143329193903e-11,3.004287901565026e-09,6.653618893368616e-10,8.628117197646345e-08,2.928023059555357e-10,1.3489952686684162e-12,2.5331737834692424e-13,3.546945545425624e-13,1.7353070075140803e-13,5.437794187469247e-05,5.421104135343875e-05,0.0357315541387351,0.05050195725789742,-0.04332352344099774
3.9993138790697675,0.9951099994921169,0.004796310712887176,7.294676506471516e-09,9.753654850155736e-06,2.521875932750986e-09,8.383254487396387e-05,1.418774272060445e-10,1.633294405659759e-09,1.7840793512264378e-09,2.9680464894556053e-09,3.5486300909020366e-10,8.523409080667213e-08,3.363420448895775e-13,2.442715489844748e-12,4.4315909585054533e-13,4.3260144381260927e-13,9.368813618286619e-05,0.00479631142331216,0.9951093897756098,9.663906067750537e-06,7.646132543074377e-09,8.453048940926192e-05,2.9632568655893256e-09,1.5616947883999924e-09,1.5669450724180638e-10,3.0349733116148923e-09,1.7793909181830307e-09,8.524580980694353e-08,3.5664489055055553e-10,1.361685628868187e-12,3.442440825374239e-13,4.3796539531499085e-13,1.6010608023927046e-13,9.429714237864525e-05,9.399263928075571e-05,-0.03470437560135286,0.05341424355307207,0.02363477925596532
4.1242924377906975,0.9941323929374153,0.005735169029366335,3.679674235786242e-08,7.874169758730201e-06,1.1028324023881424e-08,0.00012437829417149903,1.143715126012159e-10,2.548874683232788e-09,1.7751699115160177e-09,4.242057215103306e-09,7.13652238546366e-10,1.2664354878004459e-07,6.723500394058577e-13,3.652909277292177e-12,5.589157732176351e-13,9.367351336788043e-13,0.00013243633249186224,0.005735169500148949,0.9941317301529587,7.80741965610049e-06,4.0101549641873086e-08,0.00012509995994252712,1.5111415667853737e-08,2.4417118690290183e-09,1.2375789474415526e-10,4.328901419839906e-09,1.770658023835165e-09,1.2666492964383944e-07,7.199247676526593e-10,2.047681480544249e-12,6.198176254187546e-13,9.831281900999493e-13,1.813716974375961e-13,0.00013309864627955527,0.00013276748938570877,-0.07658980459327326,0.056370531401356505,0.07329888893925109
4.249270996511628,0.9930736299948406,0.006785663791923991,1.3573984905287093e-07,2.793703487299867e-06,7.649305974132997e-08,0.00013748883680961805,2.8199250410362056e-11,4.257505169455737e-09,6.269936792436905e-10,7.1320984874117815e-09,1.588030996971337e-09,1.9605316812216424e-07,1.04439313282112e-12,5.39721634864958e-12,1.042144206516676e-12,1.905739726187886e-12,0.0001407044685909112,0.006785662712589444,0.993073261227756,2.77788755788394e-06,1.412959600286989e-07,0.0001378568783767335,8.850564777782497e-08,4.082069229659571e-09,2.9083729552880085e-11,7.298349696916942e-09,6.466610256537104e-10,1.9608557658410214e-07,1.5995219301609842e-09,3.0054073207605175e-12,8.367420424050081e-13,2.083766325884037e-12,3.9349615536269334e-13,0.00014107431512403183,0.00014088939185747152,-0.04219929353640558,0.05936678855072061,0.05082597876804782
4.374249555232558,0.9919278732906164,0.007959022825628331,2.3810346100855421e-07,3.3339933468195313e-07,1.676492380442753e-07,0.00011211118009988586,3.215281737413898e-12,5.130985019313383e-09,2.287085211784643e-10,8.820222397408078e-09,2.2743690441670213e-09,2.3529652470607628e-07,1.092158825299798e-12,6.501716675026419e-12,1.2006653013397314e-12,2.4737733373299883e-12,0.00011310209742690467,0.007959020066385413,0.9919278309785782,3.3585181901920426e-07,2.4187383641729165e-07,0.0001121321316686339,1.8551097469334659e-07,4.9226461430531074e-09,3.762523287897854e-12,9.01860790064569e-09,2.4668822909414766e-10,2.3532269538165955e-07,2.278490851447819e-09,3.6335054003560117e-12,8.107431056617588e-13,2.7494344267358963e-12,4.3820613842644324e-13,0.00011314716882168201,0.00011312463312429334,0.04040025130651116,0.06239893041580559,-0.027819822093802325
4.499228113953489,0.9906047252791379,0.009298624499039844,2.2459357757948362e-07,4.838883958837807e-06,1.881142830338571e-07,9.117434309289031e-05,5.899934226202613e-11,4.3173680524291984e-09,4.3639142053019713e-10,6.9931271698197506e-09,1.9617741117991677e-09,2.0868285352372535e-07,1.1597544916342547e-12,5.930704093221876e-12,9.54295246272927e-13,2.1346328119454943e-12,9.664839560534866e-05,0.009298622467343073,0.9906044907282173,4.795950109160763e-06,2.2351778327194637e-07,9.14403738940652e-05,2.0267681373596596e-07,4.144201078520499e-09,6.690871165311447e-11,7.148600640364909e-09,4.3603186651122856e-10,2.0870040158394484e-07,1.9566272921602932e-09,3.334302390264957e-12,1.0111117709272136e-12,2.3089900953992254e-12,3.1426279899578483e-13,9.688497834007406e-05,9.676668697271136e-05,0.08901184143811382,0.06546282566014015,-0.08522987206306244
4.624206672674418,0.989009890820777,0.010855178145910414,1.0628664661195099e-07,1.247946696616835e-05,1.0876818244022172e-07,0.00012205973275285911,3.37535133420014e-10,3.226334173633241e-09,3.361603837627351e-09,5.601699590778124e-09,1.5151370715647043e-09,1.608610792291897e-07,1.237307476644683e-12,4.45093341614992e-12,9.544859733600569e-13,1.6743384955254564e-12,0.00013492916625418118,0.010855179323577222,0.9890089612559123,1.2372560405884878e-05,1.031619894139155e-07,0.0001230924882779315,1.1435344228468521e-07,3.0922390138788823e-09,3.7650715204367755e-10,5.751298659791178e-09,3.3708793134519362e-09,1.6087969238523762e-07,1.5130303935422854e-09,2.47409866275547e-12,1.243231767555279e-12,1.715165192278984e-12,3.7490786476990067e-13,0.00013585755356983642,0.00013539335991200882,0.048957591417881696,0.0685543018393553,-0.058574971588035284
4.749185231395349,0.987135411353248,0.012648232397757454,2.974623623030825e-08,1.648360315449703e-05,1.4379142014071229e-08,0.00019965213108191814,6.268833971961687e-10,3.0125858059520283e-09,7.767451290261483e-09,5.620905843288634e-09,1.7255048116767894e-09,1.5571962245125585e-07,1.5355311797283254e-12,4.501109282171002e-12,7.946144758072587e-13,1.9316836313927884e-12,0.00021635434133119774,0.01264823607945091,0.9871338546953263,1.6349740503298917e-05,3.144456048316737e-08,0.0002013352974050026,1.6276250096594923e-08,2.880484513525589e-09,6.916737803421402e-10,5.746162089993606e-09,7.762434631180505e-09,1.5574272830821458e-07,1.7291438359536626e-09,2.5194902960349965e-12,1.5733285287664961e-12,1.951435728830999e-12,2.900904620768335e-13,0.00021790731768038548,0.00021713082950579161,-0.046240544043176866,0.07166915109761283,0.032194720796924536
4.874163790116279,0.9850513272916153,0.014654652104471306,1.6559610613419263e-07,1.3226848381459055e-05,4.516723238463206e-08,0.0002803378974566713,4.707888238386317e-10,4.403496397566703e-09,6.655820508372028e-09,7.042336677986614e-09,3.1859132827895036e-09,2.2137521349256606e-07,2.746931988209958e-12,6.51646377110139e-12,8.730985148024211e-13,3.820218083952451e-12,0.0002940186567025446,0.014654653266483022,0.9850497766105719,1.3125924616876326e-05,1.781844621825868e-07,0.0002819622966454324,5.857878926345947e-08,4.217399094205467e-09,5.102835662226273e-10,7.178273824702687e-09,6.650462111441463e-09,2.214207833266912e-07,3.2036563531246278e-09,3.668450470292482e-12,2.547592274768262e-12,4.00645766444121e-12,2.631770149399669e-13,0.0002955681758577086,0.0002947934162801266,-0.10179330118999386,0.07480313590939214,0.09751707684869824
4.99914234883721,0.9828465983446906,0.016844175438894028,5.798946222589194e-07,4.74550040589891e-06,3.1911101644419264e-07,0.0003032217384853349,1.0912008645890837e-10,7.204871084570256e-09,1.9332833834616176e-09,1.231859417800134e-08,6.585945884057989e-09,3.2981129857309964e-07,3.92948290129815e-12,8.941373449243427e-12,1.8848034419637353e-12,7.31939424877054e-12,0.0003092242297181806,0.016844167381299523,0.9828458302244135,4.717795724830795e-06,6.010861739228307e-07,0.0003039635668495632,3.5982362796564777e-07,6.903642222951055e-09,1.1321428228017522e-10,1.2607481421144036e-08,1.998443733900458e-09,3.2987546406471337e-07,6.6202310989435315e-09,4.944976148812536e-12,3.1493318596775904e-12,8.013941841500216e-12,7.519696727934322e-13,0.0003100004077133259,0.00030961231871575324,-0.05592965524997754,0.0779519948587224,0.06647346601016156
5.124120907558139,0.9805129042836936,0.019232839624788563,9.596822546770223e-07,6.726517293543468e-07,6.915230276849636e-07,0.00025151079233991436,1.1694830370645134e-11,8.385140671827513e-09,6.8212783634835e-10,1.467270204267941e-08,9.076318479581919e-09,3.86561754614217e-07,3.990740019988735e-12,1.0599006729731024e-11,2.0401268740234962e-12,9.216076377798915e-12,0.0002542540649360557,0.01923282371174395,0.9805128431005483,6.770979416814706e-07,9.74911943251764e-07,0.0002515058342618244,7.53831487955554e-07,8.041594067780213e-09,1.3974295424996045e-11,1.4988093698454516e-08,7.372211152064042e-10,3.8659790832199954e-07,9.086957747120053e-09,5.8989637322923514e-12,2.9445805564634543e-12,1.025980110555335e-11,7.64375258837021e-13,0.0002543311612516798,0.00025429261309386776,0.05215074334390406,0.0811114484478985,-0.03671153488601962
5.24909946627907,0.9778847216100625,0.021895513503922978,8.482155228494732e-07,7.733984057656312e-06,7.713479423519371e-07,0.00021004199821220943,2.2581069643317219e-10,6.917688207776773e-09,1.6201165023908505e-09,1.0668950755881225e-08,7.704766579723625e-09,3.4011302520127473e-07,4.2603378843450604e-12,9.745169744076195e-12,1.4636743592056856e-12,7.843634408689266e-12,0.000219762819405827,0.02189550248782072,0.977884157229988,7.669389967117775e-06,8.466281231529129e-07,0.00021063033331186377,8.245975919142534e-07,6.6454234953080854e-09,2.5419260345363455e-10,1.0907214933730627e-08,1.627484454395196e-09,3.4013035091709016e-07,7.683905666125868e-09,5.4918302275417396e-12,3.7091244653992745e-12,8.488988497503229e-12,4.541428396537163e-13,0.00022033821571020484,0.00022005051755801593,0.11478048323626108,0.08427720492768366,-0.11001369605070811
5.374078025,0.9747994280506876,0.02491444183805841,3.645084677205882e-07,1.9288549682606723e-05,4.5295375398586223e-07,0.00026572541462869994,1.194380001591574e-09,5.388582095009985e-09,1.1765399042420599e-08,9.640766358860111e-09,5.824596976572125e-09,2.6274532593783104e-07,4.4906676577181765e-12,7.124807360806873e-12,1.761538159388555e-12,5.992963893535095e-12,0.00028612800495340246,0.02491444545286536,0.9747973792536734,1.9113769805838867e-05,3.557883436566306e-07,0.00026793059365164547,4.7620422140561957e-07,5.168513534687795e-09,1.328516040011786e-09,9.922956269795334e-09,1.1809994048005072e-08,2.6277405324373257e-07,5.811890804739627e-09,3.957959997515495e-12,4.508491394757793e-12,6.1335336298305806e-12,7.444745328953706e-13,0.0002881731872909471,0.00028715059612217475,0.06303550865947796,0.08744496614097454,-0.07442316711877132
5.499056583720931,0.9712596751087732,0.02831048878996113,9.535766865478012e-08,2.464415930362142e-05,7.190243235038961e-08,0.00040472454586658373,2.097025592581283e-09,4.910008071634902e-09,2.47357449633064e-08,9.411322528911216e-09,6.335022796809811e-09,2.5048104991769037e-07,5.293088800027073e-12,7.382274456778621e-12,1.2440569847949933e-12,6.5031713166543975e-12,0.00042983395586767284,0.02831050122675349,0.9712564335712334,2.4424613320978736e-05,1.0180713591816031e-07,0.0004081587022454371,7.970599240984392e-08,4.694099905350229e-09,2.3109127682132836e-09,9.620099301206467e-09,2.472443149107604e-08,2.505217617749215e-07,6.3401175329306395e-09,4.168282196482447e-12,5.4290460071818126e-12,6.55578445057384e-12,4.742624979079365e-13,0.00043306305674489266,0.0004314485063062828,-0.05805612908109438,0.09061043337189212,0.041319939037191104
5.62403514244186,0.9674057254280108,0.03202961365836394,5.775312866945962e-07,1.913023577672465e-05,1.3652763947813917e-07,0.0005444235950404857,1.4993304852092221e-09,6.708184223325195e-09,1.9101842620313108e-08,1.017941515506563e-08,1.0885404560731286e-08,3.4243359157573754e-07,8.633956268124965e-12,1.0390696082903791e-11,1.149082517278776e-12,1.196144698638649e-11,0.0005646587296471853,0.03202961297655676,0.9674026611224983,1.898035131589988e-05,6.166535142782523e-07,0.0005475603492934875,1.7541186382021955e-07,6.422641661561051e-09,1.6238988035918604e-09,1.0359867763030563e-08,1.906584231902551e-08,3.425227645974612e-07,1.0929300765333519e-08,5.88897456220652e-12,8.048565712450664e-12,1.2534639631224372e-11,3.221535234093147e-13,0.0005677237170977292,0.0005661912233724572,-0.12781722729199121,0.09376931319225705,0.12257026902130842
5.749013701162791,0.9633996651337059,0.036010375939714186,1.8672508896118836e-06,6.895214878877317e-06,1.026208743184272e-06,0.0005796188514837639,3.3326659772888276e-10,1.0853334433430353e-08,4.7162358294932725e-09,1.9139580837280785e-08,2.1110540187914552e-08,4.929759823112187e-07,1.148898570544939e-11,1.3016350463143332e-11,3.1463047652439927e-12,2.1795844937972198e-11,0.0005899567043831202,0.03601033765731966,0.9633982554672206,6.872155584433986e-06,1.930658880749107e-06,0.0005809066198989483,1.1456971137623279e-06,1.0389879562523044e-08,3.4582039337742764e-10,1.958313113558827e-08,4.869079027014149e-09,4.930919070577632e-07,2.120053704043397e-08,7.110892743308774e-12,9.204714909947901e-12,2.3892714905281407e-11,1.3566237252684684e-12,0.0005914046533970566,0.0005906806788900884,-0.07019294288524149,0.09691732329741765,0.08232571427954301
5.873992259883721,0.9592312959454801,0.04027357007172868,2.8945714743777156e-06,1.404443473191545e-06,2.2411127114183395e-06,0.000487961983594908,3.259923541914668e-11,1.2161752671556007e-08,1.5715171723596015e-09,2.162475124571657e-08,2.8263872466550786e-08,5.659005859607733e-07,1.1350485379373464e-11,1.525983739495611e-11,3.1879483172869134e-12,2.677137569212276e-11,0.0004951317229022947,0.040273502922442334,0.9592312398241231,1.4106699997050516e-06,2.9404790683352204e-06,0.00048784581022112125,2.42830586826331e-06,1.1655967559565124e-08,3.978388093621208e-11,2.2056980413477168e-08,1.7025815253258742e-09,5.659356992663759e-07,2.828966663472546e-08,8.422484563869069e-12,8.318646766159346e-12,2.984605876996465e-11,1.2564231627431855e-12,0.0004952549936803186,0.0004951933582913067,0.06388267985487003,0.10005019832341516,-0.045967819320518036
5.9989708186046515,0.9546335490301471,0.04493517122854632,2.4212156401241833e-06,1.0694545066825902e-05,2.523952877690668e-06,0.00041508941164572347,6.704901514702675e-10,9.835984266048553e-09,4.417007863468912e-09,1.4213370508217039e-08,2.3846907238018388e-08,4.952837036762554e-07,1.2205514498398757e-11,1.432536546802958e-11,1.976374368479275e-12,2.255363244553076e-11,0.0004312774437549545,0.044935124118198,0.9546324625571849,1.057815572246962e-05,2.4197868204346865e-06,0.00041617443279702636,2.690352723657943e-06,9.461202085529361e-09,7.524351345532212e-10,1.4537401943645363e-08,4.442094037552243e-09,4.952814122135387e-07,2.378089216914766e-08,8.097846206613465e-12,1.0619797706359485e-11,2.4416665800180127e-11,5.656836495352871e-13,0.000432411027201166,0.00043184423547806025,0.1407467932435431,0.10316369563750528,-0.1350364796853965
6.123949377325582,0.9493537896027899,0.050115069406197615,9.695214783151125e-07,2.553450788629072e-05,1.5363987580650377e-06,0.0005026373250844476,3.33437321210261e-09,8.137656030282445e-09,3.180589378054951e-08,1.520076421779796e-08,1.7807068321308628e-08,3.845740257222707e-07,1.2837574714750605e-11,1.0201184412892009e-11,2.9687449414768034e-12,1.6886730447974083e-11,0.0005311386558826372,0.050115076460096414,0.94934991200617,2.528311007485327e-05,9.470250512538187e-07,0.0005067015163752801,1.6160040404923592e-06,7.813589724889459e-09,3.7014562063173733e-09,1.5697816511393723e-08,3.192426832024224e-08,3.8460928268023357e-07,1.775960557732813e-08,5.6791458797528705e-12,1.2889871339346827e-11,1.7258319882036564e-11,1.3506679609003058e-12,0.000535009198738905,0.0005330739273107711,0.07731850253184498,0.10625360109409168,-0.09008386859723674
6.2489279360465115,0.9434146854464462,0.05582884737374367,2.147609676603913e-07,3.231781855586447e-05,3.0174150291605655e-07,0.0007231596543945214,5.60945731221517e-09,7.231372329179743e-09,6.288122735338884e-08,1.4373262003841819e-08,1.8644800027536712e-08,3.620466925326857e-07,1.454280536686567e-11,1.1031602731960268e-11,1.7796928726128023e-12,1.7410931385386083e-11,0.0007564648069975534,0.0558288846718843,0.943408740402767,3.205217786626497e-05,2.3140809147381802e-07,0.0007292887226078782,3.288643173359942e-07,6.912554462898418e-09,6.1708883620546125e-09,1.470004014142418e-08,6.279750983164345e-08,3.621119101192814e-07,1.864736426452527e-08,6.319252042123904e-12,1.4934298769170152e-11,1.7504886181846537e-11,7.637018051692899e-13,0.0007623725526722736,0.0007594186798349135,-0.06955796525431135,0.10931573474818349,0.05060189917384323
6.373906494767442,0.9370573202201921,0.06197582313652491,1.5049782332887852e-06,2.5354496685510058e-05,3.1367164374436425e-07,0.0009391027211109927,3.876726929609387e-09,9.182130090538913e-09,4.4697162104766466e-08,1.3010142125778934e-08,3.010430840781499e-08,4.77425990407647e-07,2.1867095122797823e-11,1.511027265611555e-11,1.311620132978048e-12,3.0064720782872814e-11,0.0009668542324873106,0.06197581231038726,0.93705193172973,2.5204282837005865e-05,1.6071275546897265e-06,0.000944448619624962,4.1495822056234015e-07,8.786762294140233e-09,4.190048901196289e-09,1.3207355434571707e-08,4.4520728286680675e-08,4.775902406073537e-07,3.020485792168642e-08,8.647479302711939e-12,2.048379872779279e-11,3.147342962649155e-11,3.8648920519197435e-13,0.0009722535492218625,0.0009695538908545866,-0.1534137476897648,0.11234595651854888,0.14726296633535402
6.498885053488372,0.93054357519491,0.06845056713949761,4.812233641604546e-06,9.85614772319064e-06,2.645238686505247e-06,0.0009877683034780068,8.420174344878856e-10,1.4788227661253363e-08,9.399045821330389e-09,2.7093074534770238e-08,5.524176609684131e-08,6.658278188731225e-07,2.7242701272676537e-11,1.6909659533079812e-11,4.9230424420639236e-12,5.2523830807350926e-11,0.001005855217078963,0.06845043007776436,0.9305412739049844,9.848127570583667e-06,4.976382805571491e-06,0.0009897360023452526,2.959088617378369e-06,1.4135800554157234e-08,8.712734859079429e-10,2.7698512266946793e-08,9.692821142167143e-09,6.660244054192003e-07,5.545386046887145e-08,9.06196954853842e-12,2.1814696258468845e-11,5.76502672611385e-11,2.3339301011855255e-12,0.0010082935688729862,0.0010070743929759746,-0.08432849378296758,0.11534017179281318,0.09760268016287037
6.623863612209303,0.9238630574147649,0.07527768932272463,7.313808935839058e-06,2.3523556551730843e-06,5.993058558242094e-06,0.0008427220739969201,7.109791082775682e-11,1.5848107299622475e-08,2.9640795576297355e-09,2.874932247082699e-08,7.22379795686156e-08,7.494953633101002e-07,2.6218539849381857e-11,1.9605649153877372e-11,4.70422380418167e-12,6.335237729775664e-11,0.0008592507769770819,0.07527746377184988,0.923863060731153,2.3536665929287987e-06,7.4303260703245396e-06,0.0008423255182812703,6.493865525645572e-06,1.5175033723690358e-08,8.907341973299648e-11,2.9257644712071954e-08,3.218481249497109e-09,7.495012606144786e-07,7.22911578349401e-08,1.0658981726280445e-11,1.9058213952962894e-11,7.075352646523416e-11,2.007898919403999e-12,0.000859473011600345,0.0008593618942887135,0.0750120112175674,0.11829433696683368,-0.05516838757827997
6.748842170930232,0.9166253717252063,0.08262099938612372,5.992646370696629e-06,1.305144485722689e-05,6.9746561037263104e-06,0.0007268531265588763,1.6106846834264921e-09,1.2565971271289261e-08,9.799992897001736e-09,1.656801732885363e-08,6.08335127380477e-08,6.530109834753405e-07,2.851433875033503e-11,1.898089919930483e-11,2.4461017664429443e-12,5.314053334652699e-11,0.0007536263661347931,0.08262084352278178,0.9166235120908748,1.28993516588946e-05,5.986396442381619e-06,0.00072856976158092,7.431928124489438e-06,1.2110858633154821e-08,1.8062325193314372e-09,1.6965836268720602e-08,9.843639196880048e-09,6.52947342569027e-07,6.065845860578775e-08,1.0759875867365745e-11,2.479135965919398e-11,5.757516943895529e-11,6.458302239150037e-13,0.0007556418639467135,0.0007546341150407533,0.16566583443310973,0.12120446491077799,-0.15910312141446842
6.873820729651163,0.9084729582436502,0.09063953018194262,2.3108053702340087e-06,3.095387449126669e-05,4.502802651422471e-06,0.0008490744672460185,7.670229179916398e-09,1.1238356249616151e-08,7.036598444494886e-08,2.22736410059281e-08,4.515770804553362e-08,5.102708872811874e-07,3.023302298834169e-11,1.3272659334092356e-11,4.556787565416284e-12,3.923946658770441e-11,0.0008875090138670854,0.09063954037245911,0.9084664626804122,3.064225045233946e-05,2.2518104595179637e-06,0.0008556970590959923,4.734827487746226e-06,1.0809291960266824e-08,8.50300195709552e-09,2.3104788089835844e-08,7.061645739599668e-08,5.103012930384769e-07,4.5024305674994694e-08,7.450989098313078e-12,3.0379822892016874e-11,4.0054868319555567e-11,2.208546881394061e-12,0.0008939943867279398,0.0008907517002975126,0.09114000287276951,0.12406663035444068,-0.10479062105219854
6.998799288372093,0.8994602040418742,0.0993341104425193,4.629793141272333e-07,3.9123169332050976e-05,1.1125279675616818e-06,0.001164288101779581,1.2536080415237308e-08,9.7747743799702e-09,1.3234519940553404e-07,2.0387004411208076e-08,4.583783458891703e-08,4.7516872099093045e-07,3.329370172498783e-11,1.5305671965218043e-11,2.3840176968571883e-12,3.877403363045552e-11,0.0012056829177649376,0.0993342021588739,0.899450545709893,3.879832296803879e-05,5.003107584800081e-07,0.0011740576174893752,1.1960175533978515e-06,9.343321413926876e-09,1.376694777776961e-08,2.088687975769692e-08,1.3208779158365713e-07,4.752675855482639e-07,4.5828892490271145e-08,8.971761220528275e-12,3.424619564134119e-11,3.8871529109731694e-11,1.252677322263792e-12,0.0012152495335300269,0.0012104662256474824,-0.08017812813335522,0.12687697518444666,0.05961364153595327
7.123777847093024,0.8899544021755436,0.10854300295287335,3.459348286352886e-06,3.073624446087452e-05,6.256698596319039e-07,0.0014669728474626723,8.483717170447271e-09,1.1439208719610493e-08,8.756352049305053e-08,1.4908494386060374e-08,6.999238395336538e-08,6.056083678482692e-07,4.66030861803728e-11,2.0323961947666028e-11,1.381177660053515e-12,6.339514863380861e-11,0.0015025922374654768,0.10854294932313595,0.8899459492283608,3.056916914858749e-05,3.6926842663059095e-06,0.0014751651518184912,8.733957676394207e-07,1.0933251689092203e-08,9.14539482528763e-09,1.5065121342560984e-08,8.705729688229972e-08,6.05888663787473e-07,7.020122390921537e-08,1.1802656165506106e-11,4.388324727999071e-11,6.627934050909503e-11,6.049647129828068e-13,0.0015110988145236686,0.0015068455259945727,-0.17735580637030524,0.12963171364611784,0.17041485956091276
7.248756405813953,0.8803345453857966,0.11810687982092033,1.0673064175072135e-05,1.263088743922257e-05,5.807029468929839e-06,0.001528449045988626,1.8285222342055074e-09,1.8281467291666994e-08,1.5556618220665975e-08,3.498105116338935e-08,1.2198688506287578e-07,8.192739790340218e-07,5.461565812766676e-11,1.9687855526543245e-11,7.31519470835632e-12,1.0677584575776776e-10,0.0015585721239894117,0.11810648248694525,0.8803311220587726,1.2654004214214282e-05,1.1031305034670862e-05,0.0015311365584464419,6.557674107158412e-06,1.7440099979270243e-08,1.8830552418703834e-09,3.570284268387029e-08,1.602867659346327e-08,8.195844491156876e-07,1.22429023451112e-07,1.0239665587487686e-11,4.373702324171692e-11,1.1733368679229186e-10,3.8676049782835846e-12,0.0015623927851275317,0.0015604824545584718,-0.09767191240139245,0.13232713744291466,0.11156067053017045
7.373734964534884,0.8705922373836535,0.12805287600847995,1.5602257761939787e-05,3.7255476491338855e-06,1.382999928936729e-05,0.0013206074543270013,1.2699726827563762e-10,1.862115827952049e-08,4.443629440034721e-09,3.43837655304275e-08,1.5631860881595406e-07,9.04541964569829e-07,5.119470128842578e-11,2.2318921266006752e-11,6.806217455013814e-12,1.2698758131364255e-10,0.0013548839024587677,0.12805225362668218,0.8705923544712092,3.7333688256697214e-06,1.5840036936945e-05,0.00131966786400137,1.5029104115703453e-05,1.7806853187379197e-08,1.6422060354542772e-10,3.48909392723062e-08,4.86564410688145e-09,9.044794812250571e-07,1.564218153089935e-07,1.1797785293381104e-11,3.687859855207338e-11,1.4207976212005272e-10,3.249173190634118e-12,0.0013553891968387114,0.0013551365496487396,0.08499369186737407,0.13495962072651083,-0.06388483468126731
7.498713523255814,0.8602092355386477,0.1385938904974556,1.2310227624304499e-05,1.4684003762107256e-05,1.6766235400203953e-05,0.0011521414187305066,3.2665688363113403e-09,1.4502229197156325e-08,1.7892112069474822e-08,1.706393582956653e-08,1.3199805078176235e-07,7.844240927177519e-07,5.6387388841531e-11,2.27335633672355e-11,2.9017216955153616e-12,1.0629659660079803e-10,0.0011968712208258248,0.13859345518641053,0.8602064626485516,1.4453628188095946e-05,1.2282158624713957e-05,0.0011544994232645647,1.787502448343585e-05,1.401859908700701e-08,3.666458389940943e-09,1.751374788042603e-08,1.7963442026905564e-08,7.842386397374874e-07,1.3160872131647283e-07,1.2939495714739288e-11,4.897741685573712e-11,1.1527436596368477e-10,7.479842327817263e-13,0.0012000794221085113,0.001198475321467168,0.18834319670195004,0.1375256249707145,-0.1810623325501076
7.623692081976745,0.8487214713888875,0.14992313247955077,4.488889812853528e-06,3.330427535891548e-05,1.1539874832577749e-05,0.0013051550194666942,1.5026926282135556e-08,1.428609809090907e-08,1.3063124635673215e-07,3.0372099393834365e-08,9.788101135949615e-08,6.169342228380363e-07,6.059060105122688e-11,1.601133950598452e-11,6.173872111516566e-12,7.761987665404739e-11,0.0013553933514710518,0.14992312237877164,0.8487117644822123,3.288890919734962e-05,4.356108194317126e-06,0.0013148317600836688,1.212564724455832e-05,1.3776411895587476e-08,1.66409167153781e-08,3.169916415848287e-08,1.311630124053949e-07,6.169344378573461e-07,9.756802741077496e-08,9.183945890048228e-12,6.094621678290915e-11,7.913053028875261e-11,3.1168276381568436e-12,0.0013651103590678572,0.0013602518552694545,0.10384590302061766,0.14002170372261435,-0.1178313395716932
7.748670640697674,0.8362210176378317,0.1620165682864562,7.292372512177683e-07,4.1855274927187554e-05,3.512623249189668e-06,0.0017153481314187526,2.4012585207187023e-08,1.225596200167956e-08,2.3713178819840376e-07,2.7142106437692546e-08,9.664695980783447e-08,5.686406129523695e-07,6.52650026692947e-11,1.988662383078159e-11,3.064930942514867e-12,7.391224695915237e-11,0.001762411258989757,0.16201676579141036,0.8362067988316805,4.1509740784649536e-05,7.97027435129896e-07,0.001729420509662335,3.7372762027477692e-06,1.1712978840952455e-08,2.6320177847113075e-08,2.790537194201591e-08,2.365300813259076e-07,5.687769216831586e-07,9.66055294973346e-08,1.20431485885872e-11,6.725397965529877e-11,7.383516373657495e-11,2.053995338951424e-12,0.001776432560332286,0.0017694219096610216,-0.08940086855527923,0.1424445072245026,0.06793062368843157
7.873649199418605,0.8232108840581547,0.17464323156181946,6.436155546337143e-06,3.3650168417266805e-05,1.2577716069267527e-06,0.0021035032043985476,1.6041065518094246e-08,1.3030278406178706e-08,1.48157645169106e-07,1.550128048859717e-08,1.4009839593188076e-07,7.011695950655362e-07,8.542105256996411e-11,2.5382451912391367e-11,1.5881778296488483e-12,1.1466053394565695e-10,0.0021458815252818745,0.17464308292583275,0.8231987159952842,3.3569041137925785e-05,6.890224830309746e-06,0.0021148896865201016,1.8148753666366274e-06,1.2428985024346002e-08,1.7237969127405467e-08,1.552906290030196e-08,1.468784036564531e-07,7.016116442553542e-07,1.4049351176941237e-07,1.503940148531005e-11,8.086329004553233e-11,1.1966218456896972e-10,1.2884516582170954e-12,0.002158198224285034,0.0021520398747834546,-0.1984960081167735,0.14479078690031025,0.1909175703977581
7.998627758139535,0.810191480822571,0.1875861346147482,1.9747846871249196e-05,1.5519966146280578e-05,1.1165512725943939e-05,0.002174707409368397,3.4784071753719845e-09,2.0477140545642035e-08,2.2291369832155647e-08,4.066192864658759e-08,2.3271703022518856e-07,9.209986339020461e-07,9.424230134072333e-11,2.05570811744621e-11,1.0372196489155687e-11,1.8650693266499021e-10,0.0022223816713007097,0.18758518020153983,0.8101867456822651,1.563495374575604e-05,2.0432213758525976e-05,0.002177970256616802,1.2791181211785312e-05,1.9480653044922958e-08,3.560204786739185e-09,4.141888791960848e-08,2.2843489773684892e-08,9.21468214883663e-07,2.3355111781301282e-07,1.0242177340725901e-11,7.548800937448243e-11,2.0517702944987393e-10,6.153169463478724e-12,0.002228071224961477,0.0022252264481310933,-0.10958742810813635,0.1470573997004806,0.12352762261715783
8.123606316860466,0.7971612851554973,0.20087298057601283,2.856063146456351e-05,5.5253355227455704e-06,2.812456495513952e-05,0.0019021673309631293,1.8664892114353935e-10,1.97007742335064e-08,5.521644920442916e-09,3.712475094630499e-08,2.930771998233289e-07,9.975304402054975e-07,8.585882881451839e-11,2.2301829241974265e-11,9.685533109361839e-12,2.1926386779832797e-10,0.0019657313414746876,0.200871510874513,0.7971615911975143,5.525745517160961e-06,2.899752592816482e-05,0.0019003119696283152,3.070614255522357e-05,1.8802331516138522e-08,2.513635462659617e-10,3.751126349183332e-08,6.103737751724311e-09,9.973604719211598e-07,2.932648159410418e-07,1.1242648804231824e-11,6.11809181057784e-11,2.45826568896845e-10,5.2390908910042385e-12,0.001966895001102259,0.0019663131712884733,0.09334727476873858,0.14924131229940724,-0.0717018040732705
8.248584875581395,0.7834886234316356,0.2147610338720913,2.2423193178958824e-05,1.4490149664443755e-05,3.578731766692724e-05,0.00167646583660117,5.7020941770542635e-09,1.51268588062506e-08,2.7767230794211176e-08,1.5510883852740353e-08,2.488023668082179e-07,8.600195720474524e-07,9.595118380033239e-11,2.452833891545341e-11,3.517337431626205e-12,1.8353166811009773e-10,0.0017503397336465143,0.21475999825523764,0.7834848693454808,1.418428588583457e-05,2.234314689596574e-05,0.0016792382268178384,3.819082809089127e-05,1.468884834830573e-08,6.412168912450844e-09,1.5997310667682367e-08,2.787819695031042e-08,8.596320897028504e-07,2.480428803167361e-07,1.4069944702943984e-11,8.320951091283761e-11,1.9929739050488794e-10,1.0395187108208412e-12,0.0017551294368017929,0.0017527345852241536,0.20769229960033642,0.15133960513977,-0.19986202876164003
8.373563434302326,0.7686159775140284,0.22946806348749857,8.11034207338536e-06,3.188044891154276e-05,2.641702078707859e-05,0.0018483941042820242,2.5503366499092602e-08,1.6710452770407522e-08,2.0862377588226e-07,3.825731039451962e-08,1.8481990684367503e-07,6.79904908110757e-07,1.0511081790914369e-10,1.808597890010799e-11,7.406450512849829e-12,1.3301313152457462e-10,0.0019159559993909103,0.22946799272734547,0.7686027243332013,3.1425866745240086e-05,7.831765266638184e-06,0.001861137733805844,2.7726063049721353e-05,1.6174134892015737e-08,2.821997435379767e-08,4.028066516924517e-08,2.095601685478444e-07,6.798333013541836e-07,1.8418748023696859e-07,1.0805573571275173e-11,1.05863114338313e-10,1.3542607659361156e-10,3.831419007515283e-12,0.0019292799405181808,0.0019226179699545457,0.11482664929537888,0.15334947631831775,-0.12858186543325703
8.498541993023256,0.7526735578741963,0.24493715121244333,1.087212300560164e-06,4.074374963233284e-05,9.731012611533598e-06,0.0023364695471967895,4.011519469936683e-08,1.4344485416340412e-08,3.6902610439574196e-07,3.4185328375770394e-08,1.780424381603923e-07,6.203915428465365e-07,1.1146391586780777e-10,2.436506200137322e-11,3.887683864859968e-12,1.2266968977227319e-10,0.002389287889221462,0.24493754299338416,0.7526544192825957,4.0444479591884985e-05,1.1882385962263009e-06,0.0023548762966944434,1.026634099427898e-05,1.3709100322365848e-08,4.388757501938517e-08,3.530494675313666e-08,3.6767636989738305e-07,6.205691276239781e-07,1.7794116320606586e-07,1.5405160876725958e-11,1.1512758573760574e-10,1.2203977782259784e-10,3.2958974915687414e-12,0.0024080347000280783,0.00239866129462477,-0.0967865655240014,0.1552682453078705,0.07515194702899643
8.623520551744186,0.7362886493985481,0.26086885825826167,1.070076971205261e-05,3.405566743172094e-05,2.9732832847594014e-06,0.0027934972796298534,2.6690837669101863e-08,1.3683820608950929e-08,2.200153265687613e-07,1.4930731615910138e-08,2.458518580621868e-07,7.407631896054162e-07,1.3708086832880752e-10,2.973078927059667e-11,2.315052894415915e-12,1.8096513536286815e-10,0.002842489285914362,0.2608685162247511,0.7362726159333953,3.4082359436772694e-05,1.1496921900068037e-05,0.002807893774670896,4.12980588544753e-06,1.3007404422277518e-08,2.8586321503550852e-08,1.476713812591942e-08,2.1728499192696533e-07,7.41405324255375e-07,2.465316600024497e-07,1.8144606404052902e-11,1.3054024731457833e-10,1.8846595849196733e-10,2.840608419862635e-12,0.0028588647847248416,0.0028506770353196017,-0.21582165175758333,0.15709335651054193,0.20778802389665094
8.748499110465117,0.7200656195360775,0.27699367141378556,3.2877899759321875e-05,1.7658359156742246e-05,1.963261020708394e-05,0.0028691047629679878,5.9101731776961214e-09,2.0630806048029272e-08,2.8102439311225643e-08,4.191989842768085e-08,3.899371131027524e-07,9.453620751586871e-07,1.4254881085738195e-10,1.9336281902173834e-11,1.4064185460569399e-11,2.8486275629794043e-10,0.002940705955408396,0.276991678582713,0.7200595651636585,1.7873102961863485e-05,3.404062491005388e-05,0.002872564195608153,2.284082056908069e-05,1.9548230950052775e-08,6.008160661708016e-09,4.2558155428573164e-08,2.849410574852789e-08,9.460193136031712e-07,3.913404583014732e-07,9.147424356055726e-12,1.1430944562132157e-10,3.137503579883438e-10,9.366206902295728e-12,0.0029487531590472803,0.002944729557227838,-0.11949932111069148,0.1588223826374211,0.13293453903063002
8.873477669186046,0.7040120675778168,0.2933396661940823,4.683776905334364e-05,7.450871918256951e-06,5.181344922898614e-05,0.002540613150146484,2.278471424207655e-10,1.8585923183275752e-08,5.5418951874355945e-09,3.564356288612581e-08,4.832022361837667e-07,1.004164930131559e-06,1.259579627755593e-10,1.885876938074616e-11,1.3756677505943012e-11,3.3200801881920587e-10,0.002648263097323214,0.29333665208732423,0.7040125722612453,7.467289505188017e-06,4.752204712278784e-05,0.0025373986176218553,5.683673643518844e-05,1.7690900851446926e-08,3.233838074305888e-10,3.575914248971312e-08,6.1974530487242076e-09,1.0038653843661152e-06,4.835149743856151e-07,8.717193733607896e-12,8.864373522727897e-11,3.7309568974147206e-10,8.420185589804074e-12,0.0026507725208007728,0.0026495178090619933,0.09967894355056794,0.16045302791019542,-0.07823800908303792
8.998456227906978,0.6874198208119628,0.31019879064733963,3.610443924164556e-05,1.3292029651107293e-05,6.915995126523255e-05,0.0022614831959261034,8.73063265094742e-09,1.4186544477837626e-08,3.7405487771635656e-08,1.2449826361437791e-08,4.133362023843115e-07,8.592001768764566e-07,1.4304580598005025e-10,2.3634158846610907e-11,4.821042216415901e-12,2.7849569088301505e-10,0.0023813853749513093,0.310196639906819,0.6874152069148667,1.2910062057045104e-05,3.5900683538579544e-05,0.0022641525513864245,7.384141178274492e-05,1.3873827000105234e-08,9.848460501428037e-09,1.3021418834425112e-08,3.752069461237645e-08,8.585526375117532e-07,4.120444002601178e-07,1.3854213513341352e-11,1.2376025343581541e-10,3.0291912346812613e-10,1.980032537753562e-12,0.0023881500127171363,0.002384767693834223,0.2227864930088799,0.16198313108044524,-0.214600037761719
9.123434786627907,0.6696695109036974,0.32780023324865126,1.264967391698765e-05,2.7050403692093375e-05,5.460780908189784e-05,0.0024345630570362085,3.812062385460287e-08,1.8011727610116123e-08,2.9090667116152214e-07,4.4362840591394467e-08,3.084601179511993e-07,6.81450525663033e-07,1.60569404570102e-10,1.961155335413914e-11,7.829383130944397e-12,2.0103010104470994e-10,0.0025302526452744612,0.32779997205044986,0.6696530485869246,2.6523468276453797e-05,1.2142927786576744e-05,0.0024496982208757267,5.722341260111141e-05,1.752042425249821e-08,4.215953996835333e-08,4.718967282538848e-08,2.922733666449471e-07,6.812618471861786e-07,3.0734293244834946e-07,1.2569390863872474e-11,1.6194284481296655e-10,2.0441603388100684e-10,4.147183038310673e-12,0.0025469761603986473,0.0025386144028365543,0.12354761354434539,0.1634106682625964,-0.13653491078847657
9.248413345348837,0.6509195888671302,0.3460518143842298,1.3279544353646795e-06,3.4864152373936775e-05,2.3711124576033334e-05,0.0029671624567494353,5.926974797483637e-08,1.579964855097565e-08,5.055252307639914e-07,4.106154530256028e-08,2.90467023517453e-07,6.153156516967028e-07,1.684687292967231e-10,2.8399341170704783e-11,4.862109673053782e-12,1.803301871595353e-10,0.003028593509042944,0.34605247481518453,0.650896013056498,3.461375873245681e-05,1.4632767316660616e-06,0.002989043857178969,2.4856350985325463e-05,1.510009131194201e-08,6.471475460617934e-08,4.263314315119752e-08,5.030336694598732e-07,6.155233314390975e-07,2.902632474051714e-07,1.8955810925705297e-11,1.7447386691573623e-10,1.7857812911048136e-10,4.9976359425787094e-12,0.003051508888871234,0.003040051198957089,-0.1019915842596054,0.16473375557677708,0.08092090661552244
9.373391904069768,0.6318825831015155,0.3645992754240108,1.5533671256378676e-05,3.082142693706747e-05,7.884089160975004e-06,0.0034624461408004313,3.955840109981723e-08,1.3290366064578705e-08,2.9131380539816977e-07,1.3780481455988851e-08,3.828488277016895e-07,7.115936338676567e-07,1.95164235644363e-10,3.27404879935457e-11,4.170018276723859e-12,2.526602455155085e-10,0.0035181381984054276,0.3645986201045406,0.6318631002112246,3.1029092903337466e-05,1.6756255261753927e-05,0.0034789488304336493,1.0090746329495883e-05,1.2567127817507058e-08,4.2214731832939565e-08,1.3412925888572024e-08,2.864781982047891e-07,7.124334404633626e-07,3.839009259392697e-07,2.083347645680644e-11,1.8701211545047488e-10,2.6247104643749523e-10,5.721872929995131e-12,0.003538276408316895,0.003528207303361161,-0.22850327070214718,0.1659506515980911,0.22021587743261803
9.498370462790698,0.6132281606381306,0.3831355448619445,4.750742315105633e-05,1.8758786365108157e-05,3.2819949862073625e-05,0.00353564411899266,9.05961809073513e-09,1.8469213774613582e-08,3.249221910302512e-08,3.7001999613934595e-08,5.805184773950937e-07,8.827555670034287e-07,1.9112280840580938e-10,1.640151230922171e-11,1.8575067598474654e-11,3.847158834681679e-10,0.0036362911862811505,0.383131913741225,0.61322092918959,1.9148030075155813e-05,4.9247141832941596e-05,0.003538613033312912,3.858245566218149e-05,1.739952699224175e-08,9.147232813247874e-09,3.7326135674564935e-08,3.235633250995711e-08,8.836144625627452e-07,5.826521687117133e-07,7.454791103519488e-12,1.5349609923418751e-10,4.241989128609088e-10,1.3801037156605155e-11,0.003647153755693295,0.0036417224709872228,-0.12692086202751757,0.167059759609089,0.13934160523526684
9.623349021511627,0.5949749553968744,0.40168866004556497,6.697423543532016e-05,9.611102710014642e-06,8.79780217389907e-05,0.003170138397608815,2.315533980782371e-10,1.5399827879973562e-08,4.364985093711963e-09,3.020636858886896e-08,7.086384994302246e-07,9.199691579075055e-07,1.63255724136739e-10,1.2796518167925393e-11,1.9270985588727957e-11,4.4530462064456706e-10,0.0033363812085132867,0.40168317717937146,0.5949756712127436,9.65194562000456e-06,6.79451909407279e-05,0.0031650288640326586,9.684297433103753e-05,1.4604258673952363e-08,3.523525864405871e-10,3.000638742925197e-08,4.980608519962479e-09,9.195716184494448e-07,7.091357252304959e-07,5.068436343459698e-12,1.1321297759381538e-10,5.016498510956964e-10,1.3183799999020713e-11,0.003341148258990383,0.0033387647337518346,0.10369897193372483,0.16805962965249385,-0.0831660476366766
9.748327580232559,0.5763906686346137,0.42057225071745563,5.148444585748181e-05,1.116064292887797e-05,0.00012234331890868038,0.002850619984563206,1.1877897339294921e-08,1.1915294541592242e-08,4.425027458777901e-08,8.768964870492454e-09,6.118645688344375e-07,7.796031425260589e-07,1.8870834529178497e-10,2.0508056377470005e-11,7.466808216416267e-12,3.7509628484247366e-10,0.0030370772641804406,0.4205682574743689,0.5763855308308007,1.0699297994584655e-05,5.1108599715624586e-05,0.0028523187711179307,0.00013061340024285,1.1780616739676137e-08,1.3451649927621957e-08,9.456150316608763e-09,4.4380140097432164e-08,7.786760081197347e-07,6.099090146191149e-07,1.2813996833299119e-11,1.62746961917528e-10,4.087591766815785e-10,4.264369715537653e-12,0.003046208311235315,0.003041642787707878,0.23290345305898558,0.16894896038151633,-0.22456767472280936
9.873306138953488,0.5568356939618967,0.4400175676995171,1.8074887111521008e-05,1.9572105643562903e-05,0.0001027930091615855,0.0030047429183633237,5.066547688738199e-08,1.7895394950431284e-08,3.578815920711901e-07,4.742401700304739e-08,4.595728933485381e-07,6.180405279332099e-07,2.1806990817334224e-10,2.0760337934164995e-11,7.79895584636813e-12,2.7064731711043653e-10,0.0031467349174587062,0.44001691195176296,0.5568169235194127,1.9032543250221246e-05,1.7250864937925436e-05,0.0030207708047441917,0.00010754660362238115,1.7515282570147153e-08,5.600956856227767e-08,5.103749890351798e-08,3.597161398620017e-07,6.176896774227815e-07,4.578087971051332e-07,1.4696075984572023e-11,2.20282753484923e-10,2.7484852908318124e-10,4.5067538498352216e-12,0.003166161107853258,0.0031564480126559822,0.12957623513771002,0.16972660070537515,-0.14132304831904716
9.99828469767442,0.5364787326658327,0.4599039342749883,1.4097006561705372e-06,2.5902960703293092e-05,5.140280115688527e-05,0.00353688082297695,7.817190953786412e-08,1.637775447562045e-08,6.157046225054089e-07,4.731718201675433e-08,4.2370657491068757e-07,5.515368170017836e-07,2.2723414123586722e-10,3.146874483250914e-11,6.268442041768217e-12,2.365280370457615e-10,0.0036173296018531123,0.45990495914079926,0.5364519981213851,2.5787718024271864e-05,1.541604554082568e-06,0.003560327243011359,5.364500672205952e-05,1.565796320051522e-08,8.518111970082659e-08,4.944125280419927e-08,6.118137033895814e-07,5.51755690371497e-07,4.233598556990816e-07,2.2380736152829948e-11,2.360552561730426e-10,2.330202189051765e-10,7.293495461354967e-12,0.003643039280646646,0.0036301844412498794,-0.10478314378811662,0.17039155122792451,0.08494381367702816
10.123263256395349,0.5160594247046599,0.4798441309453087,1.9859186829632207e-05,2.529467452057902e-05,2.0331617218527823e-05,0.00402937716991025,5.269510204149223e-08,1.208079024455138e-08,3.477711071755807e-07,1.2828895977466032e-08,5.341145286502945e-07,6.181116613575247e-07,2.4856160764541943e-10,3.414194017272262e-11,7.522080621605215e-12,3.1443709948344205e-10,0.004096440855227164,0.47984302767076903,0.5160376269755667,2.571264324784741e-05,2.1559207478038132e-05,0.004046263650143127,2.4231032725476872e-05,1.1340066326963812e-08,5.603163605365614e-08,1.2315656940698409e-08,3.4032703179727215e-07,6.191118569459895e-07,5.356006461748888e-07,2.3003716369293377e-11,2.397640314415266e-10,3.256914940979219e-10,1.0067667587688523e-11,0.004119341859015638,0.004107891357121401,-0.23593434991769655,0.17094296547757729,0.22760271383438674
10.248241815116279,0.4962582161942294,0.49951336138585023,6.21375446220513e-05,1.8676610068256172e-05,5.399801788783187e-05,0.004091994405191723,1.259135064637239e-08,1.449677294555563e-08,3.5948901385227816e-08,2.7381434727661942e-08,7.750078999051737e-07,7.461550497830336e-07,2.291243873064737e-10,1.3141503273254528e-11,2.3768061498325636e-11,4.634456124243408e-10,0.00422841888865882,0.4995074099370138,0.4962502750672427,1.9218512375386634e-05,6.452001438793294e-05,0.004093458656307914,6.350012437228866e-05,1.3534947535539497e-08,1.2629814911259669e-08,2.7308913295463156e-08,3.484257649682904e-08,7.471818091107779e-07,7.77937331251286e-07,6.333381803448788e-12,1.8445534523979022e-10,5.116031659477757e-10,1.940853841862634e-11,0.004242311464636554,0.004235365176647687,-0.13147931128717294,0.17138015092700207,0.14245779045174217
10.37322037383721,0.4771016054153107,0.5189418897526332,8.765032552161318e-05,1.1455828498093418e-05,0.0001401912645690916,0.0037154721460671805,1.900756377388309e-10,1.0893709274710327e-08,2.4756271604440262e-09,2.1950519217805762e-08,9.322805706623307e-07,7.631565922377712e-07,1.8855935223871877e-10,6.0743107234185375e-12,2.6300622829788735e-11,5.338110584906032e-10,0.0039565012664955134,0.5189329302354272,0.4771025293245723,1.1534331967235647e-05,8.888841416547155e-05,0.003707875825214729,0.00015450686408124511,1.0274705661342884e-08,3.1817118251299345e-10,2.146572001207566e-08,2.9230982873918073e-09,7.627129564183607e-07,9.329912929481883e-07,1.8804557210865752e-12,1.2856601429217706e-10,6.030180809451331e-10,1.9757669609445505e-11,0.003964536874595411,0.003960519070545463,0.10523383971411222,0.17170256980136592,-0.08622998519608724
10.49819893255814,0.4578899980231661,0.538454674257236,6.721931028754617e-05,9.026411214550092e-06,0.00020047611074901388,0.0033770740547052693,1.4490753001327027e-08,8.878283887171833e-09,4.667332394244173e-08,5.508284017024657e-09,8.134615910247496e-07,6.385146424790491e-07,2.2220811397824847e-10,1.6354804238899973e-11,1.248664590106984e-11,4.525461977763915e-10,0.0036553241174304926,0.5384480245328387,0.45788479780240293,8.546711100247299e-06,6.657860856865712e-05,0.0033766743676548186,0.00021384684553747477,8.933442643449399e-09,1.649106464897324e-08,6.3557123902851336e-09,4.68680379360865e-08,6.37365888410958e-07,8.108097282439195e-07,1.1923413751275116e-11,1.909043063464043e-10,4.942460870874591e-10,8.936685890007812e-12,0.0036671740627459647,0.0036612490900882286,0.23755974242589237,0.171909839674185,-0.22928407692963673
10.62317749127907,0.4380101564748988,0.5582795189748776,2.341292063522528e-05,1.17443254673596e-05,0.00017770394650889565,0.003495823176794514,6.046077615880318e-08,1.644901403280102e-08,3.917919092617204e-07,4.759781460409508e-08,6.160693964759199e-07,5.035489814768623e-07,2.6550880645259714e-10,2.1964240266652184e-11,8.61405140652337e-12,3.2713883906418175e-10,0.0037103209105239414,0.5582781154768957,0.4379905773969768,1.1228409669338124e-05,2.220434096240196e-05,0.0035105821836814047,0.0001856424046321903,1.6216559676010627e-08,6.682902122604753e-08,5.185542126588403e-08,3.9400595477756646e-07,5.030369117958795e-07,6.135796051177725e-07,1.7546427697997873e-11,2.686897178218688e-10,3.318025764571825e-10,6.125220963474403e-12,0.003731303486583137,0.0037208121985535395,0.13260455670974475,0.17200173385014214,-0.14273470511322248
10.74815605,0.41761923453246064,0.5782794687759646,1.3961198823414292e-06,1.6068661447025017e-05,0.00010012660616554801,0.003981866964752359,9.281312859500029e-08,1.6092195114545343e-08,6.727576421324886e-07,5.208813616653353e-08,5.569489021098021e-07,4.433659927914287e-07,2.758083923260446e-10,3.353849247583841e-11,8.64514910675953e-12,2.7910598993120226e-10,0.004101293015342208,0.5782807727273299,0.41759146651645385,1.6070030866045387e-05,1.51372883322538e-06,0.004004144670230243,0.00010418954426906122,1.5389492815402157e-08,1.0093326808227914e-07,5.473989541231023e-08,6.674444275129989e-07,4.435698024717425e-07,5.564319610775e-07,2.564342171111478e-11,2.874903192083472e-10,2.734064468928202e-10,1.0552403058784349e-11,0.004127757080138537,0.004114525047740373,-0.10504855669337207,0.17197818153452388,0.08700610455565143
10.87313460872093,0.39741677070767084,0.5980618768629404,2.3437663111506588e-05,1.863760132767448e-05,4.7267190618949614e-05,0.004430385150575165,6.350567070943802e-08,1.043653892639559e-08,3.7894370869642137e-07,1.3354283371302229e-08,6.725025156416347e-07,4.81681773777496e-07,2.856129511191096e-10,3.412578856202222e-11,1.2718903434086823e-11,3.5211780628798573e-10,0.004521348714699867,0.598060118298567,0.3973944176407255,1.9231768300542648e-05,2.5579610744657166e-05,0.004445327519524554,5.370489776117058e-05,9.709133095921486e-09,6.727897841733502e-08,1.285250152868547e-08,3.6887751442086556e-07,4.827428721916799e-07,6.744071543645333e-07,2.4786222045073213e-11,2.774311984180625e-10,3.6350656640993454e-10,1.596520755821389e-11,0.004545460346174138,0.004533404530437003,-0.2377603141436176,0.17183926778922567,0.22959109970585384
10.998113167441861,0.3780351188563895,0.6173076695216009,7.330826077763837e-05,1.7499951632587706e-05,8.887016363454935e-05,0.0044759465959335765,1.5938121385503775e-08,9.761775270648101e-09,3.982806209215162e-08,1.5782806897823922e-08,9.344893582319392e-07,5.663085680867679e-07,2.47603039465745e-10,1.0851231608863323e-11,3.0041211770950543e-11,5.019907095767371e-10,0.004657207871156508,0.6172988297821037,0.37802715640515266,1.81885701813035e-05,7.622307619316493e-05,0.004474654365466722,0.00010336004272448751,8.980001974182643e-09,1.588610383914151e-08,1.5367011183722093e-08,3.743702021743363e-08,5.674146204188995e-07,9.381347737558545e-07,6.784771977781351e-12,1.9994527408781591e-10,5.548026323797914e-10,2.6416740668650078e-11,0.004674010062046486,0.004665608966601497,-0.1329356982213929,0.17158523327556807,0.14215306133197075
11.12309172616279,0.3595030122841657,0.6360513039415926,0.00010229833268042324,1.2727185641800872e-05,0.00021245600744786887,0.004116501007090609,1.240522552045172e-10,6.219564060690092e-09,7.97278086367263e-10,1.271401242580173e-08,1.107867294027676e-06,5.689256693848975e-07,1.9552102784458433e-10,1.3478552625074797e-12,3.484649621270743e-11,5.760254165434301e-10,0.004445679988471739,0.636038002816898,0.35950418385265787,1.2870299910645035e-05,0.00010370865511132537,0.00410577234786999,0.0002337609585690166,5.816495730558439e-09,2.343432572443803e-10,1.2078904220824988e-08,1.0161005321953009e-09,5.68524139349086e-07,1.1088006343886025e-06,1.1386427962085765e-12,1.3072416387749418e-10,6.526004813447065e-10,2.828756545505578e-11,0.00445780954482931,0.004451744766650525,0.10423250805272227,0.1712164737844621,-0.08725977132677551
11.24807028488372,0.3412022888785028,0.654618747512094,7.80256282456584e-05,7.420872994376032e-06,0.0003070041185402086,0.0037849919815139813,1.6022091561415944e-08,5.9105824148919245e-09,4.470210003180431e-08,3.765237657336398e-09,9.775946931737011e-07,4.6842966690366967e-07,2.3527131704640515e-10,1.340840539441167e-11,2.0316554898532445e-11,4.92505083849096e-10,0.004178959787167328,0.6546085983637021,0.34119762202970233,6.967427787234341e-06,7.712007023608812e-05,0.0037812048229886007,0.0003269668472083231,6.114377100646468e-09,1.834109002133507e-08,4.806168590963441e-09,4.5041834845392463e-08,4.6719202587599266e-07,9.743511104292594e-07,1.2734725819157723e-11,2.011940236055256e-10,5.391279138216405e-10,1.663449207146489e-11,0.004193775784518265,0.004186367785842797,0.2365338784165012,0.1707335395547551,-0.22851963134547917
11.373048843604652,0.3225862868417917,0.6732356382546733,2.717132298703716e-05,5.454522377011136e-06,0.0002841741784719256,0.0038596479231567645,6.527983036197489e-08,1.4169974651323802e-08,3.8522490107399785e-07,4.5298588654596434e-08,7.475890884556939e-07,3.6484961925212564e-07,2.9192300340972357e-10,2.3541110896296685e-11,1.1734768146588146e-11,3.576735681363212e-10,0.004178071043867638,0.6732329649734748,0.32256767300148326,5.006822602019251e-06,2.5605204746543216e-05,0.003870594918920125,0.0002965181658666044,1.4066953298019752e-08,7.216108318299239e-08,4.9838194184658604e-08,3.876753176001649e-07,3.642124171486175e-07,7.444096665972092e-07,2.120887970444598e-11,2.9600461976287623e-10,3.6228609257507043e-10,1.0265308932382405e-11,0.0041993581655322045,0.004188714604699922,0.13246598547781938,0.1701371343808804,-0.14072246990261814
11.498027402325581,0.30378184082990684,0.6917674638633984,1.1226146157262855e-06,7.835191679762246e-06,0.0001770213870279119,0.004262897168527113,9.987277050218571e-08,1.495996545920498e-08,6.651759175089066e-07,5.4896366188596976e-08,6.63716305997028e-07,3.157791026099002e-07,3.032972199234167e-10,3.430952231686556e-11,1.2473589685284154e-11,2.9836883458442317e-10,0.004450691410727945,0.6917688101725264,0.30375547374141737,7.96288720436065e-06,1.1781240715485514e-06,0.004280810658072793,0.0001839414717669625,1.4311172447211671e-08,1.08388750708011e-07,5.7927790031297014e-08,6.588049599971022e-07,3.159377482403005e-07,6.630275854912553e-07,2.833730053743256e-11,3.172925148947337e-10,2.904774930381739e-10,1.5018506640422666e-11,0.004475712190248393,0.004463201800488169,-0.1027984888977029,0.169428114511225,0.0869848654948988
11.623005961046513,0.28539016647849025,0.7098403910221567,2.4414850100952086e-05,1.2480906369881583e-05,9.746490075742938e-05,0.004633501034546877,6.966532316770071e-08,8.742379033171603e-09,3.803246774908343e-07,1.5809409673627973e-08,7.688218745984431e-07,3.3280426798432485e-07,2.980577238072465e-10,3.281752918035512e-11,1.9287263867168813e-11,3.5714519223830165e-10,0.004769438567014796,0.7098377470908399,0.2853692641841354,1.3197373778698975e-05,2.685991721168989e-05,0.004643834807457748,0.00010752174920015708,8.064402846828486e-09,7.353624328336954e-08,1.555779591357402e-08,3.6820161230073153e-07,3.3381430784029914e-07,7.710631112582116e-07,2.606352857997497e-11,2.915896724002705e-10,3.673371071595884e-10,2.2735938408275087e-11,0.004792984792847984,0.0047812116799313895,-0.23389539933853593,0.1686074873389162,0.22608209557258852
11.747984519767442,0.2679458129677957,0.7271570701206492,7.814555077462036e-05,1.546410418529495e-05,0.00014534703467550288,0.0046566748313603,1.8407019599488167e-08,5.56564969414175e-09,4.458037276506801e-08,6.323971838822805e-09,1.023737182748977e-06,3.820344340629692e-07,2.428694511235167e-10,1.0540786135924706e-11,3.6712414326184916e-11,4.923519723982084e-10,0.004897112952101051,0.7271449444439483,0.2679386761030013,1.622022266141935e-05,8.143678403574462e-05,0.00465121614230128,0.00016602074445019614,4.9871029652204856e-09,1.8239812402292835e-08,5.774361915820291e-09,4.0831767942044474e-08,3.831068158565151e-07,1.0278754992420338e-06,9.319271165985916e-12,1.9686110501999489e-10,5.447848397474987e-10,3.398503836897975e-11,0.004916375493759218,0.004906744222930135,-0.1311983387729974,0.16767640988701615,0.13846270473677133
11.872963078488372,0.25147188626950956,0.7437577383212106,0.00010948794043992815,1.3192692490488475e-05,0.0003089478152540516,0.004337160977621531,6.417833965383003e-11,2.5279787791265553e-09,5.0820252530392146e-11,5.248065110119418e-09,1.1958516661427255e-06,3.774645807810298e-07,1.8329436421348165e-10,6.488038863511864e-13,4.368647463570048e-11,5.634592275265269e-10,0.004770371424184274,0.743739554256791,0.2514733902958905,1.3382934206809843e-05,0.00011098622324115028,0.004322610244025141,0.00033848996738950924,2.3251705329719138e-09,1.3365492147077962e-10,4.664334137934136e-09,5.765072327788669e-11,3.771601706922338e-07,1.1969507128818512e-06,3.9898964996393894e-12,1.1985410603015255e-10,6.402903248415446e-10,3.7694386398057677e-11,0.004787051462385214,0.004778711443284744,0.10076665020574428,0.16663618709039296,-0.08618169498766533
11.997941637209303,0.2354631668418253,0.7599657186440876,8.386425777600327e-05,6.72639774878133e-06,0.00044267326080273394,0.004036410737035747,1.617492571571403e-08,3.679623343861417e-09,3.978047047207721e-08,3.729757921677017e-09,1.06758917680217e-06,3.041301564093574e-07,2.2551460579381367e-10,1.3019109595554048e-11,3.036659687730646e-11,4.868032756701326e-10,0.004571110493177519,0.7599514684833684,0.2354595536240839,6.358668192705748e-06,8.270171129449754e-05,0.004027970556919849,0.0004705073184910082,3.9542744701877085e-09,1.8643023530250755e-08,4.938019195099378e-09,4.0382375694994697e-08,3.029594663759162e-07,1.063970989981367e-06,1.5832302295001764e-11,1.9189580578290415e-10,5.341536508364498e-10,2.6870116131848485e-11,0.004588973871799184,0.004580042182488352,0.22987680611568964,0.16548826987681792,-0.22230735194680104
12.122920195930233,0.21946763418472912,0.7760090859462515,2.9344376882826616e-05,1.787455111564416e-06,0.0004232574640041845,0.0040673684817166,6.423879353311616e-08,1.1594143939532097e-08,3.427114717058354e-07,4.202932350337825e-08,8.253701495843899e-07,2.314003815382019e-07,2.915320878685843e-10,2.535578734548848e-11,1.8128628924441655e-11,3.555160021602409e-10,0.004523275812511485,0.7760045320365824,0.2194516247407525,1.4585819970587865e-06,2.7472656104768277e-05,0.004072048246172534,0.0004413322808940417,1.157020530132117e-08,7.103701039988372e-08,4.6435118767844356e-08,3.452484298555367e-07,2.3072704350084682e-07,8.216845546118212e-07,2.5280338710653634e-11,2.9631353872623025e-10,3.596238664995571e-10,1.7574243069824074e-11,0.004543839166322825,0.004533557489417155,0.12914537980152632,0.16423425305011363,-0.1354034022542265
12.247898754651164,0.20357095310804596,0.79176911170364,9.321328403006655e-07,2.6019879544950352e-06,0.00028682712833323995,0.0043678873094887515,9.801081010766844e-08,1.3193104930540272e-08,5.990267212710499e-07,5.5177217401253746e-08,7.206423439078802e-07,1.9584333777606315e-07,3.036616258464149e-10,3.3914396298216874e-11,1.8137312255571623e-11,2.9006496423364195e-10,0.0046599310979304805,0.791769910206137,0.2035482619114698,2.823384113909949e-06,9.268430981642416e-07,0.004378414357550655,0.0002979734003344306,1.2622555345426645e-08,1.0615468415337638e-07,5.839120793515353e-08,5.92214413987249e-07,1.959476267653472e-07,7.198259160530829e-07,3.030365937671437e-11,3.188985666938569e-10,2.805650417114343e-10,2.0905884730643285e-11,0.004681823792174551,0.004670877445052516,-0.09816418516251349,0.1628758729784478,0.08485706486374156
12.372877313372094,0.18823891830592757,0.806905832651226,2.4069697349739744e-05,8.219657164622638e-06,0.00017939460678987533,0.0046421070454236235,6.982217599632945e-08,7.3081009475402915e-09,3.539894487662406e-07,1.9673227185815705e-08,8.018616088461495e-07,2.0058324360478795e-07,2.8397921397313654e-10,3.0859334312626683e-11,2.652964238917159e-11,3.300446866623249e-10,0.004855244915946086,0.8069018541803714,0.18822130515680252,8.959987961452807e-06,2.6665955131611287e-05,0.004645383691555107,0.00019437959963705312,6.708042837741032e-09,7.343726624829863e-08,1.9891525029192168e-08,3.40863809725016e-07,2.0143474895658204e-07,8.042918125153921e-07,2.7007309713038577e-11,2.798208392860504e-10,3.380979778749903e-10,2.9676096226592444e-11,0.004876836536092759,0.004866040726019422,-0.22452660313484796,0.16141500509113613,0.21724035893790686
12.497855872093023,0.1738792321157526,0.8211549922296363,7.727430930749107e-05,1.3464147175593715e-05,0.00023173551726667763,0.00464197391226922,1.9407170649788737e-08,2.7839952609447634e-09,4.919016074833058e-08,1.858046935008542e-09,1.0240473790995396e-06,2.2560614568699887e-07,2.1744323017763752e-10,1.2349928196201597e-11,4.31596398172093e-11,4.3994732454654035e-10,0.004965771491817486,0.8211394314295194,0.1738736728308927,1.4208139186656404e-05,8.066888551017272e-05,0.004631068551314567,0.0002596231001320058,2.3878860033535723e-09,1.9120549221366067e-08,1.4615376653877437e-09,4.434815058890793e-08,2.2652077290927358e-07,1.0283426324928762e-06,1.3643722785527074e-11,1.7701636125758276e-10,4.873533376135613e-10,4.127687333968546e-11,0.004986891576962578,0.004976331534390032,-0.1263293442257606,0.15985366118757713,0.13158364318765822
12.622834430813954,0.1605035546667058,0.834564628003478,0.00010715304987960467,1.2799129638115358e-05,0.00043292426201026033,0.004377536289193217,3.639883184797781e-11,4.6280202738009803e-10,3.72853059639801e-10,9.572190512941222e-10,1.178370761293137e-06,2.194852190875135e-07,1.5614786279130364e-10,4.2168997310502476e-12,5.168616014012054e-11,5.022237158725044e-10,0.004931813130249186,0.8345415477691575,0.16050544001784367,1.3036498432601155e-05,0.0001085690650225164,0.0043585345914258335,0.0004714669526166086,4.0390344491645245e-10,5.093012556628588e-11,6.396293795385281e-10,2.490165775243606e-10,2.1930046257848377e-07,1.1795333095650975e-06,1.0094538409805318e-11,9.956035418398757e-11,5.724570364706012e-10,4.67395304014509e-11,0.00495300801360069,0.0049424105719249375,0.09502493237358027,0.1581939865622003,-0.08302426645690686
12.747812989534884,0.14772951102202678,0.8474507417784231,8.136369309188946e-05,6.454759671751196e-06,0.000605234970815794,0.004125396507029889,1.500419118752611e-08,2.502878681361181e-09,3.3641237727542005e-08,5.344990450439613e-09,1.0641255096170885e-06,1.7172315947957876e-07,1.9660301451157907e-10,1.55084786854114e-11,4.097885620132143e-11,4.389064282716495e-10,0.004819742964573245,0.847432078051954,0.1477272843976906,6.226126531213762e-06,8.002683846145456e-05,0.00411125473460812,0.0006418322929431318,2.7637734437427787e-09,1.7429861616739423e-08,6.6701785405974e-09,3.4561236902687396e-08,1.707641616998621e-07,1.0604256883661737e-06,2.0908705313403274e-11,1.6642145240925615e-10,4.827593771707056e-10,3.80132461283086e-11,0.00484063331554727,0.004830188140060258,0.21790928050703892,0.1564382569495584,-0.21094164271945492
12.872791548255814,0.13521076009208063,0.8600458513755437,2.8224199348344983e-05,7.790193394146666e-07,0.0005919786999579519,0.004121060384201157,5.798505662202114e-08,9.230023275342163e-09,2.7810184914557777e-07,3.826264313473922e-08,8.322891461513692e-07,1.2545026284010864e-07,2.656915809402141e-10,2.7089682563914522e-11,2.6923057850823008e-11,3.225674677275983e-10,0.004743384264099827,0.8600386660624311,0.13519849592268196,5.997001252972831e-07,2.6229737706326214e-05,0.004117525644869066,0.0006171286988827599,9.21958642694814e-09,6.416542200381104e-08,4.2186779280807573e-08,2.8051118747200687e-07,1.2483966230930164e-07,8.283898480170873e-07,2.9081221465380535e-11,2.7078300470357974e-10,3.2585728454341626e-10,2.6990473300318113e-11,0.004762833746780943,0.004753109005440384,0.12278187633147206,0.15458887529394058,-0.12705142257888447
12.997770106976745,0.12299211079064142,0.8722565943372731,6.205853856810226e-07,8.44471901675546e-07,0.00043077209965569554,0.004317588118977481,8.818938944802613e-08,1.1038728043896005e-08,4.9481681703605e-07,5.2143882490902156e-08,7.15763125536065e-07,1.0274621880491676e-07,2.783176193402097e-10,3.235441743414403e-11,2.4944679302295016e-11,2.579467775484069e-10,0.0047512905676453865,0.8722559667396852,0.12297464915038642,1.1202142303982652e-06,5.697486561378178e-07,0.004318391604805674,0.0004478304820659522,1.0559668926121818e-08,9.532954916743609e-08,5.531226989957973e-08,4.882635909233202e-07,1.0279529744326496e-07,7.148956796395129e-07,3.117300766925238e-11,2.9342010177382103e-10,2.477742525787322e-10,2.7474414602983187e-11,0.004769379805655938,0.004760335186650662,-0.09138890156616551,0.15264836834812082,0.08070298575716607
13.122748665697674,0.11139536366112397,0.8837830978034485,2.1576427901255442e-05,5.954629756507903e-06,0.00029911578370232984,0.0044936168610572045,6.422182502958605e-08,6.170621682073807e-09,3.071858348074702e-07,2.3552149093237915e-08,7.662090238579841e-07,1.0256389639802038e-07,2.486476139114937e-10,2.8387704983580117e-11,3.300938560006921e-11,2.799764885082879e-10,0.004821534195789359,0.8837772505901312,0.11138221883902209,6.62720842219524e-06,2.4099407423306885e-05,0.004487971605395697,0.0003205638939456426,5.6726194785110596e-09,6.730903763745913e-08,2.433708797652514e-08,2.9435830055662693e-07,1.0319430400528492e-07,7.686498278911967e-07,2.7287601829170145e-11,2.4673193612279746e-10,2.8552355811160663e-10,3.546988839008349e-11,0.004840526231377372,0.0048310302135833654,-0.21010453226018883,0.15061938310608874,0.20348657796862907
13.247727224418606,0.100695950046368,0.8943953366881151,6.953887880577888e-05,1.115097693580573e-05,0.00035461593944999823,0.004472274782413598,1.8749171754959132e-08,1.6126111897861986e-09,5.176441675077717e-08,2.5495351715778814e-09,9.3914678789354e-07,1.1388625295267452e-07,1.7906281600066603e-10,1.5260184685418186e-11,4.767008804008345e-11,3.6088837996554964e-10,0.004908708889262364,0.8943764300427091,0.10069237812338344,1.1799374527594674e-05,7.276965240988578e-05,0.004454901011735641,0.0003905903737907346,1.351746040591381e-09,1.8367170459074976e-08,2.5626769494084004e-09,4.633850104606457e-08,1.1457120005567365e-07,9.432425450715317e-07,1.8388178809788968e-11,1.4647590367880606e-10,4.001727381567949e-10,4.648139336548972e-11,0.004931187457821692,0.004919948173542028,-0.11854370750349504,0.14850468307483497,0.12186301507045844
13.372705783139535,0.09089056212512463,0.9041478752976619,9.604086108913645e-05,1.1350476984288216e-05,0.0005856989770509035,0.0042672922362648365,4.791234476819304e-11,2.209221552141217e-11,1.3490089506990652e-09,3.715087001401578e-10,1.0638545154517728e-06,1.0937103310872946e-07,1.2189431778422503e-10,1.0320713275507298e-11,5.6544048196550815e-11,4.1077762120137685e-10,0.004961558166996636,0.9041203307968672,0.09089274663442207,1.160020029371479e-05,9.730282633087643e-05,0.004243284789526144,0.0006335537957789536,3.157607621471392e-11,9.432265243869505e-12,4.5625511185079854e-10,1.1845039475734686e-09,1.0928828423517521e-07,1.0649611043507145e-06,1.7391821437067303e-11,7.559466924876431e-11,4.696289595386203e-10,5.29614602282996e-11,0.004986918158662586,0.004974238162829611,0.08730172830115376,0.14630714439047954,-0.07791913131686844
13.497684341860465,0.08171166901310264,0.9133471085416616,7.288971427850902e-05,6.45329412224838e-06,0.0007893084012636295,0.00407146219161392,1.2884098612816743e-08,2.2327250611098654e-09,2.7728118854525503e-08,7.603248127020007e-09,9.713958173414903e-07,8.196660154333786e-08,1.5705281670281534e-10,1.9377393668457936e-11,4.9163708778487356e-11,3.6332440262822846e-10,0.004941218000806169,0.913324116035476,0.08171083125902702,6.359663526992536e-06,7.151123603649626e-05,0.004050881654036168,0.0008351905092068394,2.4170397697074785e-09,1.5098057430576452e-08,8.957060206684862e-09,2.892803868188074e-08,8.128696539991171e-08,9.679053444086212e-07,2.6119330224978196e-11,1.3226129949157058e-10,4.005657996071731e-10,4.697727137674083e-11,0.004965048261236094,0.004953133131021132,0.2012062916752111,0.1440297517842449,-0.19496448923402218
13.622662900581396,0.07291559695623256,0.9222298733238503,2.5295559669225356e-05,1.6397029306078442e-06,0.0007829189380456008,0.00404354905820246,4.832184500412071e-08,7.2288992708691505e-09,2.0764999745647532e-07,3.352885047159572e-08,7.690638225733817e-07,5.563248036230361e-08,2.2236371898441977e-10,2.7825479892415313e-11,3.5591479359670956e-11,2.688177530726975e-10,0.004854525239341463,0.9222194123532674,0.07290745073621001,1.5919759366101677e-06,2.3333386188788314e-05,0.004030617527906779,0.0008164612689748966,7.191469604014882e-09,5.3529603384051e-08,3.676368678333776e-08,2.0977838189367833e-07,5.516089282747761e-08,7.6528127928247e-07,3.138779446781054e-11,2.2732581915834778e-10,2.7118076007023706e-10,3.590344094525397e-11,0.004873132430118663,0.0048638288347300634,0.11366422168902288,0.14167559440397393,-0.1160822438282522
13.747641459302326,0.06451480689940829,0.9307277326312355,4.326093301016393e-07,1.3680879211665773e-06,0.0006050519933919788,0.004149402641759026,7.309778477077377e-08,8.73713870599868e-09,3.7700777313694636e-07,4.5807870637471306e-08,6.522762199531459e-07,4.318724944838835e-08,2.347004133749173e-10,2.963187059199776e-11,3.13327012834483e-11,2.1105048386645317e-10,0.0047574559531543955,0.9307246190831441,0.06450308358778792,1.6495166978315313e-06,3.5464362762486434e-07,0.004139172433452487,0.0006299137230212256,8.356716673490718e-09,7.887140447732259e-08,4.8711787429123714e-08,3.713958254417025e-07,4.319980721630609e-08,6.514472431672364e-07,3.0560988679650085e-11,2.483757231066831e-10,2.0126732268720605e-10,3.325097490796884e-11,0.0047722928130385835,0.004764874383096489,-0.08281406503232448,0.139247861497091,0.07470458298200572
13.872620018023255,0.05670183385879178,0.9385765966620393,1.8293553573445004e-05,5.2838438905238305e-06,0.0004574496486115311,0.00423948814511774,5.434291515809804e-08,5.257563359610896e-09,2.490143635904644e-07,2.5827824798488885e-08,6.724345326019041e-07,4.237555726531316e-08,2.0087937815159245e-10,2.555503822535717e-11,3.722919243089223e-11,2.1920441791412199e-10,0.004721564926818042,0.9385681718333506,0.05669340944305186,5.830488749589297e-06,2.0596169270908312e-05,0.0042239370547189755,0.0004870060806752932,4.86995283049206e-09,5.6757381360416584e-08,2.7102441852037736e-08,2.3766833376330993e-07,4.2779742912611284e-08,6.747115319560647e-07,2.6616751617969187e-11,2.0064191564330947e-10,2.224978259547301e-10,3.886203430587528e-11,0.004738414171417969,0.004729989549118005,-0.19132159546252162,0.13674983796108744,0.18547758360531091
13.997598576744187,0.04963531354712924,0.9455780529832721,5.8668709834003284e-05,9.380876066492755e-06,0.0005153464251959746,0.004202318329535614,1.6598625274957914e-08,1.628194575214172e-09,5.05413107110776e-08,6.532179564419609e-09,7.915853839690893e-07,4.7181200777277906e-08,1.3609198215562e-10,1.789711411545708e-11,4.880967294203331e-11,2.7297617088091987e-10,0.004786628883301897,0.9455560221634015,0.04963363268367054,9.891686083717281e-06,6.1529583320219e-05,0.004177908026278887,0.000560098196620879,1.449152679541942e-09,1.6163787659806482e-08,7.053012476943417e-09,4.511733326983342e-08,4.761957494469681e-08,7.951866499856713e-07,2.1989421682861085e-11,1.1186090919366386e-10,3.029899016625379e-10,4.814787518341868e-11,0.004810340566802827,0.004798484725052362,-0.10820091242216126,0.13418489976779116,0.1097796625534825
14.122577135465116,0.043298467424023844,0.9517932967932503,8.001270018423769e-05,9.716845097650803e-06,0.0007642586697211597,0.004053309494734541,8.001352848136281e-11,6.402256310685078e-10,2.360337361622753e-09,2.6548076489335983e-09,8.823811389756566e-07,4.486571114907908e-08,8.747032863085011e-11,1.625146401291151e-11,5.6861875598376446e-11,3.0918987430128535e-10,0.004908231161745427,0.9517621310517848,0.04330066203489206,9.956266164460727e-06,8.103054367188078e-05,0.0040239339623216915,0.0008213468392908785,6.527027361544203e-10,3.979465535893073e-12,3.1459921757155498e-09,2.216673166784495e-09,4.4844692987336514e-08,8.833319291385048e-07,2.3282644627192885e-11,5.2622662663748704e-11,3.545379419555609e-10,5.465187232701169e-11,0.004937202292513703,0.0049227167271295655,0.07798091656771257,0.13155650926784912,-0.07109686375457037
14.247555694186048,0.03751871908442233,0.9575146085273265,5.996664885935715e-05,6.3301250091474085e-06,0.000986650600967444,0.0039128299090717255,1.0275575619735169e-08,2.427770380411756e-09,2.242151628893802e-08,9.425357960767821e-09,8.140055504210982e-07,3.1423972933661014e-08,1.1522965041465317e-10,2.2569769366102328e-11,5.270255277485454e-11,2.7663687223828746e-10,0.004966667730790122,0.9574877329334173,0.03751890446301846,6.356989604048144e-06,5.8653508116078187e-05,0.003885477792118898,0.0010419780403314015,2.5130883189500903e-09,1.2156248037885614e-08,1.0713378435986151e-08,2.3779573057535118e-08,3.101881567712436e-08,8.109519490796537e-07,2.9466457581917954e-11,9.658519810631049e-11,3.0567963890512913e-10,5.131968001616747e-11,0.004993357946274008,0.004980012838532066,0.18056929053719314,0.12886821038200863,-0.1751397274626188
14.372534252906977,0.03214005994351892,0.9629755950774128,2.0403674279784562e-05,3.0484730887263366e-06,0.0009864446534741532,0.0038735584835259914,3.7276307194637766e-08,5.582172627348228e-09,1.4346660616398502e-07,2.7656279948268604e-08,6.520893132695168e-07,1.8485535321430827e-08,1.7122783617945526e-10,2.69753624780328e-11,4.13542362894588e-11,2.061251736105906e-10,0.004884340286265789,0.9629613113639602,0.03213559689853797,3.11509531181208e-06,1.8653506657288744e-05,0.003850909250648552,0.0010295195723472146,5.508461725770139e-09,4.135508816654767e-08,3.014228413281957e-08,1.452604783606649e-07,1.818354360652851e-08,6.487137609961678e-07,3.1411381564513196e-11,1.7566228195869805e-10,2.0761056797079095e-10,4.160557700546025e-11,0.004903087044871662,0.004893713665568726,0.10221873734249935,0.1261236236859363,-0.10303166104356253
14.497512811627907,0.02715526476912682,0.9681269731115968,2.451431246524542e-07,2.8581646682301255e-06,0.0008027748922310071,0.003910954995862011,5.592752791730415e-08,6.534672844405622e-09,2.654144776199931e-07,3.7125899529950765e-08,5.459068922238618e-07,1.2881349584802962e-08,1.82462165512502e-10,2.5928714866191312e-11,3.54058787068281e-11,1.5924252949621137e-10,0.0047177573897449095,0.9681202801437643,0.02714872040073574,3.1224774588350126e-06,1.8872239336745264e-07,0.003889481716754916,0.0008372760842826158,6.249069825042852e-09,6.024400879242116e-08,3.9588324936067605e-08,2.6116069240307123e-07,1.2876715967972216e-08,5.451970561422951e-07,2.83400185285839e-11,1.9378392037367237e-10,1.5070912941416687e-10,3.6550394581556626e-11,0.004730994726141264,0.004724376057943087,-0.07286092860309262,0.12332644139545014,0.06713873807906087
14.622491370348838,0.02265816553813719,0.9727346641096284,1.4594786821357645e-05,5.197711908642517e-06,0.0006505334682773651,0.003936023247584586,4.23947211644316e-08,4.425692485078003e-09,1.882668347424072e-07,2.5560466015079044e-08,5.426344991197118e-07,1.272084287222472e-08,1.5015394260085416e-10,2.2282673374982758e-11,3.8056229710744094e-11,1.5888050965000486e-10,0.0046071655870217046,0.9727229997443183,0.02265380401023362,5.599403967681295e-06,1.654586559243503e-05,0.003910484889642091,0.0006897489327818725,4.1421423319419415e-09,4.4126758591494434e-08,2.7099717032377143e-08,1.7909646532831738e-07,1.2937556190598509e-08,5.446108557294312e-07,2.4674611468390702e-11,1.508615291643948e-10,1.6046351565896155e-10,3.892892462934976e-11,0.004623191480407865,0.004615178533714785,-0.16907859904510533,0.12048042225917625,0.16407508197396115
14.747469929069768,0.01871857975670424,0.9766273582659246,4.5690263551655866e-05,7.392810537628055e-06,0.0007103277892838053,0.0038899452610671073,1.350440432011733e-08,2.113892481023768e-09,4.539371659094697e-08,1.109365421010774e-08,6.138370110699782e-07,1.4758975964853846e-08,9.58997848988955e-11,1.8905525744712332e-11,4.5773546931085444e-11,1.9114685672511937e-10,0.004654057177820549,0.9766025632569222,0.018718207813302124,7.754597942678654e-06,4.80272170407654e-05,0.003858382471214568,0.0007643602180230971,1.9766580554552837e-09,1.306958636059733e-08,1.2031368905267859e-08,4.044075797562486e-08,1.4991107843534674e-08,6.167565666210714e-07,2.3118629325473638e-11,7.920062739695202e-11,2.1233888932272386e-10,4.547426008051889e-11,0.004679224130399277,0.0046666406541099135,-0.09578937743455922,0.11758938636575621,0.09591950562863776
14.872448487790699,0.01530995185817038,0.9798701657763464,6.12067072087423e-05,7.3773965325036665e-06,0.000962675316006221,0.0037879203901562213,1.0770530501056807e-10,1.5507839877069764e-09,3.045139991384567e-09,6.0466129622326804e-09,6.726117858047867e-07,1.4013609054525453e-08,5.8089990608580846e-11,1.9596574160954208e-11,5.20444284540946e-11,2.1512943977599768e-10,0.004819877530401227,0.979836390924241,0.015311669150107152,7.5845763144082475e-06,6.197210720007691e-05,0.0037530014334905114,0.0010286779458613413,1.5312203643487283e-09,1.5434037030731973e-11,6.827229040303524e-09,2.9300033628839723e-09,1.401832743933639e-08,6.733478044426376e-07,2.569012340597945e-11,3.384816609569838e-11,2.473586460094538e-10,5.0959286539238465e-11,0.004851935090741246,0.004835906310571236,0.06751563849615146,0.11465720987284765,-0.06287774080067801
14.997427046511628,0.012330143913100281,0.9827351944630299,4.5261422411391367e-05,5.5152913615586875e-06,0.0011883618986539264,0.0036948450361942264,7.617347562895303e-09,2.60849223063835e-09,1.782546761458872e-08,9.939216432885255e-09,6.260020297161897e-07,8.764135936514097e-09,7.808743290128889e-11,2.3298816262427558e-11,5.033863794551515e-11,1.9473762641870123e-10,0.004934656751773111,0.982705109444399,0.012330691138604981,5.614131985159397e-06,4.4139173569932893e-05,0.0036607400558836293,0.001253026751076439,2.6096692963251917e-09,9.103627914214404e-09,1.1071359964179638e-08,1.9189609630852056e-08,8.57019037373799e-09,6.235282769446428e-07,2.9435814915957485e-11,6.516852493807654e-11,2.156040053127975e-10,4.961664777868737e-11,0.004964194545074276,0.0049494256484236936,0.15698755899692848,0.11168781966525762,-0.15241661372344767
15.122405605232558,0.009691013581667303,0.9854436056675034,1.5100629431161075e-05,3.896563230779785e-06,0.001192213960589372,0.0036535098585487153,2.667277526721354e-08,4.171905527010715e-09,9.199245980165382e-08,2.0885903909370825e-08,5.070831612529431e-07,3.6902666930467492e-09,1.218584707178509e-10,2.4147696810418602e-11,4.2021756322797295e-11,1.4625935547785261e-10,0.004865375842559759,0.9854252387702434,0.00968918340108952,4.018453223412481e-06,1.3676229512458916e-05,0.0036215502650730307,0.0012456699490013643,4.078386928554997e-09,2.964883782754117e-08,2.266453304032601e-08,9.343490490093346e-08,3.538231958597112e-09,5.043155782676267e-07,2.8701599067191853e-11,1.2546590930191776e-10,1.4704780141988708e-10,4.2074231904002456e-11,0.004885572920572731,0.004875474381566245,0.08899040942949653,0.10868518794964005,-0.08852832653472005
15.24738416395349,0.007377918838195742,0.9879571407393982,1.2884581823111486e-07,3.851489859173807e-06,0.0010140732469896576,0.0036462161897676784,3.956413630857534e-08,4.587632457433364e-09,1.7268186299689956e-07,2.7508977949199164e-08,4.1924742653389903e-07,1.8159565021268868e-09,1.3119594905209362e-10,2.135928422348163e-11,3.547495839049034e-11,1.1138272247146072e-10,0.004664935477840403,0.9879460336210276,0.007375196732719478,4.065848702202899e-06,1.0272425254557562e-07,0.00361420590706337,0.0010597232561609991,4.387442161253239e-09,4.255768648801151e-08,2.941550327066981e-08,1.6979002936644494e-07,1.8099264755672144e-09,4.187003462524101e-07,2.4466524988554387e-11,1.3975739130839583e-10,1.0460746506044724e-10,3.591411997449734e-11,0.004678764701858633,0.004671850089849518,-0.062008697834614476,0.10565332679326955,0.058365641953261535
15.372362722674419,0.005419961616404279,0.9900654848250885,1.0916619516982633e-05,4.873574778957726e-06,0.0008689232939242972,0.0036292410268563492,3.049476824684378e-08,3.5690093907165566e-09,1.3304790846887599e-07,2.2682753080958525e-08,4.01960410688857e-07,2.0419736986153055e-09,1.0402111178674008e-10,1.8435024850806196e-11,3.4957429704336585e-11,1.0700917801381599e-10,0.004514548576322907,0.9900500649410442,0.005418352011591823,5.1406657182387304e-06,1.2459987566124613e-05,0.0035943814460222033,0.0009190046002168633,3.3737003634879506e-09,3.1634928433364153e-08,2.4202812601926995e-08,1.2620665061329523e-07,2.1332468635683653e-09,4.035453725660343e-07,2.1288739928509653e-11,1.0501014350794785e-10,1.0754353350172414e-10,3.5273319209147856e-11,0.004531578065350608,0.004523063320836757,-0.14444135936084496,0.1025962826144697,0.14030449837026493
15.497341281395348,0.003829142070278623,0.9916209712590254,3.3164096184919746e-05,5.647889785277501e-06,0.0009294885564759911,0.0035810772555128242,1.0064398936612825e-08,2.453816735026628e-09,3.752983787766713e-08,1.3943035163642627e-08,4.368046209728178e-07,2.8153601441001936e-09,6.270384350308814e-11,1.763737103792152e-11,3.8853001663882526e-11,1.2418543461426096e-10,0.004549881652408492,0.9915937961727272,0.0038291826875325352,5.884046520386481e-06,3.494322409055977e-05,0.0035426538141602394,0.000993032410552728,2.338390446761753e-09,9.677091816150303e-09,1.5075989457356345e-08,3.339219046564335e-08,2.908399101231316e-09,4.389840989158721e-07,2.131189959489132e-11,5.1991225617861e-11,1.380576038168653e-10,3.877837663753514e-11,0.0045770161216232225,0.004563448887015858,-0.0819044009275514,0.09951813063233776,0.08094606479749475
15.62231984011628,0.002574731168243256,0.9926905280916201,4.3435255182835685e-05,5.441566421848889e-06,0.0011702480412372359,0.0035151237500969062,1.111318121642428e-10,2.140432186324892e-09,3.2460473095305665e-09,8.652984048152923e-09,4.699479496197835e-07,2.7386356729041078e-09,3.5764966451523166e-11,1.932386686101485e-11,4.2979190218960034e-11,1.3839859765225127e-10,0.004734735686586097,0.9926551718561287,0.002575407002757786,5.605527035138602e-06,4.3968085552354016e-05,0.0034747025075685905,0.001244651675175285,2.0865900096684687e-09,2.3948878991778604e-11,9.542793815757341e-09,3.1787122173980575e-09,2.7457232681240948e-09,4.7046828911713247e-07,2.4011281759617317e-11,2.017708835816487e-11,1.5951587544456697e-10,4.2641113852736665e-11,0.004769416087734036,0.0047520758871600665,0.05640507661113549,0.0964229692834511,-0.05365785338970912
15.74729839883721,0.0016021257262921987,0.9935192349903815,3.1444369443161894e-05,4.655114439218582e-06,0.0013836154131466618,0.0034584467755051952,5.2407302232343996e-09,2.4835865866464134e-09,1.3562622968585592e-08,8.96760166239065e-09,4.405503574522968e-07,1.4802384118232612e-09,4.887726448309028e-11,2.1001134740316118e-11,4.273139982086339e-11,1.2653291012149087e-10,0.004878634196814252,0.993486759814394,0.0016022607381735957,4.77737752951842e-06,3.0564567271485984e-05,0.0034179236250564357,0.0014572349941865239,2.4358201066227835e-09,6.329956001558341e-09,9.874965159230152e-09,1.4789887377989418e-08,1.4153864945726008e-09,4.3870178133278175e-07,2.5855063816921616e-11,4.06576392516488e-11,1.4029411053989243e-10,4.244416806641616e-11,0.004910974361091419,0.004894804278952836,0.13159058973078216,0.09331491461328148,-0.12788443654013262
15.87227695755814,0.0008701199108190299,0.994304731393301,1.011833353828351e-05,4.1418741559587215e-06,0.0013893760104204478,0.0034210574642105675,1.763926583842562e-08,2.94335453793472e-09,5.441416407257605e-08,1.4144111599708243e-08,3.6018914763702577e-07,3.3312765845281226e-10,7.992205379166433e-11,1.964024034838801e-11,3.732917719991856e-11,9.571742801038968e-11,0.004825143578105501,0.9942823168142912,0.0008695690864386634,4.276093595357249e-06,9.064054189358858e-06,0.0033807446612010707,0.0014535722591170611,2.853623542217001e-09,1.96535499199999e-08,1.530974476168148e-08,5.546792318450134e-08,2.835923499780861e-10,3.581056483010928e-07,2.367099986614904e-11,8.260030072821451e-11,9.601892304862208e-11,3.719208826548941e-11,0.00484810898166722,0.004836626279886361,0.07461793880744762,0.09019809465006735,-0.0732623917657544
15.99725551627907,0.00036509203526595316,0.995012565044796,5.966046278749825e-08,4.139541449902854e-06,0.0012275418562865664,0.003390151632266245,2.5755247597794082e-08,2.9987369815150286e-09,1.0371842031517946e-07,1.8521897538629845e-08,2.9386054970142845e-07,1.623444006347215e-11,8.680143887288057e-11,1.6318744812903605e-11,3.1283053816061475e-11,7.184706291896624e-11,0.004622337767802377,0.9949965726170695,0.00036445425219166035,4.301577864936312e-06,7.37091725971138e-08,0.0033489575218529624,0.001285189130449534,2.8691270981725536e-09,2.7672143618550545e-08,1.9851751667072153e-08,1.0193873994556037e-07,1.590394951028228e-11,2.934815031054636e-07,1.937661167728974e-11,9.268866141468487e-11,6.696200381304171e-11,3.12379538307045e-11,0.004638967978774645,0.004630652873288511,-0.050770258957002455,0.08707664376891235,0.048812784054960756
16.122234075,8.150588778756143e-05,0.9954545760513588,7.699005913641696e-06,4.2073334062304885e-06,0.0010997517225801337,0.0033518545082695805,2.01146250014706e-08,2.6734123209480563e-09,8.754704291664502e-08,1.802663022857739e-08,2.7168055417276974e-07,8.586888883341449e-11,6.635496241690906e-11,1.4152788908759077e-11,2.8644738755866014e-11,6.652851168881911e-11,0.004463912873984118,0.9954351648064035,8.109522829032325e-05,4.372378607505326e-06,8.829564995890928e-06,0.003308856285517922,0.0011612778674480633,2.5464974946756484e-09,2.0799689609698747e-08,1.9305852244643745e-08,8.28906469744816e-08,1.103855374069962e-10,2.7284979315673964e-07,1.6770070511533973e-11,6.722191298391461e-11,6.654424366605261e-11,2.863838508653814e-11,0.004483734778609011,0.004473823826296564,-0.11858942570920541,0.08395469705388092,0.11530590222122909
16.24721263372093,1.0838612697994252e-06,0.9955058480648574,2.2239215823093272e-05,3.96831779810841e-06,0.0011592234634101148,0.0033072968701819442,6.830594924456318e-09,2.355562635276055e-09,2.8089782890683144e-08,1.4035025340218338e-08,2.8338258580775057e-07,1.3558872240609441e-10,3.780926322572791e-11,1.4389916876223749e-11,2.95303720735742e-11,7.437300704284384e-11,0.004493062852456141,0.9954767184496683,6.123725784532932e-07,4.1094822443124634e-06,2.347901136182364e-05,0.0032626139984650556,0.001232127392411095,2.2583141389061906e-09,6.5236616637225276e-09,1.5123406297560093e-08,2.4979155852861045e-08,1.5541842878359726e-10,2.8487116770588426e-07,1.7162643012090892e-11,3.14470528100478e-11,8.272862891039023e-11,2.956575223502151e-11,0.004522663956510452,0.004507863404483297,-0.06722060237259986,0.08083638466585823,0.06556761448776727
16.37219119244186,9.402992023388928e-05,0.9952317099834131,2.8200561200676107e-05,3.5410676815653655e-06,0.0013751874818120806,0.0032670122623505134,9.210643140543664e-11,2.1643424598230696e-09,2.892703906436399e-09,9.278402975917511e-09,2.987339815360669e-07,1.5471524655735685e-10,2.033489851101272e-11,1.5979409946667735e-11,3.1642322853722974e-11,8.186361549913258e-11,0.004674254839117638,0.9951956632802607,9.319187176936894e-05,3.656563372043153e-06,2.8537852075141613e-05,0.0032213332535027685,0.001457297456437807,2.0942659130800933e-09,2.300614588909562e-11,1.0096115609739708e-08,2.873927837894861e-09,1.5630984113303758e-10,2.9906537491768687e-07,1.918765821018488e-11,1.1117971435765318e-11,9.45327763172043e-11,3.167932971051919e-11,0.0047111395909057606,0.004692697215011699,0.045169440398180494,0.07772582622392284,-0.043891151410394486
16.49716975116279,0.0003347289448077343,0.9948430561111878,1.9830567527828143e-05,3.291483362766331e-06,0.001563273138586463,0.003235510894724463,3.3077252685619634e-09,2.027738110706313e-09,9.541980745606369e-09,6.929410810740822e-09,2.8123085962740723e-07,3.7610877106086266e-10,2.811891230009049e-11,1.6384069368378652e-11,3.193636851009181e-11,7.552215929021976e-11,0.004822209649986364,0.994808996857685,0.0003337695579940967,3.398551974555766e-06,1.9212183722063203e-05,0.0031891405373621453,0.0016451724329622905,1.9668512999617848e-09,4.039125664913975e-09,7.574296572134723e-09,1.0505870645319805e-08,3.7044252933350503e-10,2.799690682336075e-07,1.9801286428785467e-11,2.3325880849493055e-11,8.380510300640971e-11,3.186671114860444e-11,0.004857228290474982,0.004839718970230673,0.10559377191015763,0.07462712520795499,-0.10272034476247598
16.62214830988372,0.0007108705884712812,0.9945053676251335,6.079388889248565e-06,3.3035023490799804e-06,0.001569177062731681,0.003204913626169571,1.0676378933026158e-08,1.902460683872123e-09,2.960349644970625e-08,8.438568784265035e-09,2.3137271109538803e-07,7.338357931079356e-10,4.800545061015108e-11,1.4254190984460013e-11,2.8791110857367838e-11,5.7500162179434046e-11,0.0047837564561422335,0.994479248355105,0.0007102978838645008,3.4137686782757888e-06,5.381861202855789e-06,0.003157524377538233,0.001643844421895067,1.8338175198548553e-09,1.1927403360723596e-08,9.127481940753903e-09,3.0273532034792765e-08,7.35678866544129e-10,2.2995048829900527e-07,1.7349771362048473e-11,4.9788626719315464e-11,5.753716496090115e-11,2.8556107606597135e-11,0.004810448430948125,0.004797102443545179,0.05980389343263549,0.07154436339016405,-0.057951580363626104
16.747126868604653,0.001214095164664675,0.994184260286987,3.2773523463437934e-08,3.2697504772212876e-06,0.001431883041539113,0.0031661811929155417,1.529201087269647e-08,1.7942331751836751e-09,5.7224026303068863e-08,1.1222779232337739e-08,1.8595158232532425e-07,8.092863919874461e-10,5.245487020174874e-11,1.131459655469995e-11,2.3983801150282827e-11,4.249811448686905e-11,0.004601639182625023,0.9941633978361053,0.00121387513851015,3.3777165278644448e-06,7.356568357341673e-08,0.0031174885890666534,0.001501508648658516,1.7181697580818668e-09,1.6417212300588033e-08,1.2056716206834514e-08,5.6281649080466255e-08,8.145037531068925e-10,1.8571871524443107e-07,1.3789180663863522e-11,5.609546990205451e-11,3.932592090768228e-11,2.3719065283272825e-11,0.004622721659832588,0.004612180421228806,-0.03966673648769436,0.06848159530316907,0.03895525714049357
16.872105427325582,0.0018258348152615713,0.9937154947116823,5.0254217169447354e-06,2.9322436561644494e-06,0.0013282022908701783,0.003122259549447636,1.2046577656948281e-08,1.8025082707070187e-09,5.288773916004536e-08,1.2681949330380881e-08,1.6549782772814708e-07,5.417795777819784e-10,3.863728098590348e-11,9.79378692138309e-12,2.0595541471974068e-11,3.7903573762850486e-11,0.004458665071002832,0.9936921896752455,0.0018252265371053117,3.0271697615320357e-06,5.781444730941986e-06,0.0030725662853102477,0.0014009587467686897,1.725142063155014e-09,1.2420932859415835e-08,1.3609939924223476e-08,5.005706801764077e-08,5.409882996519829e-10,1.6627592139397017e-07,1.1770073566529887e-11,3.921888558027082e-11,3.77474837484528e-11,2.0465678813074098e-11,0.004482578385766091,0.004470621728384461,-0.09275938498986626,0.0654428427522113,0.09027936614323152
16.997083986046512,0.002517649257315774,0.9929974225837754,1.3610713429312358e-05,2.4135556979379384e-06,0.0013836187717081823,0.0030850777638534847,4.166175611850648e-09,1.859431838156213e-09,1.877500601781918e-08,1.1592123670076313e-08,1.6523023142342528e-07,2.016851836867346e-10,2.0823235756662666e-11,1.0109856357648966e-11,1.9714137902703178e-11,4.071286514164836e-11,0.004484922720702758,0.9929667422800745,0.002515962262773235,2.4942516624351697e-06,1.4395995774896012e-05,0.0030349404468479352,0.0014652580311510567,1.7842855004769617e-09,3.951855041357471e-09,1.2447763242512358e-08,1.667589290750055e-08,1.949403925476257e-10,1.6614459909915385e-07,1.191499024533518e-11,1.7351647048329233e-11,4.529763591858336e-11,1.977959256979446e-11,0.004517290019116373,0.004501106369909565,-0.05246013612236607,0.062432089378999786,0.05050259437300813
17.12206254476744,0.0032645554672067834,0.9920903533763523,1.654147248807391e-05,2.072843401849077e-06,0.0015644204659330902,0.003061868736743339,6.091369803445194e-11,1.7217185475848023e-09,2.2264510480640105e-09,7.87333428823362e-09,1.7006178102962495e-07,1.3366486262103462e-10,1.0591990396054219e-11,1.1093106904815554e-11,2.0363215602884734e-11,4.406664665745829e-11,0.004645085682544787,0.9920542762941299,0.0032619722127838193,2.1482608310201646e-06,1.6736874037797146e-05,0.0030113705433641273,0.001653307477420284,1.6575596230714858e-09,1.496639714941315e-11,8.48765867396339e-09,2.229706091071741e-09,1.3076562689956235e-10,1.702529410865103e-07,1.3022204846563908e-11,5.635220809546954e-12,5.09452306310935e-11,2.0507224387817002e-11,0.004683746019360607,0.004664415850952697,0.03432441243659191,0.059453275284620175,-0.034068235798021713
17.24704110348837,0.004057006595437297,0.9911654727582835,1.1161797730109673e-05,2.1123339060086847e-06,0.0017179911378493854,0.0030460750862877375,1.8857424245579374e-09,1.3933856530048245e-09,6.105815637028019e-09,4.5600721376817436e-09,1.6013041910176413e-07,6.193289975872835e-10,1.4710049398449007e-11,1.0905466191168736e-11,2.0653357664862877e-11,4.084732774532641e-11,0.004777515137653393,0.9911305538336882,0.004054540020446729,2.19009407883848e-06,1.0778126986152561e-05,0.002994610538713548,0.0018071464118110429,1.3436177979396803e-09,2.3279325861050675e-09,4.960582155627423e-09,6.75083212293588e-09,6.296392924701532e-10,1.5936203036380539e-07,1.3016292336944992e-11,1.2185670821412949e-11,4.532908148567005e-11,2.0655713607848283e-11,0.0048149006374106585,0.0047962078875320256,0.0802399993430625,0.05651029171883901,-0.07813289549309703
17.372019662209304,0.004897843529324065,0.9903507099866856,3.1902556599224265e-06,2.3177316616801008e-06,0.001722788424690661,0.0030229854944188498,5.807094522373056e-09,1.088317652607704e-09,1.4546558604264456e-08,4.321106834366503e-09,1.3194266975480813e-07,1.2439596348820435e-09,2.597918112067357e-11,9.013592187150643e-12,1.897507098244578e-11,3.1153344574082844e-11,0.004751440941259306,0.990321484764527,0.00489627806795482,2.3943805684189066e-06,2.7857264857125073e-06,0.0029699409243261533,0.0018069510052089073,1.0459238147546462e-09,6.506062763603865e-09,4.685780789074157e-09,1.492520910012529e-08,1.2603032245824563e-09,1.3107717167527358e-07,1.1051406652884485e-11,2.7031307146294666e-11,3.1085075622303814e-11,1.8747285272377677e-11,0.004782231624955633,0.00476683628310747,0.04528135970989332,0.053606975843039084,-0.04330636195171021
17.496998220930234,0.005784603841455476,0.9896112521678031,2.9169741861574477e-08,2.278777822871208e-06,0.0016150215347728039,0.0029866601881343518,8.109570686080502e-09,9.57298839613058e-10,2.8337719732240946e-08,5.979182366558357e-09,1.0399816443423716e-07,1.2871084191877695e-09,2.834593724977724e-11,6.905652460310248e-12,1.564855570673677e-11,2.2560719049974177e-11,0.00460413841297723,0.9895859739062592,0.005783540740723076,2.3442900942389344e-06,7.855878761776783e-08,0.002932248623543248,0.001695659055901897,9.176223793595898e-10,8.702851235877587e-09,6.438276380368744e-09,2.7948055139539613e-08,1.2942825105996764e-09,1.0387099252017204e-07,8.567723900362921e-12,3.032891752054063e-11,2.0742987264364303e-11,1.537396339779316e-11,0.004630479775420759,0.004617309094198994,-0.02920214301636986,0.05074710557391021,0.02929328546580526
17.621976779651163,0.006698541356578713,0.9888108970859668,2.9515015339163507e-06,1.873454756584623e-06,0.0015383505965761441,0.0029472469718566066,6.392706920191735e-09,1.05663224986688e-09,2.861897635464077e-08,7.725744208740449e-09,8.872122534925455e-08,8.457819102215167e-10,2.0016091795989898e-11,5.891599213321108e-12,1.2647955968499095e-11,1.9293787674016045e-11,0.00449055594363968,0.9887840958652211,0.006696775415765577,1.9238037766606872e-06,3.401034991515632e-06,0.0028923828568473654,0.0016212823656921263,1.013339121076224e-09,6.574629102359375e-09,8.288674198720048e-09,2.7090263725395367e-08,8.40844460618096e-10,8.917719208157233e-08,7.127279397380414e-12,2.032525049742778e-11,1.9143980030757275e-11,1.2518695586311459e-11,0.004519123105365563,0.004504839524502622,-0.06818547806043249,0.047934394514897845,0.06642738288455297
17.746955338372093,0.007613302436209722,0.9878721184409467,7.367107516906931e-06,1.3733309813841537e-06,0.0015864961667463537,0.002919229793065546,2.2221158343658614e-09,1.1948776678534106e-09,1.0967030391902346e-08,7.862716079840873e-09,8.436241936971026e-08,4.1881384243676207e-10,1.0169006733501827e-11,5.9624016134227865e-12,1.1227206251173148e-11,1.9799331560534076e-11,0.004514573473441323,0.9878402560268453,0.0076100726628900205,1.414336878457129e-06,7.803400458612402e-06,0.002864584614812835,0.0016757566375374558,1.1451747210435188e-09,2.0931828247882088e-09,8.405309988718225e-09,9.713773595259983e-09,4.092171284782448e-10,8.485593890752267e-08,6.955763728753626e-12,8.477314047622725e-12,2.203101905685323e-11,1.1278488847503707e-11,0.004549665661027112,0.004532119567234217,-0.03835817793650792,0.045172486982285355,0.03644497019683443
17.871933897093022,0.008510793501662008,0.9868466600641979,8.49301197894701e-06,1.1143245946257442e-06,0.001726141159741558,0.0029066997056290617,3.222234310307147e-11,1.0884975770114034e-09,1.4624865290503905e-09,5.339354664899067e-09,8.428318389817329e-08,2.9881793906932956e-10,4.896617824744772e-12,6.34820028642643e-12,1.1108066798582034e-11,2.0930774164269042e-11,0.004642540749790804,0.9868109550432796,0.008506540287543152,1.1543063970310327e-06,8.589589489411578e-06,0.0028520191916468996,0.0018206429360252806,1.044206953442235e-09,6.904441592107043e-12,5.71688793387356e-09,1.4725814498316306e-09,2.9494169426270804e-10,8.438059050634474e-08,7.338954184644094e-12,2.545761397583434e-12,2.4211991198965558e-11,1.1224055822475216e-11,0.004682498984992364,0.004662519867391584,0.024356311546114864,0.04246495313264192,-0.02469288982518331
17.996912455813955,0.009389551760817013,0.9858631586960193,5.448187175105512e-06,1.1634680292593413e-06,0.0018409352773195563,0.002899649816992277,9.376695622286457e-10,7.846604919372965e-10,3.3930888021084995e-09,2.4686335206785048e-09,7.881544666317372e-08,6.305818278563582e-10,6.768111868247599e-12,6.021787779621587e-12,1.1199098062370244e-11,1.936427986181309e-11,0.004747283822950344,0.985827952487357,0.009385512972946512,1.204809935285014e-06,5.241760524485417e-06,0.002843990316426244,0.0019360044748794778,7.545077579202163e-10,1.16984299377267e-09,2.683089320722055e-09,3.755886799451121e-09,6.38826713312193e-10,7.841030840716558e-08,7.1293901645508145e-12,5.604130008125987e-12,2.1476425412432403e-11,1.1208828593492698e-11,0.004786528819646259,0.004766906321298302,0.056740011427042394,0.0398152841982248,-0.05530403419906338
18.121891014534885,0.010258485320160679,0.9850110365892222,1.4282066998799815e-06,1.2698998805335472e-06,0.0018441540097477059,0.0028835434093477043,2.734168868557149e-09,5.278167940521981e-10,6.140995587130084e-09,1.8074995610518748e-09,6.44946757537697e-08,1.0611810571688548e-09,1.2218226211002036e-11,4.781496552750836e-12,1.0340699260948632e-11,1.4689073258408035e-11,0.004730472334042941,0.984979465628062,0.010255434446773772,1.308078813993067e-06,1.2286860312147138e-06,0.0028262788147714016,0.0019362015470492304,5.068763221024645e-10,3.072293805623443e-09,1.971154115606145e-09,6.332319713258057e-09,1.0742078806418657e-09,6.404179289372617e-08,5.894909982570506e-12,1.274756679185163e-11,1.461425328197916e-11,1.0184564736464292e-11,0.004765094168751866,0.004747783251397403,0.03177867855575192,0.037226887836761556,-0.02999591953373349
18.246869573255815,0.01111957258048312,0.9842568881670406,3.282958019800414e-08,1.162707819235551e-06,0.0017672405916535905,0.0028550277671083968,3.6935648440621796e-09,4.3644687316977693e-10,1.219147744996546e-08,2.726724520839066e-09,4.945604784702189e-08,1.025430354949496e-09,1.3177918826263145e-11,3.543284610586167e-12,8.365178268936085e-12,1.0345046787615762e-11,0.00462353346128474,0.9842279944722183,0.01111698048707146,1.1928420832266301e-06,7.334386589601662e-08,0.00279659311282638,0.0018570900989851146,4.1867253607089215e-10,3.963968144144439e-09,2.9339702852162737e-09,1.2070606957130948e-08,1.0312019174165288e-09,4.9397313926620824e-08,4.447718164737094e-12,1.4093939827638333e-11,9.46050067220398e-12,8.182551041472841e-12,0.004655019249679094,0.004639276355481918,-0.019839356210846825,0.034703083601875954,0.020328041218347633
18.371848131976744,0.011959554850903966,0.9834961020448464,1.5155862708611556e-06,8.52716927520975e-07,0.0017166479018626427,0.002825259528172737,2.883309027042864e-09,5.12747903115513e-10,1.3398223419294695e-08,3.968995806705948e-09,4.011145799371505e-08,6.44020329761247e-10,8.846890034814384e-12,2.9286108222942745e-12,6.3490028164713896e-12,8.412462850328804e-12,0.004544337278525209,0.9834664281116517,0.011956212424658014,8.749413375775966e-07,1.743231329150332e-06,0.002766691302630753,0.0018079827836073828,4.916824465192615e-10,2.959416561307981e-09,4.242653387473618e-09,1.268055903220945e-08,6.414155236187025e-10,4.0336378489325646e-08,3.55045400267693e-12,8.974635648248968e-12,8.323079796492915e-12,6.267572224692687e-12,0.004577353638126045,0.004560845458325627,-0.046040384657001956,0.032247098540244254,0.044897108381540825
18.496826690697674,0.012759807920800588,0.982675022837202,3.4182702264037668e-06,5.548258608386428e-07,0.0017546492051893896,0.002806493559408639,9.90771573343987e-10,6.040074046107237e-10,5.346068142379932e-09,4.2673921865153045e-09,3.596254843072956e-08,3.3047741777393896e-10,4.206435616852054e-12,2.8214808869531988e-12,5.197832612313617e-12,8.16792196541872e-12,0.004565163382344098,0.9826422866031105,0.01275509956129615,5.730696207796705e-07,3.6211000442659223e-06,0.0027483643097298135,0.0018500021936150987,5.776419319851352e-10,9.271456619255371e-10,4.540654077404417e-09,4.7269032609933615e-09,3.2513784377217714e-10,3.618452710536145e-08,3.263275081603726e-12,3.5045122977661896e-12,9.087159948158029e-12,5.223569762870178e-12,0.004602607976098357,0.004583885679221227,-0.025627336698350666,0.029862062921385914,0.024031217286854645
18.621805249418607,0.013509609947127936,0.981834210587231,3.6520959499777286e-06,4.290704419979833e-07,0.001851759693606,0.002800293894047929,1.3074519332112712e-11,5.304340537639317e-10,7.72894453457339e-10,2.774037014534398e-09,3.447704017032237e-08,2.3197279986264156e-10,1.9133153319719515e-12,2.8638272990414192e-12,4.8712788920659275e-12,8.341866677073665e-12,0.004656173571489204,0.981799035361446,0.013504035664433495,4.4712530439411397e-07,3.6905190901967027e-06,0.002742236940919084,0.0019505094690651307,5.075388939853559e-10,2.06297211512707e-12,2.960445454566852e-09,7.888697474045256e-10,2.293662438182688e-10,3.4518632475646516e-08,3.2758886442377642e-12,9.786886710864263e-13,9.648527697448923e-12,4.9291128199889926e-12,0.00469692308012681,0.004676548325808006,0.01569917129548009,0.02755100610580175,-0.016257474370712777
18.746783808139536,0.014211200733277784,0.9810605212924901,2.1514168113387606e-06,4.6257386996053467e-07,0.001928084659772516,0.002797538142679223,3.8308917628123666e-10,3.4390718968309744e-10,1.5092366471549311e-09,1.0083869918350602e-09,3.1614478721517753e-08,3.7467991483561696e-10,2.593234662348908e-12,2.6129360971361526e-12,4.807716732497321e-12,7.605718142548084e-12,0.004728272044531285,0.98102542309399,0.014205842056522658,4.815267878394725e-07,2.0619087452477995e-06,0.0027386744718028203,0.002027475586139973,3.303618576275363e-10,4.828115028216569e-10,1.1001969433759067e-09,1.6751925152665908e-09,3.779888426947573e-10,3.1441452234373866e-08,3.0784962730803696e-12,2.1485026368866402e-12,8.42549622027799e-12,4.811025409174073e-12,0.004768728919943298,0.004748500482237291,0.036214335713360496,0.025316852556973374,-0.035332297654453594
18.871762366860466,0.014874281136580004,0.9804078244819844,4.814336181938427e-07,5.140289904733636e-07,0.0019295005253710455,0.0027873626433084385,1.042613364196797e-09,2.0265754730708787e-10,2.055316057458996e-09,5.853243422808546e-10,2.531848064350594e-08,5.636433089307727e-10,4.6865924297080555e-12,1.9923614811848236e-12,4.378414140616634e-12,5.6536589413935114e-12,0.004717888416034441,0.980374717328632,0.01486972371245539,5.319405643226573e-07,4.0608114474069846e-07,0.002727222093098411,0.002027363023070999,1.9479715436140032e-10,1.1749988770058865e-09,6.405858853409074e-10,2.130272410857135e-09,5.697222567970103e-10,2.51281359040407e-08,2.4665302287695886e-12,4.90001806822714e-12,5.609507865526876e-12,4.301735485880707e-12,0.004755552993668752,0.004736720704851597,0.019983965480908607,0.023162418002532038,-0.018616543770312695
18.996740925581395,0.015503140618691152,0.9798468384788745,3.1248562702244547e-08,4.6328559850064293e-07,0.0018810741521681435,0.002768420248489319,1.3425772786254335e-09,1.5754425237535278e-10,4.3209825719623696e-09,1.0377744574177717e-09,1.858523103940791e-08,5.095775862416493e-10,4.898455082268203e-12,1.4145658915591154e-12,3.4143596072606943e-12,3.807985254129558e-12,0.004650014902041217,0.9798153192894544,0.015498902372451486,4.774856587040129e-07,5.7380800835878964e-08,0.0027074523893691966,0.001977758993840726,1.5118915224629706e-10,1.4416297987228419e-09,1.1099003191468687e-09,4.295823268147393e-09,5.12654888876059e-10,1.8563170492219e-08,1.788106615962541e-12,5.232192202270722e-12,3.4690165660488606e-12,3.3304619541920304e-12,0.004685772337857158,0.004667893619949188,-0.011978570167204506,0.021090405749691087,0.012536920397903967
19.121719484302325,0.01609109465929903,0.9793058116418195,6.28378629281983e-07,3.271847334197295e-07,0.0018525491099613644,0.002749560772752742,1.0170240455277878e-09,1.8933624824701218e-10,5.013034341394292e-09,1.6158326722602792e-09,1.4075297863355438e-08,2.9760402466358547e-10,3.0653662323016854e-12,1.103685014761302e-12,2.4010148392872873e-12,2.8875587265311347e-12,0.004603087663663629,0.9792740083436261,0.016086251179398874,3.371411139989975e-07,7.192969671748176e-07,0.0026886070654366418,0.001950048775820665,1.812493204311745e-10,1.0424294623749075e-09,1.7185475428206896e-09,4.7527213659208306e-09,2.970398374297775e-10,1.4160930540236536e-08,1.3377590837819902e-12,3.1022629873009563e-12,2.8521596331767183e-12,2.3658809991188432e-12,0.004639734441914612,0.004621411052789121,-0.027379022964587392,0.019103403159816904,0.02672521027030224
19.246698043023255,0.016628244210517354,0.9787527167472174,1.2087891791388194e-06,2.0474723565237456e-07,0.0018787603876478875,0.002738843044993204,3.3558668924502286e-10,2.212436532602303e-10,1.9456709805297655e-09,1.6916108829269136e-09,1.1655516121082051e-08,1.4583625162962501e-10,1.3357517006165073e-12,9.789488097310035e-13,1.7822390298483727e-12,2.5948855410109377e-12,0.004619032971212286,0.9787193549718124,0.016622414970973422,2.121387872243847e-07,1.2798304516355951e-06,0.002678276698093312,0.001978439396050888,2.1103804358388417e-10,3.120440270330298e-10,1.7948473823456927e-09,1.722520218180805e-09,1.4408689716700244e-10,1.1731482894937677e-08,1.1243276711321354e-12,1.1106396598080342e-12,2.8865844849424975e-12,1.7907894741832532e-12,0.004658223986314865,0.004638628478763576,-0.014922716901581383,0.01720387828678411,0.013810500562681122
19.371676601744188,0.017110299090693552,0.9782154075252054,1.1436466328246132e-06,1.5731623330320895e-07,0.0019367940493386301,0.00273618024517618,3.724549111996921e-12,1.8181074499447348e-10,2.8239874907211567e-10,9.740780142519696e-10,1.0475846042103799e-08,9.653264260867168e-11,5.639937966106677e-13,9.220139661049675e-13,1.5453397539193011e-12,2.4984834378375358e-12,0.004674287277301512,0.9781807287252334,0.017103901077119406,1.6383705409994748e-07,1.1535396957344412e-06,0.0026756774352744315,0.0020383571772902226,1.7365017138018138e-10,3.396126635159069e-13,1.039975938693579e-09,2.9701777987012345e-10,9.547288862102745e-11,1.0489446864983017e-08,1.0468462950389597e-12,2.85302922511782e-13,2.888511366637576e-12,1.5639073388411082e-12,0.004715364091002312,0.004694825684151912,0.008714816010698217,0.015394176683531156,-0.00921839055980886
19.496655160465117,0.017541034306214516,0.9777435787936499,5.914509731260875e-07,1.6628106152765284e-07,0.0019793907126233906,0.002735222073472355,1.134907422227264e-10,1.04613978709668e-10,4.5295197696960635e-10,2.6012401849237167e-10,9.171022585102074e-09,1.3294194672138608e-10,7.291045286351836e-13,7.934137378051569e-13,1.451433989953816e-12,2.1821344931577424e-12,0.004715380758431735,0.977708798235722,0.01753480005208262,1.7210745565856068e-07,5.628445351753825e-07,0.0026741805060101404,0.0020814698197504883,1.0053845721112715e-10,1.4438759289358397e-10,2.862808176030694e-10,5.047803466461136e-10,1.3362030428392622e-10,9.117881446308328e-09,9.321556568066817e-13,6.053285333002906e-13,2.414142567777911e-12,1.4515381486512457e-12,0.004756395570643592,0.004735888164537664,0.019639621093240994,0.013676518380991055,-0.019179974151462355
19.621633719186047,0.01792858425830019,0.9773621862130206,1.0477282360513957e-07,1.683900477203356e-07,0.001979264159721623,0.002729677942825036,2.794446532347319e-10,5.3685931360136856e-11,4.6364098787570644e-10,1.4258560681147329e-10,6.961710335826334e-09,1.8121563789470523e-10,1.2714947779522215e-12,5.688697343558856e-13,1.2601811967093833e-12,1.538923472318589e-12,0.0047092233523406074,0.9773282795622712,0.017922850170703292,1.7269623873613073e-07,8.540074355456813e-08,0.0026678423450935376,0.0020807555513220467,5.172263816040412e-11,3.1584556079004276e-10,1.5486705866632717e-10,4.817680162195884e-10,1.8290069804715647e-10,6.905538758099842e-09,7.065089259331823e-13,1.331931676248147e-12,1.5233995134588724e-12,1.2357660496128448e-12,0.00474886409083821,0.0047290437215894085,0.010511145529336907,0.012052995043328223,-0.009663949567545783
19.746612277906976,0.018277701038321267,0.97704848450181,1.7399447662182356e-08,1.291400271210302e-07,0.0019541364352067205,0.0027195186132532912,3.322267559884008e-10,3.84725045036908e-11,1.1215762627063274e-09,3.020360674080267e-10,4.714248418341859e-09,1.4952042359272985e-10,1.2390029872688959e-12,3.745512290894217e-13,9.122983516083187e-13,9.558035554668438e-13,0.004673808249496883,0.9770153465699246,0.018272128899438734,1.316559254598431e-07,2.7690823797798005e-08,0.0026572272557927293,0.002055125015328862,3.691416300416602e-11,3.571810079471293e-10,3.202493612361324e-10,1.1256406227452933e-09,1.5051262457279812e-10,4.7084943941875006e-09,4.754356553366306e-13,1.3209626546310122e-12,8.685199018489558e-13,8.884784108687387e-13,0.004712518320416419,0.0046931632849566505,-0.005939225424493725,0.010525567303164169,0.00634949894184115
19.871590836627906,0.018586874899085993,0.9767609113808462,1.7485988472785604e-07,7.352485407802442e-08,0.0019418101965376678,0.00271014365054939,2.33850982726939e-10,4.4503682446210504e-11,1.2515899371522897e-09,4.390088662168375e-10,3.195278083559686e-09,7.745458974606398e-11,6.924797804823918e-13,2.626591680985477e-13,5.713446665739749e-13,6.473989051206345e-13,0.004652207475685888,0.9767277311427468,0.01858093002851032,7.48850349553939e-08,1.98250558323951e-07,0.002647905694448584,0.0020431485184228054,4.247027204152939e-11,2.39551910767162e-10,4.6481907739439393e-10,1.1931687132848713e-09,7.748149083200633e-11,3.2163376091409332e-09,3.180460990071019e-13,6.984908837504436e-13,6.389321839206777e-13,5.622847588759839e-13,0.004691332584511496,0.004671770030098691,-0.01308806211513976,0.009096062280217936,0.012787978314459934
19.99656939534884,0.018853266039268787,0.9764845004241461,2.739453112340174e-07,3.707765270026946e-08,0.001956460979860258,0.0027054519789491047,6.995644543198659e-11,4.798184797073273e-11,4.1100496071282553e-10,3.8895483004769554e-10,2.322803838521005e-09,3.360498777337864e-11,2.6286509338402485e-13,2.02249265172607e-13,3.66476693579226e-13,5.116398823395997e-13,0.004662227257423438,0.9764507124714022,0.018846793805051644,3.792302229997029e-08,2.8837311664852485e-07,0.002643437042351471,0.0020587208472813267,4.56399958126725e-11,6.465242184632501e-11,4.121220572266044e-10,3.6289607303905265e-10,3.330905890012154e-11,2.338754300485828e-09,2.309924981766134e-13,2.18049705339093e-13,5.690898338179505e-13,3.6814609740134094e-13,0.004702487444531932,0.004682357350977685,-0.006809346800008093,0.007766171286531721,0.006219450299779993
20.12154795406977,0.019077289132820092,0.9762346263316981,2.1381824253426002e-07,2.477207343583691e-08,0.0019832142826249617,0.0027046232337043924,6.141572442530911e-13,3.443902535705222e-11,4.9831190547915784e-11,1.678403647717272e-10,1.8408333670786027e-09,1.965695559706983e-11,9.732090063945485e-14,1.6614703218665222e-13,2.7693251124761634e-13,4.367631946128315e-13,0.004688078220837548,0.9762002965513044,0.01907055514913054,2.5344185506988587e-08,2.1410710367162868e-07,0.0026426270064241393,0.002086273395393214,3.2869489443519653e-11,2.5179824992951177e-14,1.7996677794683407e-10,5.52191999760487e-11,1.9436849038380653e-11,1.8434225452477872e-09,1.8761691203068913e-13,4.8944383202284274e-14,5.046902647360157e-13,2.800250055302932e-13,0.004729141985067849,0.004708610102952699,0.003676849035909231,0.006537447721185685,-0.003972832843922374
20.246526512790698,0.019263213380837054,0.976031969877082,8.484031829111761e-08,2.169462280532876e-08,0.002000386969249914,0.002704315317187123,1.785213433251076e-11,1.6451222368899334e-11,5.78704252891001e-11,2.5949340076690715e-11,1.429168321308795e-09,2.2596602189552478e-11,1.112696586326859e-13,1.261263312413483e-13,2.3012699378541234e-13,3.3929241414520816e-13,0.004704810392072995,0.9759975447633631,0.019256575121061895,2.211837787397879e-08,7.962359769141687e-08,0.002642052086548953,0.0021037183612073276,1.5843228247026316e-11,2.2921296952467006e-11,2.932047347212362e-11,6.392851647607455e-11,2.263107593333722e-11,1.4204896523186634e-09,1.479268779186791e-13,9.26299532855392e-14,3.7496414051756186e-13,2.3001796483964043e-13,0.004745873765711629,0.0047253420788923115,0.007801936607106417,0.005411305157142087,-0.007626767318868657
20.371505071511628,0.01941697893083493,0.9758816307970445,7.942832461065575e-09,1.6225087640935226e-08,0.0019993215809313027,0.0027020370532331982,3.6543432907052023e-11,6.920440923390707e-12,4.9637413805171755e-11,2.6508332711642274e-11,9.38900970037242e-10,2.6117998902378992e-11,1.704745405579557e-13,7.828729309803071e-14,1.7381830148056556e-13,2.0743269001334805e-13,0.004701383887343206,0.9758474726487456,0.019410553555256487,1.6642202728119904e-08,6.13986873167093e-09,0.002639434803735544,0.0021025087387501066,6.687510481255091e-12,4.144885448605898e-11,2.7936739207966432e-11,5.297137351640581e-11,2.6320057538109268e-11,9.30790460992288e-10,9.743030063249531e-14,1.7887032025680812e-13,2.050406838466737e-13,1.7017548650166505e-13,0.004741967411363622,0.004721675649353414,0.003869180890233119,0.0043890156225878905,-0.0035108015924606092
20.496483630232557,0.019542711950599582,0.9757686487808916,7.933936351274573e-09,8.602146683513197e-09,0.0019902881987810504,0.0026983273242927666,3.6390278858690024e-11,4.199270223613716e-12,1.576180862298793e-10,5.0592320621153844e-11,5.230076193835693e-10,1.7716623706896367e-11,1.3828813386064097e-13,4.276292062203757e-14,1.0415120434611296e-13,1.061557987615039e-13,0.004688632849072408,0.9757347435548791,0.019536328524564276,9.017158291160713e-09,1.0249941719911568e-08,0.0026355684489959247,0.002093332986416852,4.020328780448063e-12,3.92421621110695e-11,5.291838841220576e-11,1.620132934596014e-10,1.7846504802542353e-11,5.223088175311869e-10,5.442404047857393e-14,1.4705786350406656e-13,9.635998165853146e-14,1.0140911721826646e-13,0.004728921501261534,0.00470877717516697,-0.0019462322983386884,0.0034717080788719116,0.002125379144935417
20.62146218895349,0.019642034608258096,0.9756750299314507,2.566738090658949e-08,3.327241192351592e-09,0.001987453986624886,0.0026954455426368294,2.0610372672216653e-11,3.968707460911593e-12,1.255873667341591e-10,5.015700100221996e-11,2.739617875232396e-10,7.038304968641985e-12,5.974845565764954e-14,2.319193258084213e-14,5.030709090201744e-14,5.547052200325609e-14,0.004682929005396071,0.9756411344622565,0.01963550149605378,3.6410797870518444e-09,2.8156431229240175e-08,0.0026327262994365955,0.0020905990094770045,3.7660689807488375e-12,2.1123308898158836e-11,5.257481153626747e-11,1.198886346374549e-10,7.057626812630599e-12,2.759072676390818e-10,2.8094637775091033e-14,5.998494979803922e-14,5.473325311512673e-14,4.9439996555841115e-14,0.004723357586934588,0.00470314329616533,-0.0038435682998382245,0.0026603670968577474,0.003759102139338766
20.74644074767442,0.01971651143237874,0.9755963046689833,2.2335009322538487e-08,1.271473950477698e-09,0.001992790060914189,0.002694363541785843,4.5390576391201525e-12,3.1469003641450434e-12,2.037437161865531e-11,2.473708885836499e-11,1.4413077249941663e-10,2.2061532830448474e-12,1.6241190925091837e-14,1.2708208337941875e-14,2.3013665125132844e-14,3.168434125612037e-14,0.004687177408401298,0.9755622646026233,0.019709818530096207,1.4743161087253442e-09,2.3096497823830098e-08,0.0026317139319936202,0.0020961716764651933,2.986121111898075e-12,4.162269786213738e-12,2.609866759705659e-11,1.7212021105640982e-11,2.1930309337424753e-12,1.4517226435592074e-10,1.4463899682377833e-14,1.3437804176238665e-14,3.525317009070106e-14,2.313663764845098e-14,0.004727910377183414,0.0047075438927923555,-0.0017335921585353172,0.0019558317332355516,0.0015626926064046627
20.87141930639535,0.01976915611352812,0.9755370744428835,8.197975667942106e-09,8.472401871869723e-10,0.001999444405712016,0.0026943093835130718,2.7754895029099508e-14,1.467284121719595e-12,1.486295753292526e-12,2.6668164146800613e-12,7.737152217925388e-11,8.826322391537038e-13,4.02356573389353e-15,6.9867807002289844e-15,1.1670144952227734e-14,1.833988084676443e-14,0.0046937629183842694,0.9755029155421561,0.019762412521092936,1.0056039263675057e-09,8.036688311752131e-09,0.00263165074825671,0.002103005536234631,1.4050529296690687e-12,8.701830057642012e-16,2.986418815933262e-12,2.100478870554426e-12,8.725536219694587e-13,7.749261512131351e-11,7.838029505046444e-15,2.0205143944291855e-15,2.1190275917382998e-14,1.1765765471564627e-14,0.0047346654116843835,0.004714214165034326,0.0007592586107629353,0.0013587946080567542,-0.000838014289243292
20.99639786511628,0.019804082907154484,0.9754995574197715,7.438978866188521e-10,7.901130727101509e-10,0.0020021255501204037,0.0026942259895727477,4.145143997377263e-13,3.9947487887135e-13,4.102593029061924e-13,1.1645391904660778e-12,3.67154013555442e-11,5.932503472761833e-13,2.7648024217986792e-15,3.238670278274415e-15,5.907780544962905e-15,8.718929427390574e-15,0.00469635311342218,0.9754653807315913,0.019797373433874405,9.257535273800093e-10,6.835624224496605e-10,0.0026314998491193866,0.002105737777047793,3.865429404558042e-13,5.3850784594528e-13,1.1206196040895623e-12,3.8658463867668366e-13,5.919362136757243e-13,3.648925758013593e-11,3.7822785261635705e-15,2.3092086048265454e-15,9.633504998891613e-15,5.921009854876522e-15,0.004737239275018224,0.004716796194220202,0.0012592730930603541,0.0008698011844748006,-0.001232198854876701
21.12137642383721,0.019825441502802597,0.9754794986764158,7.177098428325712e-10,6.044478561662392e-10,0.0020012561352340617,0.0026937957495819695,4.192639349782837e-13,9.176903443068954e-14,3.804215044840255e-12,3.768492395693094e-12,1.1887014148569907e-11,3.3475468493296133e-13,2.118530820159369e-15,9.967827110090147e-16,2.212712054082887e-15,2.6320603305828565e-15,0.0046950532272872,0.9754453614257353,0.019818764700735795,6.967779546424153e-10,8.546291488286776e-10,0.002631018223428078,0.002104847484365958,8.853112431528972e-14,4.81464729669581e-13,3.7187682422382785e-12,4.555898692657903e-12,3.3669653056415195e-13,1.1776627484290577e-11,1.2438795679963056e-15,2.230176525101215e-15,2.6044709793356006e-15,2.1535207404237155e-15,0.0047358672801673584,0.004715460253727279,0.0004360330330255493,0.0004892492513933935,-0.00039046666018107296
21.24635498255814,0.019836654084471612,0.9754696440613316,1.1674913247450709e-09,3.7798072839259877e-10,0.002000290889739171,0.002693402781614554,1.5817791873583635e-13,2.2702642332477174e-14,5.018721565450811e-12,2.7407453729390033e-12,2.0905570551161996e-12,7.509990322315571e-14,5.649415653318385e-16,1.7702663365244816e-16,4.2416136830633035e-16,4.3258077452526176e-16,0.00469369522693338,0.9754355300382439,0.019829971213706322,4.372770707467031e-10,1.2622124572660315e-09,0.0026306195179211364,0.002103870893044449,2.1293213180834178e-14,1.7360434592830933e-13,2.670549751146361e-12,5.433592625377279e-12,7.570446577358504e-14,2.0860110095612895e-12,2.2625451257656024e-16,5.977061881134677e-16,3.9312516900740657e-16,4.185435104152706e-16,0.004734492120917505,0.004714093673925442,-0.00012107585876563563,0.00021738860944095015,0.00013506482007064592
21.37133354127907,0.01984082897153421,0.9754653775579815,7.417889386715948e-10,3.049346547277509e-10,0.0020004782120733953,0.002693307545976043,9.053279511982404e-15,1.9498441979418905e-15,2.0730106785972795e-12,1.6922886836050354e-12,1.1279154284731647e-13,3.613376716514325e-15,2.7924160784781184e-17,1.0590057359980598e-17,2.2486797325278693e-17,2.3842897490870447e-17,0.004693786808665823,0.9754312587829276,0.019834132159532326,3.5819034939344804e-10,7.938863672148002e-10,0.002630532548535099,0.0021040686911562067,1.7326655603085326e-15,9.129208179513267e-15,1.5996440792161125e-12,2.3555710637023127e-12,3.637352931134735e-15,1.1368679321695416e-13,1.2916159341094253e-17,2.740495494497733e-17,2.3225467268745105e-17,2.0740152584007455e-17,0.004734602395851509,0.004714194602258666,-7.881131837571512e-05,5.432096040778947e-05,7.715440663095844e-05
21.4963121,0.01984140229481177,0.9754645948955575,7.09876136965163e-10,3.060816236495587e-10,0.0020006695974736197,0.0026933254949515185,2.5025821789734236e-16,2.8941643641736826e-16,2.290504675471881e-12,1.7458181925458685e-12,6.38448308899782e-17,1.704428716024319e-17,1.0075030878068102e-22,3.409345705857562e-21,1.3227106340346037e-20,6.983300239736843e-21,0.004693996112419843,0.9754304722192286,0.019834704508988516,3.5920749912533924e-10,7.677316316503727e-10,0.0026305507002663906,0.0021042647432158194,2.2456727230024135e-16,3.120858338711888e-16,1.6547289447430715e-12,2.6209825730733803e-12,1.7093965845974806e-17,6.301122975318728e-17,1.0940042805727283e-24,7.009611192698869e-22,8.037554469873886e-21,8.308032821384057e-21,0.004734816574697669,0.004714406343558756,-0.0,0.0,0.0
