time_ns,input_0_P0,input_0_P1,input_0_P2,input_0_P3,input_0_P4,input_0_P5,input_0_P6,input_0_P7,input_0_P8,input_0_P9,input_0_P10,input_0_P11,input_0_P12,input_0_P13,input_0_P14,input_0_P15,input_0_leakage,input_1_P0,input_1_P1,input_1_P2,input_1_P3,input_1_P4,input_1_P5,input_1_P6,input_1_P7,input_1_P8,input_1_P9,input_1_P10,input_1_P11,input_1_P12,input_1_P13,input_1_P14,input_1_P15,input_1_leakage,average_leakage,tone_1_coefficient,tone_2_coefficient,tone_3_coefficient
0.0,1.0,1.3600325624635e-37,0.0,0.0,0.0,0.0,0.0,0.0,0.0,0.0,0.0,0.0,0.0,0.0,0.0,0.0,0.0,1.3600325624635e-37,1.0,0.0,0.0,0.0,0.0,0.0,0.0,0.0,0.0,0.0,0.0,0.0,0.0,0.0,0.0,0.0,0.0,0.0,0.0,0.0
0.12476726457680251,0.9999999999375899,2.1564838073624324e-13,1.4278005504003112e-19,1.7676474432633934e-13,1.5874050997823701e-19,1.943931672393342e-13,1.1049509210635594e-22,1.4175364227175685e-16,2.0746372789492694e-22,2.487673649469265e-16,5.859998572313026e-21,7.408832422499921e-15,9.507386316203664e-26,2.041758901881587e-19,3.5547130444859694e-20,9.628147784398389e-27,3.789578124170399e-13,2.156483807362437e-13,0.9999999999375939,1.7572543831410447e-13,1.4317815894313474e-19,1.9543122794589726e-13,1.5750744713597107e-19,1.356952596225509e-16,1.1456267258257727e-22,2.5439262452241804e-16,2.0075268366867454e-22,7.40966847990416e-15,5.8889382195642215e-21,1.1512751345190727e-19,1.6368089361467414e-25,2.9939646241165587e-26,1.2631626255610452e-20,3.789568572732438e-13,3.789573348451418e-13,2.542383882947307e-06,1.2107785108372241e-05,-1.7415804062120467e-06
0.24953452915360502,0.999999999858757,1.3507781365002986e-11,1.6663935893985002e-18,2.0391347437426734e-12,1.8177615285914627e-18,2.207555099735925e-12,1.6723096587930277e-21,2.1219523024964545e-15,3.0196694509525964e-21,3.5750436409948806e-15,8.119376173494313e-20,1.0343255213487631e-13,1.4010862897903132e-24,2.887100232163082e-18,5.154681993017892e-19,1.1935364724808592e-25,4.355826364167777e-12,1.3507781365003055e-11,0.9999999998587663,2.0274034895746785e-12,1.6326609629947102e-18,2.219300377649443e-12,1.773771094553072e-18,2.033945627995532e-15,1.6981260760739157e-21,3.6569080969729585e-15,2.8489088682255674e-21,1.0344413503464009e-13,8.28383406380595e-20,1.6203126985873064e-18,2.243901967078249e-24,4.734783961375581e-25,1.831737624469149e-19,4.355844153290342e-12,4.355835258729059e-12,-1.0666294853392759e-05,4.84525843695205e-05,1.0483685669034808e-05
0.3743017937304075,0.9999999996344493,1.5701119127062951e-10,1.0072471864331112e-17,1.1983943371688164e-11,9.659116293034952e-18,1.145935165766465e-11,7.414648477610984e-21,9.257669728725981e-15,1.386138945534177e-20,1.6118953012387225e-14,3.6112306063506946e-19,4.661195801785612e-13,6.800426306765506e-24,1.311043599843165e-17,2.3561694584048294e-18,4.102158282926712e-25,2.3934826812872413e-11,1.5701119127063044e-10,0.999999999634464,1.1918782482043698e-11,9.326813158641415e-18,1.1524214845805893e-11,8.996011260628976e-18,8.865794665258434e-15,7.284315963370167e-21,1.6484995062211246e-14,1.2614685680950068e-20,4.661716054265173e-13,3.7831578488718273e-19,7.331228412860154e-18,9.703585144092109e-24,2.468081574509664e-24,8.372702711292724e-19,2.3934546612553638e-11,2.3934686712713025e-11,-4.648353807072819e-05,0.00010905937745334527,3.885870268751767e-05
0.49906905830721005,0.9999999987482282,8.998427421526419e-10,4.536031101023622e-17,5.262705605509227e-11,4.5168564889466525e-17,5.233440399447372e-11,2.5574889538454525e-20,3.0276659309442877e-14,4.7295346585964666e-20,5.156773087016082e-14,1.1296470855823218e-18,1.4919263334838297e-12,2.5409012140134742e-23,4.204672425231685e-17,7.513074061277295e-18,5.552838164265583e-25,1.0653537206444694e-10,8.998427421526339e-10,0.9999999987482522,5.232691846138545e-11,3.988363415646803e-17,5.263274674653814e-11,4.010050307930857e-17,2.900915641515846e-14,2.259757066077206e-20,5.2742116897284626e-14,3.7870936993115205e-20,1.4920930103321503e-12,1.2403023751971839e-18,2.3471094249967607e-17,2.7727571801880373e-23,1.0407084560154751e-23,2.669783326845455e-18,1.06533616917392e-10,1.0653449449091947e-10,-3.8636605675865704e-05,0.00019394354700230692,2.598850773296915e-05
0.6238363228840126,0.9999999959314692,3.451652311839396e-09,1.1964320382534455e-16,1.404452751778709e-10,1.4247514967351425e-16,1.660867702810703e-10,7.898642913553682e-20,8.554343637782009e-14,1.5358726429332513e-19,1.4582721602819221e-13,3.034759175301482e-18,4.131691019377243e-12,9.307164102449033e-23,1.1612256332854404e-16,2.066170985144614e-17,6.448087406271187e-26,3.108955093007772e-10,3.451652311839296e-09,0.9999999959314883,1.3956813328632065e-10,1.0786430238658109e-16,1.6697161214412872e-10,1.2825602171036753e-16,8.200470306122612e-14,5.77981499697697e-20,1.491608137226158e-13,9.124896399567602e-20,4.1321544245922396e-12,3.55994580039639e-18,6.48430822249268e-17,5.837871888148243e-23,4.709910949411342e-23,7.34220929226286e-18,3.109033773865394e-10,3.108994433436583e-10,6.96761103872014e-05,0.0003031108625949163,-6.797131815071938e-05
0.748603587460815,0.999999988867766,1.0232682539414717e-08,1.6885591895118284e-16,2.1150901657365754e-10,2.538666659869426e-16,3.111913056156143e-10,1.9205755306426332e-19,2.009924884354818e-13,3.8095246486071846e-19,3.3889201084149877e-13,6.876238534773701e-18,9.520587127396087e-12,2.6868631273760975e-22,2.669441304742562e-16,4.74194896581165e-17,1.1089175718620944e-23,5.327615383516782e-10,1.0232682539415025e-08,0.9999999888677427,2.101084198757125e-10,1.768551417949445e-16,3.1264517569127066e-10,2.559780353079187e-16,1.927467600850002e-13,1.300896551418161e-19,3.466268393169979e-13,1.9251273555637148e-19,9.521657970307478e-12,8.502487194776017e-18,1.491953402662747e-16,9.823788665845967e-23,1.6289644668558017e-22,1.6850644990855044e-17,5.328152348412055e-10,5.327883865964419e-10,0.00018555527190808674,0.0004365574685466009,-0.0001546375797368269
0.8733708520376176,0.9999999734550669,2.555587078405531e-08,2.1711730159176024e-16,2.250798756428633e-10,2.535112162615223e-16,3.1742723747216223e-10,3.30020968657005e-19,3.6479973996339356e-13,6.148466269296062e-19,6.176176360996773e-13,1.2667335326904973e-17,1.7406746261490736e-11,4.430728244456602e-22,4.88450939885733e-16,8.676602568537325e-17,5.2143654895732665e-23,5.608973362107609e-10,2.5555870784057258e-08,0.9999999734550806,2.2387083805705026e-10,1.878900471789427e-16,3.1865783207189973e-10,2.951169298995419e-16,3.497857301805299e-13,2.552689302078016e-19,6.317442169555011e-13,4.11361052330409e-19,1.7408704010359435e-11,1.604901358402156e-17,2.730832721747351e-16,2.140596253036381e-22,2.8999125721886298e-22,3.0832485458214636e-17,5.609197077253277e-10,5.609085219680444e-10,0.00011192133331533906,0.0005942698755566653,-7.373789734915641e-05
0.9981381166144201,0.9999999419572163,5.6779463548634966e-08,7.43431512374986e-16,4.795304237683155e-10,3.936781996132652e-16,2.6580706412799224e-10,4.357180717149971e-19,5.406213814408702e-13,7.489923017472166e-19,9.224818286408585e-13,1.9281473133038963e-17,2.6317328530584178e-11,4.412848503931271e-22,7.414129245467627e-16,1.3214055283924042e-16,5.597938436862634e-23,7.731199507668437e-10,5.677946354860726e-08,0.9999999419576302,4.775714432209265e-10,2.1113106287528487e-16,2.6739558619546386e-10,1.8466400800599436e-16,5.181079585063318e-13,4.645713995832034e-19,9.435162087091995e-13,8.104949656137351e-19,2.632028212471028e-11,2.5633842228132797e-17,4.1428301381777863e-16,5.294282460182758e-22,1.8300184633994193e-22,4.695648156413313e-17,7.727498196525035e-10,7.729348852096736e-10,-0.00018582364682196963,0.0007762249562083583,0.00018001454265519404
1.1229053811912226,0.9999998814342166,1.1568102458687448e-07,2.0671430328526722e-15,1.4015002089002777e-09,1.4849566462819863e-15,8.909191026178207e-10,7.636479576636175e-19,7.556161756266586e-13,1.2142344972883775e-18,1.3004898714858172e-12,2.7587529095554258e-17,3.7634720482696084e-11,1.0672563873418947e-21,1.0643974997726946e-15,1.9036285692808204e-16,1.1997038304133288e-22,2.3321149744745414e-09,1.1568102458668146e-07,0.9999998814349249,1.3937297121352074e-09,5.286242987276638e-16,8.9802998114079e-10,2.901206672060046e-16,7.238023342322372e-13,8.167945896428599e-19,1.3300686669977878e-12,1.6854006728187008e-18,3.763893842000177e-11,4.0855884910592577e-17,5.94320427490428e-16,1.0772997966678332e-21,3.1953965501306414e-22,6.764595995487205e-17,2.331454026768059e-09,2.3317845006213e-09,-0.00041608143735889455,0.0009823899443275768,0.00034565000299807995
1.2476726457680252,0.999999774461838,2.191526133108621e-07,2.9376712593488537e-15,2.707968434472693e-09,3.649449875055312e-15,3.001026162605492e-09,2.415782404020235e-18,1.1812406012922668e-12,5.751988823439615e-18,2.0263553891873192e-12,4.4866680987109856e-17,5.83894987991006e-11,5.125713548025807e-21,1.6497876795994582e-15,2.947406656480705e-16,1.5890818958019e-21,5.770600276558413e-09,2.19152613310673e-07,0.9999997744606918,2.6893732878085162e-09,1.6397416796278332e-15,3.020821199873652e-09,1.6194680536826327e-15,1.131630391439164e-12,1.0768019910129708e-18,2.0725477498727624e-12,2.8610854899055366e-18,5.839606008802753e-11,7.483993628126316e-17,9.214855308168137e-16,1.99963429188063e-21,3.5193651616673266e-21,1.0473764906797469e-16,5.771799090127764e-09,5.771199683343089e-09,-0.00021506791664266758,0.0012127224382042004,0.00013836110983674862
1.3724399103448277,0.9999996010497065,3.890678470972803e-07,1.920126090949291e-15,3.2014103509597708e-09,5.014547607142288e-15,5.901926298808257e-09,5.359619708785256e-18,2.015227407098932e-12,1.6369945963248585e-17,3.4269968577646314e-12,8.91529250465881e-17,9.720428482090044e-11,1.703021476597272e-20,2.73375159797916e-15,4.867083207140264e-16,9.208863498155176e-21,9.205993424896137e-09,3.8906784709901074e-07,0.9999996010438637,3.177120080617709e-09,4.210240413429895e-15,5.932108929805253e-09,5.635145389642102e-15,1.9318806867688568e-12,8.03884063819121e-19,3.5051458149708655e-12,1.8013540831607094e-18,9.721526144735805e-11,1.522122441358482e-16,1.5287032184056261e-15,3.148622088463978e-21,1.7076714691162688e-20,1.7295641581059884e-16,9.211893000255204e-09,9.208943212575672e-09,0.0003648918251683855,0.0014671704076783957,-0.0003511791663959167
1.49720717492163,0.99999933681382,6.533716422372352e-07,3.60308833492608e-15,2.3438746496809196e-09,4.45405598029089e-15,6.572371563893137e-09,6.539594243000862e-18,3.2164979486038636e-12,1.5623988990011234e-17,5.429040530110708e-12,1.8738226057006327e-16,1.5251120662896517e-10,2.745857241149546e-20,4.275944121946095e-15,7.596335813794836e-16,2.5429167993131302e-20,9.077416261002487e-09,6.533716422419415e-07,0.999999336807651,2.3291156289316297e-09,8.215124410476033e-15,6.593344222591602e-09,1.2561874445269019e-14,3.084391552948675e-12,8.95339365242037e-19,5.5531580869176154e-12,1.0408589585614122e-19,1.525284735384804e-10,2.8820368086034354e-16,2.392741211013786e-15,2.5145264507180243e-21,4.072514960327958e-20,2.6994328580362355e-16,9.083649603631278e-09,9.080532932316883e-09,0.0007361819956563497,0.0017456722050927036,-0.0006095666510353142
1.6219744394984326,0.9999989428516577,1.0506350157216515e-06,1.7865321824697067e-14,2.3021748066786852e-09,7.69080693586505e-15,3.1954745142757056e-09,4.957470986682956e-18,4.325023453490138e-12,5.986662278161727e-18,7.321794726220392e-12,3.341773554122431e-16,2.0612376843119913e-10,1.1501123896924603e-20,5.783767499719904e-15,1.0278281306613878e-15,3.185630833797615e-20,5.715452620454536e-09,1.050635015714833e-06,0.9999989428589307,2.2967932368503595e-09,1.1058829376349316e-14,3.1936402314304924e-09,1.7997065006131816e-14,4.147195330100193e-12,3.7617667785599556e-18,7.489160112186974e-12,6.775430766740498e-18,2.061470918578464e-10,4.6215911152880865e-16,3.2353681589378523e-15,3.1301390702814656e-21,4.193944261324186e-20,3.652421578981527e-16,5.708250044827063e-09,5.711851332640799e-09,0.0003405077960614931,0.0020481565801092677,-0.00021308633412698427
1.746741704075235,0.9999983562095869,1.6358715349502892e-06,3.9832607926528174e-14,6.032022108352618e-09,2.2931348133242226e-14,7.685429973392717e-10,6.732173643983561e-18,5.027090948533676e-12,6.79556617363741e-18,8.575731974633423e-12,5.010865770454663e-16,2.4484528144030586e-10,3.895641878952685e-21,6.8991951535304656e-15,1.229748085868196e-15,2.0839376609881692e-20,7.059084617593714e-09,1.63587153490605e-06,0.9999983562298902,6.001908129311367e-09,8.555813676346635e-15,7.784575929330304e-10,1.4069379341429978e-14,4.8176325909297055e-12,1.589036287882508e-17,8.771180193852688e-12,2.677911894835024e-17,2.448729428444468e-10,6.775093479927414e-16,3.8545831107578546e-15,2.9936872684164027e-20,1.3064824697821673e-20,4.369866576986112e-16,7.038855114858243e-09,7.0489698662259785e-09,-0.0006121452967833865,0.0023745426983897587,0.0005855242413407743
1.8715089686520376,0.9999974967133748,2.4810642014098673e-06,4.303003018069277e-14,1.2638658054341599e-08,4.5025177880165814e-14,8.359355030767186e-09,3.9617858434221975e-17,5.7992551240824815e-12,8.689981771396343e-17,9.980552422103894e-12,7.747168208250273e-16,2.8873934879231375e-10,8.879834412261419e-20,8.168251989807198e-15,1.4603708441675233e-15,4.7313515384202216e-20,2.1302630826648795e-08,2.4810642013779494e-06,0.999997496707948,1.2549258363002547e-08,3.9893693668500355e-15,8.454327394596103e-09,2.9301452731529877e-15,5.555216644203973e-12,4.891060056378637e-17,1.0207905101128292e-11,1.2741904305667307e-16,2.887719771620521e-10,1.0639144027625193e-15,4.55852285698484e-15,1.1140776626996864e-19,3.744188916617784e-20,5.189462217661386e-16,2.130813409388265e-08,2.1305382460265723e-08,-0.0011432449096950184,0.0027247401641341627,0.0009434342888504182
1.9962762332288402,0.9999962854907406,3.6677243586032303e-06,2.0432653167073586e-14,1.718513076866697e-08,5.750594005518406e-14,2.821850838638906e-08,1.1420534836031027e-16,7.739468672230675e-12,4.313217465045203e-16,1.3281348429300798e-11,1.4580845439852628e-15,3.826199380321198e-10,3.382109959705045e-19,1.0810843241391197e-14,1.9310788651170678e-15,2.29228007831614e-19,4.580737259488409e-08,3.66772435879671e-06,0.9999962854126955,1.7052893569700695e-08,2.2465623013748044e-14,2.8428895086573827e-08,1.7843189519708995e-14,7.414326425419485e-12,8.268291625206855e-17,1.3583635935333112e-11,3.308049379932605e-16,3.826633613671345e-10,1.9780889398888124e-15,6.0354534938745314e-15,2.635471604722205e-19,2.715618134434096e-19,6.862348942906981e-16,4.5885499402615235e-08,4.5846435998749666e-08,-0.0004804954314256607,0.0030986490464730908,0.0002910565021561773
2.1210434978056427,0.9999946548107628,5.280741231527664e-06,4.3595847094566375e-14,1.547882815870477e-08,6.8987059779172e-14,4.734980306117529e-08,1.468955150182616e-16,1.1519053418961659e-11,5.913543662124343e-16,1.9574046634006445e-11,3.1746870528131435e-15,5.552824125984497e-10,7.173346018721798e-19,1.5613389555590944e-14,2.7794829617012186e-15,7.374316078937456e-19,6.341514162270257e-08,5.280741232034794e-06,0.9999946546899469,1.5371554781073023e-08,1.139882137233198e-13,4.757782331466459e-08,1.2731406031956406e-13,1.1042754300022327e-11,6.366277740254632e-17,2.0020477793653085e-11,2.764706221572881e-16,5.553457773332341e-10,4.062752438274425e-15,8.7286041126571e-15,4.0667644642222827e-19,9.301158066522604e-19,9.877521153392409e-16,6.353604252801743e-08,6.347559207536e-08,0.0009322850126764319,0.0034961599097063896,-0.000886565930807923
2.2458107623824453,0.9999925258160172,7.418676727428084e-06,2.394357002904989e-13,1.0286858009996336e-08,1.4679210425264216e-13,4.33150710929816e-08,9.264954264176025e-17,1.6231974417736527e-11,1.4713387148938036e-16,2.7411630853469394e-11,6.394516180694189e-15,7.697734202248385e-10,7.02003387432938e-19,2.157694633519788e-14,3.833113802515925e-15,1.3618996358114867e-18,5.441576440270216e-08,7.418676727462919e-06,0.9999925257901944,1.0245783443657668e-08,2.989722610621106e-13,4.338175039927254e-08,3.6025493133554905e-13,1.556516725108985e-11,2.1915426670385848e-17,2.8038411685597853e-11,1.1059671012432776e-17,7.698613648479822e-10,7.548377076123547e-15,1.207319427212748e-14,2.6252351101974184e-19,1.7160771135487193e-18,1.3621982316700539e-15,5.444167903263056e-08,5.442872171766636e-08,0.0016339459794909546,0.003917153847379641,-0.0013436994304432644
2.370578026959248,0.9999897511004017,1.0220043068722358e-05,5.786394081742898e-13,1.1998213017379112e-08,3.479384252428895e-13,1.4724849540873313e-08,4.819378122856839e-17,1.9542603560431403e-11,4.86300851557738e-17,3.307516509388738e-11,1.0207333506762712e-14,9.316139298110686e-10,1.5668411201162754e-19,2.6137531073246274e-14,4.645708195419576e-15,1.3375966243798616e-18,2.7708261923442154e-08,1.0220043067060379e-05,0.9999897512422828,1.1955689683621185e-08,4.616335402302735e-13,1.4625443072812458e-08,5.672736987864305e-13,1.8739176669475376e-11,6.713666831707012e-17,3.383062807925945e-11,1.2211774667150553e-16,9.317200809287314e-10,1.138203463823949e-14,1.4621537885657243e-14,1.1359395064779642e-19,1.585315589495844e-18,1.6508496286865433e-15,2.7566479394725606e-08,2.763737065908388e-08,0.0006271725654527682,0.0043615025201883045,-0.00036538786821816945
2.4953452915360503,0.9999860905106139,1.3879033632078371e-05,7.416052723609755e-13,2.7159969523006485e-08,5.81181347407529e-13,1.0253730597770632e-09,2.6371549098283e-16,2.0644110206971928e-11,2.8543617183150113e-16,3.52298714699045e-11,1.3753233559974529e-14,1.0065095505772752e-09,5.556074985284593e-19,2.8361794639531404e-14,5.0561869474435175e-15,9.417270400656725e-19,2.9249096623521612e-08,1.3879033630069399e-05,0.9999860906136752,2.699046284542484e-08,4.0360546764484636e-13,1.0923010939144841e-09,4.961324951807967e-13,1.978357645625063e-11,4.233783050858238e-16,3.6033742931969e-11,6.014141093634054e-16,1.0066240404031252e-09,1.5133552559965715e-14,1.5846782073726964e-14,1.0732733461026842e-18,8.424129596940872e-19,1.79660571643059e-15,2.9146138840741944e-08,2.9197617732131778e-08,-0.0013294070847208331,0.004829068197697878,0.0012572456281495165
2.620112556112853,0.9999812805359684,1.8623713734359396e-05,4.806667688301597e-13,4.825447217905948e-08,6.692857199942317e-13,4.507722812116295e-08,1.1791109918036083e-15,2.204329086480664e-11,3.5648178027877325e-15,3.794413688082672e-11,1.927566206091851e-14,1.0978989184493576e-09,2.8327853429772104e-18,3.105836823804942e-14,5.552958174206552e-15,1.702485987658924e-18,9.449079723435877e-08,1.8623713737428925e-05,0.9999812802551348,4.7914650216123186e-08,1.6635931500657482e-13,4.569872972518392e-08,1.9121564830109805e-13,2.111572341210669e-11,1.336498392865063e-15,3.880836888269614e-11,4.0237537678645804e-15,1.0980241185510147e-09,2.1389985084833992e-14,1.7334507101681735e-14,3.38168010910088e-18,1.4590924158897737e-18,1.9733180164667234e-15,9.477173179001937e-08,9.463126451218907e-08,-0.0022042740868755337,0.005319703803866716,0.001806236700078613
2.7448798206896554,0.9999751293756477,2.4669443589037478e-05,2.176715023126054e-13,5.905990445906768e-08,6.742365126023812e-13,1.3937030353795343e-07,2.2434632295393957e-15,2.7553495585513947e-11,1.0154054136204383e-14,4.7266984365746605e-11,3.246918473120086e-14,1.361613623492449e-09,6.97376188359864e-18,3.846524843073011e-14,6.869075668521035e-15,5.444086473630926e-18,1.9986762422192378e-07,2.4669443600537942e-05,0.9999751286634916,5.8646753267464675e-08,3.3230743774434656e-13,1.4049590235963794e-07,3.1038781758367403e-13,2.6396007824913633e-11,2.036019435218668e-15,4.8341984405139835e-11,8.899801447598956e-15,1.3617700471241173e-09,3.608083070710921e-14,2.147708809714889e-14,6.543164988083723e-18,5.7633361657793574e-18,2.441035845306347e-15,2.0057987730879416e-07,2.0022375076535899e-07,-0.0007726333310295306,0.005833252966356715,0.0004292287941033337
2.869647085266458,0.9999675318823991,3.220436687600236e-05,1.2620379214616733e-12,4.921945705752121e-08,1.2091957823841021e-12,2.112027612519613e-07,1.9910094072307398e-15,3.8500953905606495e-11,7.785678008416757e-15,6.54075611845139e-11,6.198607319692211e-14,1.8545215452771103e-09,1.0910921926783663e-17,5.2133322121355644e-14,9.278170085863276e-15,1.3779708360865838e-17,2.62383252802497e-07,3.2204366885277515e-05,0.999967531257037,4.890504657987758e-08,1.9078728322537258e-12,2.1214119449294036e-07,1.9203007681306982e-12,3.6909313713247866e-11,1.4109816166756873e-15,6.689905945379404e-11,5.360695755241178e-15,1.8547360269446064e-09,6.768644681140995e-14,2.914836029367328e-14,8.123280263445484e-18,1.5975736986560426e-17,3.2973439608533914e-15,2.630087205744574e-07,2.626959866884772e-07,0.0018069662545817378,0.006369550069615559,-0.0016999025787430351
2.99441434984326,0.999958340006037,4.14507420063079e-05,4.588392620042869e-12,3.0830768828148525e-08,3.0690264942836653e-12,1.744414249532025e-07,8.5176491050502e-16,5.089626376682575e-11,4.991859769678871e-16,8.59502996035217e-11,1.0834721711125355e-13,2.4134579378593273e-09,8.061920824892213e-18,6.763851761053929e-14,1.2015945120993807e-14,2.1816835566503957e-17,2.0783034508420453e-07,4.145074199040155e-05,0.9999583401480622,3.0692546107380196e-08,5.0573860930393825e-12,1.7443505768456992e-07,5.178903042036677e-12,4.880534622826275e-11,4.3561945116165775e-16,8.79141808574956e-11,3.6622725562420675e-17,2.4137365283897097e-09,1.1481315859922525e-13,3.784879208165689e-14,4.0275085402643666e-18,2.6264090258713852e-17,4.270617546974054e-15,2.0768845357166267e-07,2.0775939932793362e-07,0.0028495616585787666,0.006928420311712523,-0.0023263816716619424
3.1191816144200626,0.9999471454093041,5.276054334647232e-05,8.203384207759158e-12,3.6430645036200825e-08,5.7523691159757725e-12,5.322375926665971e-08,6.592808952620248e-16,5.7692469505622286e-11,8.801966563950289e-16,9.764423412603412e-11,1.513386039601729e-13,2.7516372875079306e-09,2.5814495631941188e-18,7.71996664991592e-14,1.3723497160206329e-14,2.0119075356692325e-17,9.257557787126953e-08,5.276054330582298e-05,0.9999471461475804,3.6289580478724944e-08,7.395173049746371e-12,5.2625385318375614e-08,7.745636266104099e-12,5.532045467051793e-11,9.294857597611207e-16,9.987556780173164e-11,1.3596291698473421e-15,2.751952683948977e-09,1.5680796530070024e-13,4.318563022910962e-14,2.0951712047707128e-18,2.3766270134450284e-17,4.876415719717458e-15,9.183746249782526e-08,9.220652018454739e-08,0.0009089897054127418,0.007509679764908439,-0.0004758182795207045
3.243948878996865,0.999933269372737,6.663385852128093e-05,7.943937478769625e-12,8.06952834726337e-08,7.088092577053778e-12,1.1553488869709182e-08,4.4843597002484685e-15,5.7837773855925945e-11,6.041314260952539e-15,9.87541438754183e-11,1.8197122708777184e-13,2.8230296429370818e-09,1.1613373465440443e-17,7.955685269186446e-14,1.4186342105086072e-14,1.4942119094360505e-17,9.524371219971847e-08,6.663385850936631e-05,0.9999332694305888,8.022073340799185e-08,5.873466493579364e-12,1.1972750545511931e-08,6.599983637949341e-12,5.5426070536705034e-11,5.771671607023066e-15,1.010090935128113e-10,8.39873897498063e-15,2.8233526403172924e-09,1.8788341809202688e-13,4.444696167565459e-14,1.635606302979933e-17,1.4658052638398728e-17,5.040409187071986e-15,9.518599678021576e-08,9.521485448996712e-08,-0.0023677442513207053,0.008113135439938758,0.00221625122155347
3.3687161435736677,0.9999160794816117,8.360288836950615e-05,3.531714021445427e-12,1.3464082253617094e-07,5.996016214007987e-12,1.7828752497409123e-07,1.5022266296886354e-14,5.931966143566066e-11,5.4431214548033577e-14,1.0211038829415453e-10,2.316573522615042e-13,2.955552313875262e-09,3.672018414795413e-17,8.361130676480181e-14,1.4952633930797793e-14,2.2947297139175415e-17,3.160552573385439e-07,8.360288844911742e-05,0.9999160777516906,1.3370122786079214e-07,1.9906198584649606e-12,1.809616446924263e-07,2.8433805994478496e-12,5.682333038531525e-11,1.6530140584291877e-14,1.0443662685857934e-10,5.657946563345315e-14,2.9558928043521424e-09,2.4089355631259656e-13,4.6659418142997357e-14,4.295013200816531e-17,2.024168327345714e-17,5.314244120866888e-15,3.1778522535528895e-07,3.1692024134691646e-07,-0.003564520117407894,0.008738585353987383,0.0028989679308688
3.49348340815047,0.9998952773623387,0.00010407890739594963,2.4888538717985057e-12,1.5211527171660765e-07,5.641529265673975e-12,4.862452870484501e-07,2.2666193364875766e-14,7.16951866795295e-11,1.088225402659847e-13,1.2296536882896782e-10,3.565314750943098e-13,3.540415895152745e-09,7.162191759945435e-17,1.0000772992729271e-13,1.7849102081124024e-14,5.898712148847113e-17,6.421043716065064e-07,0.00010407890753968257,0.9998952743636914,1.5099798958274533e-07,3.6346070757051363e-12,4.903619155107252e-07,3.6352852473849978e-12,6.868363481890665e-11,2.2287794656670646e-14,1.257601608610734e-10,1.0045005182070306e-13,3.540828959983048e-09,3.7226268156322847e-13,5.5834902912465155e-14,7.173166421474227e-17,6.025534048817144e-17,6.3421829565825444e-15,6.451030050510574e-07,6.436036883287819e-07,-0.0010284368117281157,0.009385818602326988,0.00049854377928301
3.6182506727272727,0.9998708440787298,0.00012835190753836764,1.6251736495687878e-11,1.156512112235105e-07,1.3204797043550707e-11,6.817446634023874e-07,1.6074558276547908e-14,9.661148533335686e-11,5.6139359907718776e-14,1.6406890216070706e-10,6.192883490472031e-13,4.649208683354535e-09,9.268394417924715e-17,1.306787060862567e-13,2.324698714369985e-14,1.3098131453034401e-16,8.023360658819116e-07,0.00012835190756847707,0.9998708421015885,1.1488339512239406e-07,1.9925804913405746e-11,6.844809505639805e-07,1.8077231109317435e-11,9.261791104732178e-11,1.3649555954298743e-14,1.6780418311818575e-10,4.479254361993215e-14,4.649755658087024e-09,6.429822393151985e-13,7.306060764788752e-14,7.61313215945589e-17,1.4797443786568659e-16,8.262126224937971e-15,8.043133094458282e-07,8.0332468766387e-07,0.0030138232816564275,0.010054615433600554,-0.0028073634298902963
3.7430179373040753,0.999842576814996,0.00015681501705722142,4.5040447816430845e-11,6.946968627933868e-08,3.2042912545954605e-11,5.307498885472007e-07,5.442730393539645e-15,1.226580319167652e-10,9.0555966705181e-16,2.0711613964325194e-10,9.832115694843174e-13,5.814948411808103e-09,5.746595829531661e-17,1.6295239909239023e-13,2.8952884200182805e-14,1.90703081837957e-16,6.06442562483582e-07,0.00015681501678388768,0.9998425778218553,6.921797865500115e-08,4.720929484988132e-11,5.299800996184253e-07,4.461564397829232e-11,1.1761881480046211e-10,3.803708343160889e-15,2.1184888572412517e-10,3.629273078771803e-17,5.815627625991027e-09,1.0074583618315657e-12,9.118272871633143e-14,3.084248059471825e-17,2.2693922833712537e-16,1.0292504623455941e-14,6.054361115701483e-07,6.059393370268652e-07,0.004343280053516934,0.01074474732871689,-0.0035183680718949705
3.867785201880878,0.9998095143756702,0.00019021842650989636,6.490645508608236e-11,9.027382878997046e-08,5.070101176597675e-11,1.6829348099397758e-07,6.469198499707508e-15,1.3362102055850813e-10,6.940320976976323e-15,2.2621242579573375e-10,1.2578507274062062e-12,6.376732062666473e-09,2.8596831074220586e-17,1.7892395349894816e-13,3.181025862251913e-14,1.7087363330356977e-16,2.6542096495375026e-07,0.00019021842607720748,0.9998095168547786,8.99263423627222e-08,6.110450329288406e-11,1.6615481439165354e-07,6.178697071524803e-11,1.2812668796643094e-10,8.236733142679908e-15,2.3138366171645757e-10,9.115426043612803e-15,6.377466749827131e-09,1.2752278416956998e-12,1.0009514650336932e-13,2.3427869708263587e-17,2.0155920349655855e-16,1.1301831423943104e-14,2.6294242952985984e-07,2.641816972418051e-07,0.0011233175693463723,0.01145597708333173,-0.0004909978542750727
3.9925524664576804,0.9997700773571587,0.00022964106420839055,5.1176570931057445e-11,1.920475029140848e-07,5.1315738866911815e-11,8.092431672093237e-08,4.0527546907195814e-14,1.2952610357959183e-10,6.841538986197962e-14,2.2122479173914284e-10,1.4040587372000081e-12,6.329110243120446e-09,1.1389964979783778e-16,1.7839525999948846e-13,3.182352696273119e-14,1.2970202706691768e-16,2.797558965473169e-07,0.00022964106417184052,0.9997700767348754,1.908000848989183e-07,4.2821379627586857e-11,8.28042805272871e-08,4.9267879942505324e-11,1.2412437996978387e-10,4.7756254735436085e-14,2.262804097903731e-10,7.940742858879059e-14,6.32983843096637e-09,1.4216628729230517e-12,9.967117574405809e-14,1.4332225267026043e-16,1.3027034359526874e-16,1.1306106270311954e-14,2.8037835798393284e-07,2.8006712726562487e-07,-0.003746564858033703,0.012188058893884406,0.0034736557929502883
4.117319731034483,0.999723013715213,0.0002761165937003991,1.8395842703653224e-11,2.975087917905269e-07,3.5596544094862954e-11,5.634321038033841e-07,1.1300363421617644e-13,1.2975509180844675e-10,4.562977798070188e-13,2.2339716851100648e-10,1.6772291899412057e-12,6.46651103540061e-09,2.7955598603531395e-16,1.829459775291407e-13,3.273319567372839e-14,1.7872757094590986e-16,8.678170139444902e-07,0.0002761165944819567,0.9997230071915398,2.953281205190822e-07,1.3335047618501859e-11,5.721549231787066e-07,2.1211692383923543e-11,1.2429399197245925e-10,1.2287587754587196e-13,2.284942865114827e-10,4.609803727315954e-13,6.467265366050385e-09,1.7063994933150403e-12,1.0209791958609748e-13,3.231118568097267e-16,1.5974933970220617e-16,1.1636548965461473e-14,8.743400485553989e-07,8.710785312499446e-07,-0.005179435812080131,0.012940738447158531,0.004178538310154358
4.242086995611285,0.9996680537294996,0.00033026213462490476,2.1978343854124342e-11,3.161832349097468e-07,3.525899954769421e-11,1.357963307796105e-06,1.4573128169599117e-13,1.5386693458791025e-10,7.105185206915694e-13,2.6383913904300273e-10,2.431258545785514e-12,7.591549805023403e-09,4.669596454821011e-16,2.1445229443414882e-13,3.822845791291422e-14,3.981900055284971e-16,1.6822165769821582e-06,0.00033026213574209855,0.9996680442142525,3.139249006428057e-07,2.7735709093284286e-11,1.369737833417336e-06,2.726789502647471e-11,1.4740388159979958e-10,1.481298322138036e-13,2.6982122647748326e-10,6.716289355114259e-13,7.59245397456156e-09,2.4825600728668736e-12,1.197381974827895e-13,4.800991847400778e-16,4.019530734021755e-16,1.3577461802122957e-14,1.6917308532634527e-06,1.6869737151228055e-06,-0.001186186199670643,0.013713753013333961,0.00044703321228549826
4.366854260188088,0.9996055927225718,0.0003923769112077683,1.168648697503477e-10,2.299819267711854e-07,9.315833047676461e-11,1.7879181309687086e-06,8.825634373964956e-14,2.025026671570806e-10,2.6677124294899396e-13,3.4370417096753985e-10,3.966850166878577e-12,9.734932437563497e-09,5.250434822332473e-16,2.736026244997256e-13,4.8648259965920985e-14,8.068191208477692e-16,2.02839586567631e-06,0.00039237691108385435,0.9996055877274331,2.2861028775487178e-07,1.3152946983674353e-10,1.7942473656834778e-06,1.1582155752686251e-10,1.9413134085832404e-10,8.104077794579143e-14,3.515160589287268e-10,2.2704987576695766e-13,9.736104303242679e-09,4.042834282643922e-12,1.5296520831317584e-13,4.480827733059263e-16,9.050194008754472e-16,1.7292173744339512e-14,2.0333912787041637e-06,2.030893572190237e-06,0.004566594129268569,0.014506831542495484,-0.0042148820406012364
4.4916215247648905,0.9995354459601785,0.0004630572622864494,2.753143938063251e-10,1.3864234847588653e-07,2.0799182118843728e-10,1.3431220803332087e-06,2.60460906942846e-14,2.4975505711090104e-10,4.014972746103967e-15,4.217812762450688e-10,5.902156691390793e-12,1.1836807369082699e-08,2.8783531459366526e-16,3.3167216020597383e-13,5.895435090133599e-14,1.1079951094936814e-15,1.4947624029666254e-06,0.0004630572597577282,0.9995354499955299,1.381499109725434e-07,2.838826116519797e-10,1.3395188558887956e-06,2.617536548747991e-10,2.394933734588183e-10,2.1031507165230542e-14,4.3142295959578744e-10,3.83138527035353e-15,1.1838209687555632e-08,5.973298963596056e-12,1.8558093181261621e-13,1.530950639119862e-16,1.3159972513849654e-15,2.0966162954145527e-14,1.4907297353265189e-06,1.4927460691465721e-06,0.006066094160292985,0.015319694764562509,-0.00487306636417865
4.616388789341693,0.9994555841593694,0.0005437425219784913,3.5300851140425224e-10,1.8654988949120063e-07,2.9341867491530167e-10,4.7072103545056585e-07,4.3457392762520456e-14,2.6419773474462564e-10,3.3776941461148e-14,4.4734719083794425e-10,7.099711087924422e-12,1.2616990823528347e-08,2.010383799206736e-16,3.5407811509224794e-13,6.2949670599007e-14,9.73326621336946e-16,6.712534830247697e-07,0.0005437425187966888,0.999455590713777,1.856944931414839e-07,3.406808346328743e-10,4.649916432748803e-07,3.387882578655789e-10,2.533339840823271e-10,5.158050884443374e-14,4.575694626857349e-10,4.1508625043768356e-14,1.2618449882513784e-08,7.141063023902695e-12,1.9807787488100086e-13,1.6828803775474777e-16,1.1452537272912107e-15,2.235879960248733e-14,6.647024147405187e-07,6.679779488826442e-07,0.0012098701025491454,0.01615205529260266,-0.0003608157072848351
4.741156053918496,0.9993627595799076,0.0006365030990779697,2.478501553070334e-10,3.839708101367279e-07,2.627958407792157e-10,3.3780932579501196e-07,2.4245468966087427e-13,2.500888520771349e-10,4.907363083968374e-13,4.2722319450123487e-10,7.516715872748554e-12,1.2233988880830151e-08,7.039817781092282e-16,3.448821926565013e-13,6.15733865646808e-14,7.43916733754059e-16,7.352107406655831e-07,0.0006365030993421089,0.9993627556933464,3.8149261713837916e-07,2.2084613924526292e-10,3.442072607990613e-07,2.558217790568197e-10,2.396602690848881e-10,2.746281155140936e-13,4.370124876396176e-10,5.279772429786381e-13,1.223540368329934e-08,7.555711938388462e-12,1.926800884789847e-13,8.441530595604154e-16,7.505234697123193e-16,2.1877282534144498e-14,7.390971967651107e-07,7.371539687153469e-07,-0.005473789836905826,0.017003617729490397,0.00503013067392728
4.865923318495298,0.9992548051771153,0.0007431055840568948,7.734554209995132e-11,5.72987986372365e-07,1.6100212570741297e-10,1.5008608955312201e-06,5.939335714515986e-13,2.4693817907657836e-10,2.5690376806672923e-12,4.2535905692881215e-10,8.600429047921284e-12,1.2308301563791506e-08,1.4772444556209198e-15,3.482282752830194e-13,6.235341413197019e-14,9.55364116947436e-16,2.0870800047857876e-06,0.0007431055895493451,0.9992547858667802,5.689493103308618e-07,6.281025849708391e-11,1.5242704946178327e-06,1.0890962091655412e-10,2.3654389679543447e-10,6.42506913864031e-13,4.3507879645371215e-10,2.567008552645782e-12,1.2309760597317224e-08,8.674517487289494e-12,1.9433163551896004e-13,1.6967590324466452e-15,8.590539049435772e-16,2.2175545187952712e-14,2.1063850112146223e-06,2.096732508000205e-06,-0.0069959266657851245,0.017874078777871005,0.005595222234595752
4.990690583072101,0.9991318836159724,0.0008642697170693687,1.258053815579891e-10,5.861360097964898e-07,1.689389972025464e-10,3.2429568523725364e-06,6.838878065345009e-13,2.8954975688572617e-10,3.301557684740059e-12,4.96244405458373e-10,1.1987346364295143e-11,1.4273140341269455e-08,2.2189856829964426e-15,4.032769175012618e-13,7.171922442095429e-14,1.9413011567043754e-15,3.844462992999684e-06,0.0008642697231319579,0.999131859432387,5.820009142541463e-07,1.479932686093352e-10,3.2712730637857943e-06,1.427368368580005e-10,2.7738599836061987e-10,7.063953115038761e-13,5.074527100469668e-10,3.1592377769573538e-12,1.427488813894157e-08,1.2126448769473445e-11,2.251767428108452e-13,2.3101330607312155e-15,1.953303416935356e-15,2.5445784569322736e-14,3.8686406819605804e-06,3.856551837480132e-06,-0.001187529630883287,0.01876312735338824,0.00022687488159016316
5.115457847648903,0.9989954523192356,0.0010000658831868221,6.022913472342541e-10,4.072283685883037e-07,4.695762377056973e-10,4.052218667768949e-06,3.6828154997796683e-13,3.7476523536584747e-10,9.533129874891047e-13,6.357545792503212e-10,1.8723803470913418e-11,1.799706138675555e-08,2.2473242269269565e-15,5.057536782913413e-13,8.988302144029414e-14,3.698583634528118e-15,4.4795471321241805e-06,0.001000065880190761,0.9989954424076792,4.0471738423836336e-07,6.527540869595602e-10,4.064510075640307e-06,5.524577943756965e-10,3.5926778141457214e-10,3.513942150616831e-13,6.501843662480244e-10,8.367279249187487e-13,1.7999292390401107e-08,1.8928535617026874e-11,2.827392178769929e-13,1.9464518022815368e-15,4.147289479980972e-15,3.195920896455253e-14,4.489461853747994e-06,4.484504492936087e-06,0.006467279977854827,0.019670444701133157,-0.00591782782363734
5.240225112225706,0.9988454404802916,0.001151311395954916,1.2768148682056867e-09,2.415759056650343e-07,9.865404231803541e-10,2.979336060869117e-06,1.0007887344619835e-13,4.5185810116480487e-10,3.647242013340447e-14,7.633344218840101e-10,2.653057381377615e-11,2.1409266248813108e-08,1.1365050681765006e-15,5.997845891576764e-13,1.0669767949713002e-13,4.8812565205487535e-15,3.2458271602225373e-06,0.0011513113799248617,0.9988454522493181,2.407412907669599e-07,1.306142747235533e-09,2.968201363821393e-06,1.1724229050293089e-09,4.332891228036419e-10,8.687321951425923e-14,7.807737244657605e-10,4.115920594017219e-14,2.1411840278220176e-08,2.6705020122316924e-11,3.35574373897851e-13,5.830165645257248e-16,5.801088169608921e-15,3.7970911294045253e-14,3.2340743363480456e-06,3.2399507482852917e-06,0.007961225390469033,0.020595704515269878,-0.006338011485566077
5.364992376802508,0.9986778770745515,0.0013205766112809863,1.4815256412117712e-09,3.4516915031911823e-07,1.2855124907441796e-09,1.172432051399236e-06,2.1591765111214901e-13,4.668741087205788e-10,1.256334827392799e-13,7.904457726107761e-10,3.0443229927331896e-11,2.231586333008586e-08,1.032693381109415e-15,6.263686082745159e-13,1.113455527835629e-13,4.232088785395626e-15,1.543972950821732e-06,0.0013205765947469983,0.9986778911316551,3.4365374959197717e-07,1.4463713624144874e-09,1.1597889457285253e-06,1.437550628411712e-09,4.4767911424964806e-10,2.4644783645384593e-13,8.085082348667611e-10,1.498086528122545e-13,2.231844390449236e-08,3.051842449486092e-11,3.5042509512587954e-13,8.863691346248648e-16,4.959696068008229e-15,3.952837548957199e-14,1.5299325590454577e-06,1.5369527549335948e-06,0.001112715306933526,0.021538573061792958,-4.0151654433737564e-05
5.489759641379311,0.9984867244150871,0.0015115054806448742,9.242050184345764e-10,6.973876684685282e-07,1.0493320126772503e-09,1.0458784975979513e-06,1.092936823107264e-12,4.3416472004124495e-10,2.549762859166973e-12,7.418879313008477e-10,3.101036879694535e-11,2.1262760544174447e-08,3.2284369024460622e-15,5.994180811799316e-13,1.0718716079698924e-13,3.2414780800860635e-15,1.7677138824367442e-06,0.0015115054838926094,0.9984867113060152,6.927740049548163e-07,8.488587929280756e-10,1.0636918925237094e-06,1.0295508311651683e-09,4.1606868498013084e-10,1.2145192954452424e-12,7.589642772989486e-10,2.6507083444625214e-12,2.126522871581543e-08,3.107459629175232e-11,3.3490051095390044e-13,3.777645483347459e-15,3.263063436259664e-15,3.8099663620058026e-14,1.7808198886455284e-06,1.7742668855411363e-06,-0.007545443210692136,0.022498709304369757,0.006875745317839725
5.614526905956113,0.9982686447766624,0.0017268316703031943,2.566401894633513e-10,9.969020231208362e-07,5.812606220761498e-10,3.5009937849000736e-06,2.4253694666503996e-12,4.248957499829895e-10,1.096263096833394e-11,7.324026049143373e-10,3.4447674708279697e-11,2.117916548669368e-08,6.064065248436056e-15,5.992149011104987e-13,1.0738114372239691e-13,3.963805963720947e-15,4.521118724973101e-06,0.001726831697390414,0.9982685979075334,9.895663414577624e-07,2.2284162469574126e-10,3.5553625740545822e-06,4.227944800510465e-10,4.0700881761594423e-10,2.6174056951533224e-12,7.491572092928232e-10,1.0900951035267802e-11,2.1181724927724332e-08,3.460660295731969e-11,3.344200224382306e-13,6.935241763661066e-15,3.57835327280044e-15,3.820571079123749e-14,4.567960950670739e-06,4.54453983782192e-06,-0.008953961478783514,0.023475765033219548,0.007094230614623999
5.739294170532916,0.9980250182592807,0.001967086648634013,5.790384218911544e-10,9.758707416626986e-07,6.555591015757965e-10,6.8897280034686704e-06,2.5482119207688637e-12,4.948704912222917e-10,1.2098629336877327e-11,8.474615048325242e-10,4.6716840596655444e-11,2.437371775776857e-08,8.398312219702191e-15,6.88941613228388e-13,1.220208749819022e-13,7.539641338151237e-15,7.892611582990954e-06,0.001967086673276585,0.9980249654062636,9.688899567312145e-07,6.517558737626637e-10,6.949536541409578e-06,5.826980972953433e-10,4.740742728517009e-10,2.653495607144128e-12,8.665143388922608e-10,1.1651356413594847e-11,2.437680787046347e-08,4.704645102893421e-11,3.847232055561998e-13,8.789073153461764e-15,7.594277547683468e-15,4.320777797290338e-14,7.945440144211442e-06,7.919025863601198e-06,-0.0009794220431948869,0.02446938499698039,-0.00020395721739050558
5.8640614351097184,0.9977593957260295,0.0022316760350443647,2.4273771842213403e-09,6.527956758965076e-07,1.874857768885622e-09,8.236492506075945e-06,1.2434235197907055e-12,6.325271781716372e-10,2.7680695583811007e-12,1.072601280539081e-09,7.060520027484424e-11,3.034254095018615e-08,7.798777457947043e-15,8.524978710432733e-13,1.5149083091337886e-13,1.3688222102358738e-14,8.925713728503513e-06,0.0022316760142034545,0.9977593784454684,6.490779880237795e-07,2.5761223245543903e-09,8.257104882012813e-06,2.1313253069640022e-09,6.063537286602657e-10,1.2094387717340278e-12,1.0968907697259357e-09,2.4635682715405913e-12,3.034643714758315e-08,7.109414683019045e-11,4.765113635065941e-13,6.764500066473701e-15,1.5386788145585317e-14,5.3905888660130755e-14,8.943015319036493e-06,8.934364523770003e-06,0.008705915999549249,0.02547920703751309,-0.007901013900232283
5.98882869968652,0.9974719214662089,0.002521653960211041,4.670266831624646e-09,3.940349811227643e-07,3.728896985251615e-09,5.98200942222342e-06,3.2273101537186724e-13,7.483661630324294e-10,2.1337677708852462e-13,1.2648065221238624e-09,9.625950422131154e-11,3.544968791627135e-08,3.731641217006611e-15,9.928032160454213e-13,1.7686635155661674e-13,1.7471245124069768e-14,6.4220044142489555e-06,0.002521653883819139,0.9974719497579715,3.928479345984572e-07,4.7578253253802355e-09,5.9543401283810655e-06,4.280264146959767e-09,7.176014192168808e-10,2.916162632505849e-13,1.2936679520212583e-09,2.389208867919604e-13,3.545400562411424e-08,9.663664227785159e-11,5.553649933616575e-13,1.823339788320539e-15,2.0786338352528505e-14,6.300923521317177e-14,6.3937892356105495e-06,6.407896824929752e-06,0.00996584619740619,0.02650486222759048,-0.007856524080650145
6.113595964263323,0.997155361302972,0.002841365143707167,5.010450036346312e-09,5.882188432061601e-07,4.5501680715615934e-09,2.634736960371232e-06,8.613899074598763e-13,7.579617722022673e-10,4.2353434160443627e-13,1.282787726730007e-09,1.0639202590407108e-10,3.627002739579097e-08,4.1868499488738685e-15,1.0182513102245978e-12,1.8092709145227329e-13,1.4942371096662146e-14,3.270936093837799e-06,0.0028413650734239364,0.9971553881036999,5.852511672711434e-07,4.9254436565401385e-09,2.6106153701146807e-06,4.992147536392619e-09,7.26812697033997e-10,9.62245025927931e-13,1.3121220297224676e-09,4.898796014001903e-13,3.6274188461745676e-08,1.0648327558278772e-10,5.696941559740934e-13,3.692585774162639e-15,1.7422067809031867e-14,6.417307773456695e-14,3.2442058421493565e-06,3.2575709679935775e-06,0.0007821399534304991,0.027545975011419185,0.0005095582560496547
6.238363228840125,0.9967993381030881,0.003196797112834364,2.8841504932135066e-09,1.1518778651103184e-06,3.4498391449670786e-09,2.66782078490644e-06,3.9973183918534605e-12,6.952813354273253e-10,1.0398444930842448e-11,1.1885303573548007e-09,1.0518707421799403e-10,3.4086405955467966e-08,1.187471753060538e-14,9.607841828170913e-13,1.7229173901099918e-13,1.1420325188991937e-14,3.8621235965116954e-06,0.0031967971317325723,0.9967993035083967,1.1439531300605e-06,2.6967292564807775e-09,2.7105540735780255e-06,3.4020163458172685e-09,6.663295246303645e-10,4.397648469954785e-12,1.2160579940503746e-09,1.0629477993775622e-11,3.409035873450653e-08,1.0524268381196251e-10,5.36812984959255e-13,1.371354594313645e-14,1.1433403642235245e-14,6.130168255430665e-14,3.896699588565904e-06,3.8794115925387995e-06,-0.0099456054460771,0.028602163347939615,0.008990141499752266
6.363130493416928,0.9963991773886346,0.0035918367744302614,7.685263144766534e-10,1.5933406292338416e-06,1.776487601472212e-09,7.35150667081336e-06,8.16352928371075e-12,6.768454604149224e-10,3.812409784237415e-11,1.1677991885174948e-09,1.1437584534182714e-10,3.373399567426961e-08,2.0481086903545114e-14,9.5449030468566e-13,1.7115492905810949e-13,1.3489214122755908e-14,8.983132777374357e-06,0.0035918368860070543,0.9963990763159559,1.5818684628850681e-06,6.947476485748513e-10,7.464438393940072e-06,1.3494942544152378e-09,6.483500910503883e-10,8.797641609330438e-12,1.194561422749094e-09,3.781343849571227e-11,3.373816116281035e-08,1.1467037987393383e-10,5.327572513424644e-13,2.3351916109341292e-14,1.2208583601398777e-14,6.091344558152423e-14,9.084094082095916e-06,9.033613429735135e-06,-0.010988393964974018,0.029673038856848803,0.008617442546813212
6.48789775799373,0.995958809869177,0.004026265447015188,2.101100992047075e-09,1.5158799310110134e-06,2.157512032120836e-09,1.3360825333941577e-05,7.935026077591721e-12,7.851540022920036e-10,3.6886791257169435e-11,1.3430160507960986e-09,1.5212936084352864e-10,3.864162100818122e-08,2.6575264997323584e-14,1.0930416967004465e-12,1.9234350540049982e-13,2.446076267618541e-14,1.4921931956637433e-05,0.00402626553266036,0.9959587060099354,1.5055110252243959e-06,2.3088092375600206e-09,1.3474943257220236e-05,1.9732652686374784e-09,7.521383063628677e-10,8.296341372140878e-12,1.3730156449318215e-09,3.5639031102061423e-11,3.8646736207703785e-08,1.5284418397708448e-10,6.104795611326845e-13,2.7857807316951887e-14,2.4716668159769468e-14,6.788933948032664e-14,1.5025705757609657e-05,1.4973818857123545e-05,-0.0005159013652488794,0.030758206967289915,-0.0008802242778561271
6.612665022570533,0.9954854211891286,0.004498146717149525,8.05914642348035e-09,9.858797250555865e-07,6.2189789905178955e-09,1.5378613208369327e-05,3.5603079063064684e-12,9.9373021464452e-10,6.7238945425707716e-12,1.6847087650696092e-09,2.2413214900135347e-10,4.761347053370787e-08,2.2931799168215574e-14,1.3372595432103249e-12,2.377799237785211e-13,4.277160268591955e-14,1.6429299025446655e-05,0.004498146613365184,0.995485395586622,9.803984466044131e-07,8.463942463817423e-09,1.540869104367169e-05,6.921345564931742e-09,9.525624003055367e-10,3.4961141937504555e-12,1.7227281983784422e-09,6.006520006242898e-12,4.761984201614657e-08,2.2520793290083302e-10,7.47289610922599e-13,1.9779330592668194e-14,4.8261518217737707e-14,8.473994076421588e-14,1.6455005521557177e-05,1.6442152273501916e-05,0.011260707716926905,0.031857267069150416,-0.010139036413497926
6.737432287147335,0.9949793980610411,0.0050088122207691925,1.4537683930435538e-08,5.980780016710652e-07,1.1824048044063796e-08,1.1104264110178976e-05,9.11868237218145e-13,1.15631737943958e-09,9.096220001541994e-13,1.955628773900336e-09,2.959221633709719e-10,5.4764514580986e-08,1.0615606933956053e-14,1.5330281034348387e-12,2.736803881206578e-13,5.312584789617141e-14,1.1786879918662419e-05,0.005008811919178533,0.9949794581122416,5.961183099021336e-07,1.4780023704092072e-08,1.1044760234544162e-05,1.3292267521794595e-08,1.1087538312872235e-09,8.447527440833723e-13,2.000176232096025e-09,9.96903445184249e-13,5.47712314527765e-08,2.966525979299714e-10,8.573722927395942e-13,4.942926297010312e-15,6.328200125217199e-14,9.764703618372858e-14,1.1727130514686716e-05,1.1757005216674568e-05,0.01201298689530197,0.0329698126669105,-0.009369501885873793
6.862199551724138,0.9944282832607823,0.005565276173126888,1.4662783176832356e-08,9.28982245956125e-07,1.3706811968962722e-08,5.421774442659631e-06,2.887702164734467e-12,1.150620086822876e-09,1.3334584723759636e-12,1.9455920418962934e-09,3.168882214837223e-10,5.513555924346363e-08,1.4124050021630295e-14,1.5482814095010362e-12,2.7490620724162857e-13,4.489995820691477e-14,6.4376810467274805e-06,0.005565275926879599,0.9944283281293903,9.242554397661963e-07,1.4464191354088468e-08,5.3809125485882294e-06,1.4868868073920153e-08,1.103377637909808e-09,3.1879486192863105e-12,1.990127756386552e-09,1.4979258829562136e-12,5.5141747720429765e-08,3.16878851151936e-10,8.663582735344957e-13,1.2767184026483426e-14,5.206739289289442e-14,9.737576690601257e-14,6.393058894191431e-06,6.415369970459456e-06,0.00017632367440244194,0.034095431535981886,0.0013189615983093734
6.98696681630094,0.9938153754628921,0.006176826903440974,7.784333147782534e-09,1.7900002830895207e-06,9.78539438818804e-09,5.932708903172806e-06,1.2418108293125842e-11,1.0443123564733848e-09,3.540903388455803e-11,1.7862707091965141e-09,3.059478710056075e-10,5.124105043245851e-08,3.688276558435473e-14,1.4437497608679658e-12,2.6016060004052773e-13,3.423274141191799e-14,7.794706097335476e-06,0.0061768269923166705,0.993815296724317,1.7777778239898504e-06,7.3405302805436385e-09,6.0241227591025805e-06,9.682706974301972e-09,1.0008997376996738e-09,1.3588510138084185e-11,1.8280409083101975e-09,3.587522315135099e-11,5.1246947897944506e-08,3.05857365800992e-10,8.067398159466565e-13,4.2278851587975225e-14,3.405474616926895e-14,9.274698456964316e-14,7.87335600581072e-06,7.834031051573098e-06,-0.01264673193182389,0.03523370588147621,0.011343035226558515
7.111734080877743,0.9931347826978066,0.006848570834361183,1.9674885689140854e-09,2.4052881205029777e-06,4.729473955178282e-09,1.417777219774247e-05,2.3628825558647604e-11,1.0137288839522968e-09,1.1303260495538978e-10,1.7513301036947151e-09,3.276692956288798e-10,5.0508805278449005e-08,5.94845013125054e-14,1.4295621865289444e-12,2.562446322782834e-13,3.9469734573827815e-14,1.6643497260522827e-05,0.006848571218499268,0.9931345865124455,2.3877245559111625e-06,1.826817122966023e-09,1.4392323911805183e-05,3.679047166144627e-09,9.71050722395489e-10,2.5442688497128684e-11,1.7915624147356052e-09,1.1195760293096137e-10,5.051520304099998e-08,3.281524108690697e-10,7.981241392952732e-13,6.765698318002133e-14,3.580836230859992e-14,9.116401175434131e-14,1.683929869363938e-05,1.6741397977081104e-05,-0.013030940366145891,0.03638421249934099,0.010105242489303261
7.2365013454545455,0.9923950168287152,0.007578620945739297,6.633829171656506e-09,2.214182696737879e-06,6.1772647820401186e-09,2.4070788260648044e-05,2.145255909853703e-11,1.1731753548405262e-09,9.722388629745235e-11,2.0032405706036095e-09,4.2978726306507326e-10,5.76996554693694e-08,7.315264070621402e-14,1.6341296146340525e-12,2.8479864196149585e-13,6.909452656639007e-14,2.635920864761832e-05,0.007578621188201582,0.992394831370095,2.1987451024022743e-06,7.190060006077206e-09,2.42713074217879e-05,5.754425112701337e-09,1.1237871064660312e-09,2.246882807782649e-11,2.0475598939720076e-09,9.407565400031373e-11,5.770771450873816e-08,4.3124374249374763e-10,9.128684568188782e-13,7.663232568774714e-14,7.012920122465326e-14,1.0003370803475046e-13,2.6544425018706392e-05,2.6451816833162356e-05,0.00024035228752789415,0.037546522939800465,-0.001828181685671771
7.361268610031348,0.9916089192613146,0.008362754396786362,2.3380705933720272e-08,1.39339399095631e-06,1.7894592540038116e-08,2.68135139908159e-05,8.923902119945808e-12,1.4729798248933334e-09,1.4202189118377343e-11,2.4975409042946997e-09,6.200865897119852e-10,7.048326012534022e-08,5.920117050517286e-14,1.9783425208139512e-12,3.5249568822758537e-13,1.1717061650873767e-13,2.8323282780991443e-05,0.008362753986581485,0.9916088867290122,1.3859837851338294e-06,2.4388852481992247e-08,2.6851083052555973e-05,1.966601493537858e-08,1.4118416112950423e-09,8.795891282644065e-12,2.5536471470105135e-09,1.2638573435357021e-11,7.049314891519398e-08,6.223104201345281e-10,1.1050005991932462e-12,5.051763047880165e-14,1.3277094133810498e-13,1.2598099256047816e-13,2.8356225501935688e-05,2.8339754141463566e-05,0.014098529335972084,0.03872020367303725,-0.012596935255590675
7.486035874608151,0.9907769491305852,0.009202687572731941,3.940835850412671e-08,8.632454292176568e-07,3.2720531413298297e-08,1.9339536023084577e-05,2.310189625063882e-12,1.6878810923305564e-09,3.0054199585854775e-12,2.8570730509311296e-09,7.962776140166884e-10,7.993559323945088e-08,2.7025209874038288e-14,2.2361543762015162e-12,4.0045809074423785e-13,1.4206837226465065e-13,2.036019528853202e-05,0.009202686567726976,0.9907770633608953,8.608283407650787e-07,3.999390754261963e-08,1.9224530257488493e-05,3.6327398775005215e-08,1.6183910368560374e-09,2.178365569020191e-12,2.921953331948194e-09,3.2543742178715118e-12,7.99453747616793e-08,7.975695688950942e-10,1.2501313121856075e-12,1.2091452715844952e-14,1.6936083144431477e-13,1.4318731976240675e-13,2.024697020078128e-05,2.030358274465665e-05,0.014033569117799728,0.03990481625705032,-0.010817288419296845
7.610803139184953,0.9898787927679826,0.010109291824943661,3.733014278911698e-08,1.3990471351969778e-06,3.6241596555656596e-08,1.0355028612132249e-05,8.438351551146873e-12,1.6526367830440134e-09,4.1231444724508445e-12,2.7899049033924695e-09,8.299004858243953e-10,7.932395908277149e-08,4.133245482202365e-14,2.2282754329609373e-12,3.951976170781584e-13,1.1862935774990034e-13,1.191225923285992e-05,0.010109291075677252,0.9898788611608428,1.3913205278078811e-06,3.6879851471737105e-08,1.0292735539770236e-05,3.906389364934878e-08,1.5848956084888594e-09,9.258842222924079e-12,2.8538903381272137e-09,4.502421079713475e-12,7.933250025290678e-08,8.294382075851113e-10,1.2471148871429356e-12,3.820950967476959e-14,1.3673959978767497e-13,1.397061047766381e-13,1.1844615860139714e-05,1.1878437546499817e-05,-0.0007372286664207501,0.04109991750762303,0.0024096774871911904
7.735570403761756,0.9888890795667669,0.011096271091419354,1.844447274264863e-08,2.6258284111927323e-06,2.4505560832696117e-08,1.1899371421019945e-05,3.387834596746713e-11,1.4878477366235909e-09,1.0424612933395208e-10,2.547926078775889e-09,7.860493549858615e-10,7.303977584472358e-08,1.002397840657344e-13,2.0566076135879512e-12,3.7333527425488864e-13,9.013247150520351e-14,1.4646152209593574e-05,0.01109627141193082,0.9888889209030697,2.6068566916246924e-06,1.7467406217680348e-08,1.2077857793583909e-05,2.4302133684093495e-08,1.4261639628379428e-09,3.696258376918444e-11,2.6083856182745627e-09,1.0511435111215536e-10,7.304804354385125e-08,7.854343028324791e-10,1.1494191141026595e-12,1.1440557481478574e-13,8.902771735121972e-14,1.3351324402190903e-13,1.4804495615838703e-05,1.4725323912716138e-05,-0.015610327540496747,0.042305059670335037,0.013895031267817286
7.860337668338558,0.9878011872816109,0.012169806621716071,4.753767822987776e-09,3.4232171818867313e-06,1.1237175205730843e-08,2.5486692006938893e-05,6.04798030665856e-11,1.4424619356760275e-09,2.9459570021875104e-10,2.4959732560701386e-09,8.326719453404574e-10,7.183531017846266e-08,1.5278196015734858e-13,2.0345941414677557e-12,3.638558918681538e-13,1.0211059112326198e-13,2.900286427801576e-05,0.012169807779000718,0.987800835150026,3.398081153228907e-06,4.515985011837369e-09,2.5865441261883106e-05,8.829018242016573e-09,1.381736583785818e-09,6.507579016689558e-11,2.553448629465417e-09,2.9153099682460266e-10,7.184468969833265e-08,8.333705094558012e-10,1.1364277459347625e-12,1.7338371556928435e-13,9.284936496772958e-14,1.2925014466066584e-13,2.9353838802484866e-05,2.9178351540250313e-05,-0.015012253381796873,0.0435197905945503,0.011498405943942507
7.985104932915361,0.9866310154275014,0.01332499276769038,1.825812885635984e-08,3.068471104808644e-06,1.5851997992245186e-08,4.07981324447056e-05,5.157809707647904e-11,1.6669926749709656e-09,2.274053416181762e-10,2.839300446236547e-09,1.0810389371780777e-09,8.194549362871997e-08,1.7927841645748897e-13,2.3248060987024968e-12,3.998920713651507e-13,1.739409913738692e-13,4.3988528563406225e-05,0.0133249933849577,0.986630705806641,3.0481476610267634e-06,1.961434893381685e-08,4.1127001535356384e-05,1.495334427737245e-08,1.5966858343541106e-09,5.4034809862810775e-11,2.9012689293029273e-09,2.2005979832256522e-10,8.195774243619565e-08,1.0838972285316157e-09,1.2990107535070638e-12,1.8737710870835185e-13,1.7746639466215132e-13,1.395376272001948e-13,4.4297532382022784e-05,4.414303047271451e-05,0.0013167220380369273,0.044743653909312786,-0.0030646046158232672
8.109872197492162,0.9853996154378837,0.014554108557660397,5.9558600408721715e-08,1.8900180932111158e-06,4.577354621214409e-08,4.417080648876217e-05,2.001662123751166e-11,2.0791114996887257e-09,2.6407698273056926e-11,3.5279973424946294e-09,1.5326266822564552e-09,9.933724763190138e-08,1.3686834754189645e-13,2.7852877253731886e-12,4.984160409882818e-13,2.872992845806507e-13,4.62726838439414e-05,0.01455410720012733,0.9853995819959807,1.8809413246348233e-06,6.189284464783941e-08,4.420815709086719e-05,4.995875026656698e-08,1.9925591856842947e-09,1.9733308246630607e-11,3.606756240995301e-09,2.3248471411105123e-11,9.935198484693433e-08,1.537038493974135e-09,1.5545179661732538e-12,1.1510195033347044e-13,3.269898545915047e-13,1.7899101381808507e-13,4.630748350656445e-05,4.629008367525293e-05,0.01717576957627833,0.04597618920108066,-0.015231156193904754
8.234639462068966,0.9841070834769173,0.01585948188866293,9.531166195409344e-08,1.196152784703855e-06,8.076175864567571e-08,3.1939588379945724e-05,5.374275891792434e-12,2.3475643221641596e-09,8.374331083120851e-12,3.977317486848509e-09,1.9204146006587834e-09,1.1119480943716563e-07,6.257993737780864e-14,3.107998020330098e-12,5.587869151348343e-13,3.4074428638083955e-13,3.343127250981232e-05,0.0158594789282186,0.9841072848592535,1.192433652390979e-06,9.663185236796547e-08,3.173524239055283e-05,8.907782234065918e-08,2.2507913750365778e-09,5.144141334083774e-12,4.067147023353093e-09,8.990679118593268e-12,1.1120818385744309e-07,1.9225024440956227e-09,1.7367155861935356e-12,2.724103145942311e-14,4.0640562406636086e-13,2.0033854626451327e-13,3.3232850847873605e-05,3.333206167884297e-05,0.01595850453976743,0.04721693219322908,-0.012141561000576569
8.359406726645767,0.982721810360718,0.017257343033780227,8.609029248089769e-08,1.9924497617228433e-06,8.59941515302392e-08,1.8561708555475263e-05,2.2002852354434873e-11,2.2640524901002894e-09,1.2139719860441838e-11,3.8122635179879954e-09,1.9540901123218663e-09,1.0889065701084052e-07,1.0725743430827669e-13,3.060056185127978e-12,5.418913895818884e-13,2.8115679954373977e-13,2.0843201957274516e-05,0.017257341014489433,0.9827219044873035,1.9806036979261394e-06,8.50902665353411e-08,1.8476012672232865e-05,9.24234854703783e-08,2.171511341008955e-09,2.4070192532766148e-11,3.900057800860963e-09,1.2977670197988448e-11,1.0890154042889834e-07,1.9522893727867396e-09,1.7132646267294828e-12,1.0116438024664808e-13,3.220808678795991e-13,1.9103008809115744e-13,2.0751094896510973e-05,2.0797148426892743e-05,-0.0019805401195429713,0.04846541492725045,0.003793467547526065
8.48417399122257,0.9812070993182681,0.018767020396378814,3.997898355325828e-08,3.669561802448374e-06,5.548357411895937e-08,2.200465089382041e-05,8.290434909826905e-11,2.0263600183936666e-09,2.724366805274676e-10,3.4773824343937238e-09,1.8216939362333941e-09,9.947743426118298e-08,2.4363419054156764e-13,2.798010091786549e-12,5.135749638995777e-13,2.1289633990915628e-13,2.5876837233736418e-05,0.018767021437372383,0.9812068039500635,3.643067211428522e-06,3.789487681867325e-08,2.232793984555569e-05,5.508376751534676e-08,1.942700778371514e-09,9.030704670824583e-11,3.5616724662570878e-09,2.7399024794796014e-10,9.948836573051763e-08,1.8197072805027897e-09,1.5643155269114536e-12,2.773894837078998e-13,2.087875482518944e-13,1.8455796611101547e-13,2.6171164679919065e-05,2.6024000956827743e-05,-0.01878795747002717,0.04972116594558111,0.016598725522107536
8.608941255799373,0.9795566943888202,0.020395307717885093,1.042964724643358e-08,4.674474776357904e-06,2.4326989642994516e-08,4.31793082720889e-05,1.3967605867518322e-10,1.9639391020262367e-09,6.897656159127712e-10,3.4040096478032304e-09,1.9150358503985703e-09,9.774606787636005e-08,3.5407761142733125e-13,2.7721115570829397e-12,4.929963584838532e-13,2.3831964246285874e-13,4.799440203699258e-05,0.020395310856814685,0.9795561023189733,4.640603999207978e-06,1.0083728811912864e-08,4.380767244294853e-05,1.9099292063184732e-08,1.8812701901435227e-09,1.5019100720039897e-10,3.4825665081624318e-09,6.820676778986044e-10,9.77593405304784e-08,1.915951882151075e-09,1.5494787603413594e-12,4.01010942616732e-13,2.1723150415612762e-13,1.7451312842019702e-13,4.858333319306198e-05,4.8288867615027276e-05,-0.016864029816037455,0.05098371047598164,0.012739975140645527
8.733708520376176,0.9777976096488131,0.022132442432475374,4.5146822819158976e-08,4.0845208318008446e-06,3.69187099856889e-08,6.565717760086922e-05,1.124485359183956e-10,2.2677535127002644e-09,4.807153312987503e-10,3.849627021020936e-09,2.4679762425029623e-09,1.1143964822987277e-07,3.988338403714072e-13,3.1689454651533304e-12,5.357469392042415e-13,3.977294313694942e-13,6.99443866356039e-05,0.02213244378671442,0.9777971252486881,4.057784238205342e-06,4.828947026495736e-08,6.616557086736285e-05,3.5167765835191085e-08,2.1718185557138113e-09,1.1772143983577866e-10,3.932048250752992e-09,4.6479906071810427e-10,1.1145779482155688e-07,2.4734581475548538e-09,1.7710522852752653e-12,4.1547117467951726e-13,4.080889239490202e-13,1.853723728091457e-13,7.042743276192923e-05,7.018590969876657e-05,0.0027296639203237354,0.05225257061739832,-0.004596110940306322
8.858475784952978,0.9759620546055036,0.023965762160948652,1.3853844664132617e-07,2.4500788173827502e-06,1.060856244189679e-07,6.933968861926393e-05,4.091620768551963e-11,2.8123761417338085e-09,4.397563996402033e-11,4.780473544355287e-09,3.446021825463484e-09,1.3413939744906348e-07,2.8882264176262203e-13,3.7548663628737564e-12,6.768603037197003e-13,6.423897932648148e-13,7.217966003145431e-05,0.02396575818235901,0.9759620346664332,2.438845273193243e-06,1.4360913151022607e-07,6.936032584169455e-05,1.1552012460780823e-07,2.694772396741029e-09,4.024887812179419e-11,4.886163513317231e-09,3.804393815387893e-11,1.341605940332724e-07,3.4544324916339015e-09,2.093046200556456e-12,2.386783843785816e-13,7.343321288019114e-13,2.448923342600223e-13,7.22035779372061e-05,7.21916189843302e-05,0.020439500017230744,0.05352726552723178,-0.017990785032458257
8.983243049529781,0.9740488233128478,0.025898617726342606,2.107936638159894e-07,1.586903298238975e-06,1.814012286043736e-07,5.0415265342895555e-05,1.1628143734481443e-11,3.1290058308894305e-09,2.0117797023756723e-11,5.3045909008425005e-09,4.222229255620029e-09,1.4828766767571378e-07,1.3430793017210046e-13,4.140075529304668e-12,7.482176413500562e-13,7.467330866522263e-13,5.2555344542492905e-05,0.02589860993369244,0.974049153517405,1.5822959994135834e-06,2.134519443282699e-07,5.0076592254062266e-05,1.9960314057807298e-07,2.9998050477603265e-09,1.1286511215477458e-11,5.423438078340936e-09,2.1469255122602724e-11,1.483047590244069e-07,4.225255990199796e-09,2.311896453328083e-12,5.788140752044449e-14,8.907166448519405e-13,2.69191940912706e-13,5.2232932881975686e-05,5.23941387122343e-05,0.01772079551485454,0.05480731160993903,-0.013287179521144468
9.108010314106583,0.972010825501676,0.027954403946879494,1.8079139701751212e-07,2.73448119874573e-06,1.8642051452614768e-07,3.150951655738621e-05,5.2099084462842166e-11,2.974829652544703e-09,3.371427129213011e-11,4.991146471776922e-09,4.2047896689357386e-09,1.434195942029436e-07,2.5220568579824197e-13,4.031938312131312e-12,7.129361475322009e-13,6.090564933952534e-13,3.476689144716419e-05,0.027954399069883548,0.9720109412094097,2.717293189504709e-06,1.7855555238267582e-07,3.1404278328309306e-05,2.0024514451527732e-07,2.8537990001094342e-09,5.693619352358702e-11,5.10701459967279e-09,3.553791511813803e-11,1.4343221877466357e-07,4.199791196235108e-09,2.258669387430991e-12,2.4213402064908117e-13,6.932347252829498e-13,2.5041842280497104e-13,3.4656060956847834e-05,3.471147620200601e-05,-0.0035643354710265876,0.05609222270689341,0.005471716146421012
9.232777578683386,0.9697973792277357,0.030159267425309756,7.846775324618626e-08,4.9286972128644865e-06,1.1512892844466075e-07,3.80852945851334e-05,1.851612835471192e-10,2.65258073006478e-09,6.442190946492139e-10,4.567444611413885e-09,3.868869419224418e-09,1.3013449124868866e-07,5.397394589858327e-13,3.654940829780555e-12,6.810756982550439e-13,4.597057160282408e-13,4.334964658153803e-05,0.030159270351680277,0.9697968692007031,4.891194843615841e-06,7.427339486105333e-08,3.86348982150024e-05,1.1429200581963835e-07,2.5437497407083285e-09,2.0153197421546728e-10,4.681503840381221e-09,6.469082742260421e-10,1.3014812363871745e-07,3.863862430132565e-09,2.0446975065793487e-12,6.136658449593465e-13,4.47635725870127e-13,2.4636164302205437e-13,4.385674749155802e-05,4.360319703654802e-05,-0.02212256439473809,0.057381510287427884,0.019400061503769498
9.357544843260188,0.9674044276321337,0.03251972291224384,2.182302251065265e-08,6.113149478366183e-06,4.851036316012891e-08,6.952149961667612e-05,2.956099551797339e-10,2.5710656433893952e-09,1.4746500620755667e-09,4.463215716037441e-09,4.0460734718870895e-09,1.2787485158532816e-07,7.52465468957917e-13,3.6349432125216744e-12,6.394642593017561e-13,5.103892178999189e-13,7.584571348440913e-05,0.03251973058224021,0.9674034882386807,6.067954837802532e-06,2.150773328523653e-08,7.050951736099901e-05,3.770945057146326e-08,2.4628387063717228e-09,3.176373652260789e-10,4.566411160999861e-09,1.4571055781175316e-09,1.278930835606717e-07,4.047157539984033e-09,2.0340491692619783e-12,8.504396321447111e-13,4.664749242667632e-13,2.248989998248188e-13,7.677743719243234e-05,7.631157533842073e-05,-0.01852108832412265,0.058674683640984986,0.013777066522820998
9.482312107836991,0.9648746100729627,0.035018814200313636,1.0245759063838364e-07,5.2064704007341415e-06,7.93402931870969e-08,0.00010102355999776746,2.2532237145537297e-10,2.9670371459712884e-09,9.321381556117344e-10,5.015664711282749e-09,5.185676860564786e-09,1.4578378939533522e-07,8.165402783294168e-13,4.157490100759035e-12,6.881144409570195e-13,8.379961074547589e-13,0.00010657194441110823,0.0350188168593984,0.9648738899523998,5.174128410726617e-06,1.0922781625564787e-07,0.00010176968372215178,7.625949376662636e-08,2.8409196393864535e-09,2.3554059246528116e-10,5.120007560078191e-09,8.998520189955569e-10,1.4581014354269925e-07,5.195963675570143e-09,2.323762836969619e-12,8.469392795986855e-13,8.64916821947275e-13,2.3578066813767997e-13,0.00010728940614132947,0.00010693067527621885,0.004484051227564078,0.05997125007029766,-0.006418802948765941
9.607079372413793,0.9622544785249638,0.03763734438137528,2.942194019500135e-07,3.063637306803181e-06,2.2607493406909117e-07,0.00010439784855037532,7.712882416767308e-11,3.661484941889277e-09,6.600277993480952e-11,6.241163995124688e-09,7.1425534350457654e-09,1.742925035356226e-07,5.627800730694713e-13,4.86633505808793e-12,8.876266976798471e-13,1.3262551218780078e-12,0.00010817326867370634,0.03763733401393911,0.9622544942517474,3.052173219552035e-06,3.044625321686179e-07,0.00010437332854810605,2.4644427386423583e-07,3.5073810332855624e-09,7.55727326367586e-11,6.37726218532772e-09,5.562807068195202e-11,1.7432209546436317e-07,7.158056540293053e-09,2.7075219660597573e-12,4.556670972675874e-13,1.522441629106594e-12,3.2472555507513865e-13,0.00010816790958007376,0.00010817058912689006,0.02382893122669803,0.06127071508552344,-0.02081901600310675
9.731846636990596,0.9595400792214976,0.040380343671743986,4.272655744324756e-07,2.047075275553427e-06,3.752207465287338e-07,7.65138712167237e-05,2.3675447702561722e-11,4.012240511489073e-09,4.3098364704578175e-11,6.8032155903299135e-09,8.57221236419636e-09,1.9034386903321778e-07,2.6959717764961063e-13,5.30708569353607e-12,9.650040852419227e-13,1.5121645252587448e-12,7.957323917840147e-05,0.04038032495868786,0.959540590231106,2.040669213960329e-06,4.3222683122715745e-07,7.598504592808723e-05,4.131862437299898e-07,3.846232573915887e-09,2.3305651731473093e-11,6.953967026624861e-09,4.580999012533987e-11,1.9036408228295702e-07,8.576037376135077e-09,2.9612748028536575e-12,1.1703983319443662e-13,1.8032079943581567e-12,3.486374698670697e-13,7.908094288206631e-05,7.932709103023388e-05,0.019257574222141548,0.06257258259925516,-0.014203938593743642
9.856613901567398,0.9566640342963734,0.043280423415559814,3.510226367322522e-07,3.5972621818504403e-06,3.732318861026824e-07,5.101631486022318e-05,1.1356910318630278e-10,3.763134232284909e-09,8.680102040355559e-11,6.284228622056684e-09,8.371132272919103e-09,1.8192174699636746e-07,5.441950112247527e-13,5.116558908034785e-12,9.032661797754684e-13,1.2189340639632549e-12,5.553837996010994e-05,0.04328041259700999,0.9566641583971053,3.5717368237087297e-06,3.4629217487905176e-07,5.090510647718885e-05,4.0140564601575913e-07,3.611142289818145e-09,1.2412311170859603e-10,6.432051072771425e-09,9.069550371472906e-11,1.8193449020408412e-07,8.359319109064708e-09,2.8688502030338614e-12,5.308237136006105e-13,1.3782510406979868e-12,3.1574670566609925e-13,5.542509803675522e-05,5.548173899843258e-05,-0.0054875612038249606,0.06387635512233011,0.007435236511954906
9.981381166144201,0.9535591584036198,0.04637158447080639,1.4435795859134145e-07,6.346514281376488e-06,2.215894563674631e-07,6.235807386707174e-05,3.819027686832554e-10,3.349807218479718e-09,1.3972949040638647e-09,5.797054257543857e-09,7.617528438493508e-09,1.6409063532356773e-07,1.10262346231753e-12,4.5996317321096445e-12,8.746214298481342e-13,9.171008248194334e-13,6.925317728029531e-05,0.04637159199713411,0.9535583262046233,6.296724223664641e-06,1.3628662967823655e-07,6.324244977565828e-05,2.1969254635255346e-07,3.213607925032676e-09,4.1550060357883057e-10,5.947954424389026e-09,1.4018862026596638e-09,1.6410652126195408e-07,7.606529670434718e-09,2.575749672804347e-12,1.2528031640986587e-12,8.867830190260034e-13,3.191110272313052e-13,7.007785020988864e-05,6.966551374509198e-05,-0.02555005269130321,0.06518153396035962,0.022239899347231265
10.106148430721003,0.9502262736185771,0.04965864690387904,4.318377639117207e-08,7.706054836367266e-06,9.042741800880209e-08,0.00010705412921152662,5.795603264415683e-10,3.246468412616682e-09,2.9127999562399653e-09,5.642304206446005e-09,7.940009409981673e-09,1.6136409893491029e-07,1.4817359278647397e-12,4.603298217712486e-12,7.955941800882143e-13,1.0129023173243197e-12,0.00011507548837707113,0.04965866432769324,0.95022485151683,7.650608066628209e-06,4.323431700722757e-08,0.0001085355500620552,6.90581486937366e-08,3.1097771841190665e-09,6.222473353780509e-10,5.772755585774234e-09,2.875875291009838e-09,1.6138860354382719e-07,7.941261625489081e-09,2.5799320574372163e-12,1.6712143346622757e-12,9.284098236690254e-13,2.769379940996867e-13,0.00011648016657144417,0.00011577782747425765,-0.019923354541945684,0.06648761941090059,0.014562553938290236
10.230915695297806,0.9467289325719412,0.05311466696588274,2.129920869401897e-07,6.425502601793855e-06,1.5858501378084797e-07,0.00014939306029086082,4.193853438530848e-10,3.745077386025223e-09,1.6734639606749258e-09,6.2985540393974545e-09,1.0135566582331222e-08,1.8401198293601385e-07,1.5538454918791373e-12,5.265701590247335e-12,8.499194679375563e-13,1.6420809472347239e-12,0.0001563964333351715,0.05311467159893064,0.9467279108889439,6.388563106546038e-06,2.267894487353733e-07,0.00015043806944864827,1.5379242587003295e-07,3.5847140425516987e-09,4.3751533838868606e-10,6.4240726852827605e-09,1.6119640634084512e-09,1.840497789972705e-07,1.0154531933448069e-08,2.942702787308051e-12,1.603714955325799e-12,1.7050859857443359e-12,2.882134758754973e-13,0.00015741348354657726,0.00015690495844087438,0.006572873843416336,0.06779411096118991,-0.008518239498018387
10.355682959874608,0.9431312325297295,0.056712295901281365,5.813302139804473e-07,3.7075777857954746e-06,4.469882868083283e-07,0.00015148657807335464,1.3554714009463098e-10,4.601248846305928e-09,8.963826988822927e-11,7.877059950753904e-09,1.3787249008517811e-08,2.1852236118828702e-07,1.0227395247927627e-12,6.079546632310355e-12,1.1275355463223618e-12,2.5520836746894057e-12,0.0001564674982462481,0.05671227110918988,0.9431313198427025,3.695720485831669e-06,6.009651634034627e-07,0.0001513739818455843,4.892689297847857e-07,4.405804645097605e-09,1.321273968194083e-10,8.045632239563486e-09,7.274703335161387e-11,2.1856255211181013e-07,1.3814796286804138e-08,3.3734327362988332e-12,8.094626052916387e-13,2.94137405776489e-12,4.1881859074955694e-13,0.00015640497762740567,0.0001564362379368269,0.027277113232778222,0.06910050748636323,-0.02365480930862089
10.480450224451412,0.9394242901258617,0.06045920671624815,8.109468743291037e-07,2.5418327852151783e-06,7.221251863641375e-07,0.00011215862807316702,4.569045539346178e-11,4.96113877755818e-09,8.330847267424129e-11,8.406096534236126e-09,1.622719771768313e-08,2.357776369823626e-07,5.10656148840691e-13,6.563420302818249e-12,1.2019772118552167e-12,2.85752257542464e-12,0.00011649904512159159,0.060459165282561435,0.9394250391847729,2.53318455174344e-06,8.194437595521376e-07,0.00011137540348671128,7.978720513132883e-07,4.755401847820191e-09,4.561630572944324e-11,8.5893894326731e-09,8.825770377426682e-11,2.3579907920727222e-07,1.6230838723622778e-08,3.659007824758306e-12,2.2702915061321188e-13,3.405456369572931e-12,4.36426724484273e-13,0.00011579142016046111,0.00011614523264102635,0.020512018769334745,0.07040630744807781,-0.01484816869609814
10.605217489028213,0.9355152022321215,0.06439942303129735,6.381680962166262e-07,4.5656119098141595e-06,6.975508879713032e-07,7.921825504277008e-05,2.3003909713559078e-10,4.5939756325335e-09,2.0722576023512684e-10,7.6265947626494e-09,1.5561989639622845e-08,2.22766699243993e-07,1.0893267751878907e-12,6.266708822752825e-12,1.1060314919648745e-12,2.2773730844226464e-12,8.53705832003485e-05,0.06439940106605989,0.9355153038979734,4.530628002197192e-06,6.283559706552524e-07,7.912879302872726e-05,7.520971865589426e-07,4.4105029206566364e-09,2.5160723601165643e-10,7.810080913320079e-09,2.154023395472847e-10,2.2277652271723338e-07,1.5537007617227563e-08,3.518431966324002e-12,1.0776128881226163e-12,2.557864858199074e-12,3.844251123335947e-13,8.529088285021748e-05,8.5330733025283e-05,-0.00773726659731908,0.07171100909346093,0.009664409256590614
10.729984753605017,0.9313183860994887,0.0685754897976214,2.467314457123764e-07,7.905238895191608e-06,3.99474522241953e-07,9.733978338793378e-05,7.344245306370438e-10,4.090794377555811e-09,2.8107168297152614e-09,7.130920110232482e-09,1.4029982798233452e-08,1.9987482627222502e-07,2.0989248127104077e-12,5.589267177220843e-12,1.0905916020638055e-12,1.7086890459784015e-12,0.00010611991040347096,0.068575507538453,0.9313170970675051,7.840305131641989e-06,2.3193755409664118e-07,9.869522541172127e-05,3.9495476420323835e-07,3.926612631321737e-09,7.989257185020783e-10,7.327186164257335e-09,2.8184590461886093e-09,1.9989197117009737e-07,1.4008241851604106e-08,3.1349215420518326e-12,2.384162646541868e-12,1.6411739685776353e-12,4.0215702292465163e-13,0.00010739120182066031,0.00010675555611206563,-0.02900109242319474,0.07301411065430322,0.025055749125013866
10.854752018181818,0.92684318840544,0.07298852123417132,8.122987694035785e-08,9.384493043161462e-06,1.5864084999566164e-07,0.0001584330701897816,1.0623031896061759e-09,3.961738154071972e-09,5.364340424639108e-09,6.887264982312503e-09,1.4598082387432805e-08,1.9680883010066668e-07,2.7297990642934215e-12,5.64505031382184e-12,9.488768703869372e-13,1.8818414107297685e-12,0.00016828612772468545,0.0729885577747921,0.9268411309652903,9.31629201766083e-06,8.274850522750378e-08,0.0001605611215309287,1.1814431985698763e-07,3.794754322601082e-09,1.139525433625371e-09,7.0457329334212184e-09,5.2918371789465094e-09,1.9684126901560288e-07,1.459972811389002e-08,3.170666382773347e-12,3.0722562838783997e-12,1.7303318621335554e-12,3.2512938633600027e-13,0.00017030702751905604,0.00016929657762187073,-0.021017693675334632,0.07431511054641741,0.015056575282685477
10.979519282758622,0.9221797283667679,0.07759846881798506,4.1633621622955516e-07,7.643713025842152e-06,2.972091966299851e-07,0.00021318242840067793,7.31171251001865e-10,4.56910654624649e-09,2.8061174227014237e-09,7.640579130032217e-09,1.8578862993659654e-08,2.2451645326990358e-07,2.7726799891114725e-12,6.449901967613915e-12,1.0118430743607518e-12,3.0201044840950647e-12,0.00022179854238452268,0.07759847570359414,0.922178338879667,7.60347520037274e-06,4.428888190459497e-07,0.0002145848638948033,2.911123627478119e-07,4.3712728111623755e-09,7.608543326364322e-10,7.78336182810027e-09,2.6955313217922917e-09,2.2457000482298501e-07,1.861289905167519e-08,3.6023427365904092e-12,2.8455688928013635e-12,3.155075673411212e-12,3.3987783730327064e-13,0.0002231811441440033,0.00022248984326426297,0.008977302131119183,0.07561350756908251,-0.010869739959960078
11.104286547335423,0.9174124176203898,0.08236838555548032,1.0755205510966403e-06,4.333241411015455e-06,8.272903827399706e-07,0.0002126511132004448,2.2374720833136612e-10,5.59007050400077e-09,1.109776108094466e-10,9.626993064965346e-09,2.497777542122012e-08,2.648019180819559e-07,1.7473987203513783e-12,7.330424150771092e-12,1.3915394041291083e-12,4.615219947479688e-12,0.0002191925121117704,0.08236833102789877,0.9174126203415113,4.324492560585721e-06,1.1107435936105702e-06,0.00021239209669243056,9.116152936523004e-07,5.349637240125643e-09,2.1675885438166523e-10,9.827734477371282e-09,8.529165985386302e-11,2.6485510613103836e-07,2.5024905345365614e-08,4.052096080884275e-12,1.3485549341619546e-12,5.339162730762597e-12,5.275566365049078e-13,0.0002190443188413577,0.00021911841547656404,0.030712829502392996,0.07690880110449268,-0.02643468686123646
11.229053811912227,0.9125246060444232,0.08730988695099699,1.43826026261212e-06,3.073630664932193e-06,1.3028649722589338e-06,0.00015936060638447949,8.3970491394739e-11,5.922750396595318e-09,1.4698373737726384e-10,1.001332304709927e-08,2.8858033142713183e-08,2.822502088813467e-07,9.186946670828838e-13,7.842402897724074e-12,1.4483315384900922e-12,5.077248843323486e-12,0.0001655026528406572,0.08730980167498022,0.9125256503791346,3.0622503542810697e-06,1.4515338785073438e-06,0.00015825512068317374,1.4474056204986908e-06,5.676595617221374e-09,8.502999951593587e-11,1.0226984593505351e-08,1.553848655744623e-10,2.822693670853996e-07,2.8859153676779205e-08,4.3679166778477966e-12,4.240196924231556e-13,6.044887399081606e-12,5.290810825784307e-13,0.00016454359441820372,0.00016502312362943046,0.021435088411606764,0.07820049131713144,-0.015184136593225902
11.353821076489028,0.9073927261937915,0.09248056131918468,1.0859048342546185e-06,5.596139297034847e-06,1.2247586555593742e-06,0.00011849512349140732,4.366141586137191e-10,5.420129572586255e-09,4.5925036800014113e-10,8.937974170838014e-09,2.7213937976930033e-08,2.6368519784809263e-07,2.040149023893722e-12,7.41816182731563e-12,1.310879033487368e-12,4.0003689459825886e-12,0.00012670809415191002,0.09248051966104748,0.9073927579406046,5.546419573807657e-06,1.0668535283667906e-06,0.0001184733910430391,1.3251555091092502e-06,5.207319838750658e-09,4.780996995582313e-10,9.160945541928942e-09,4.758972545299041e-10,2.636872368701954e-07,2.7165463529005054e-08,4.173278811609441e-12,2.0437572165520248e-12,4.4623863488812926e-12,4.524241355884456e-13,0.00012671800574890325,0.00012671304995040664,-0.010288850042784362,0.07948807935299029,0.012129649514979902
11.478588341065832,0.9019118039212156,0.09793164693732409,3.985720908939539e-07,9.480383874672339e-06,6.789166565683302e-07,0.0001457070448663885,1.3265105058923323e-09,4.837757114201237e-09,5.284196438758367e-09,8.514995723990561e-09,2.4342980202115093e-08,2.3546887994843175e-07,3.750571287776454e-12,6.5666783723227515e-12,1.322387896703764e-12,2.9932771467486037e-12,0.00015654470744137124,0.0979316855888618,0.9019098968790589,9.397169407320342e-06,3.729463549168046e-07,0.00014769478209805136,6.68246831785111e-07,4.647065454774286e-09,1.44296149338489e-09,8.766731687522884e-09,5.296939426349258e-09,2.3548539822190528e-07,2.4303245475164372e-08,3.691904946939729e-12,4.2600984365150645e-12,2.8563758515904474e-12,4.937612263194636e-13,0.00015841309833597317,0.0001574789028886722,-0.03240308911146097,0.08077106753855183,0.02778361516535836
11.603355605642633,0.89610410730359,0.1036579676453226,1.475833321300327e-07,1.1025230555808888e-05,2.644579943941017e-07,0.00022620182803818762,1.8322040490524286e-09,4.676156008479926e-09,9.276834451146918e-09,8.120807114277268e-09,2.5313212830728365e-08,2.3224194492083467e-07,4.734844522507397e-12,6.712197694473942e-12,1.0841742011517757e-12,3.2928674911732733e-12,0.00023792057690397907,0.10365803984472957,0.896101242855682,1.09477018778017e-05,1.5250204967727094e-07,0.00022914029085391785,1.9082833594838964e-07,4.4785698063479115e-09,1.9633612582559554e-09,8.305221276405834e-09,9.142489897354374e-09,2.3228439528708818e-07,2.5316028835525292e-08,3.780418490886493e-12,5.3168251683632005e-12,3.0378867301005166e-12,3.63308058297006e-13,0.00024071282568214464,0.00023931670129306187,-0.021759535227694603,0.082048959579457,0.015227815802990693
11.728122870219437,0.8900919681170374,0.10960315274127481,7.581457200787092e-07,8.810114166028972e-06,5.252240511441372e-07,0.0002944639753101216,1.2013562458565947e-09,5.393288697204891e-09,4.41984646281902e-09,8.96366167233203e-09,3.2143613667943466e-08,2.6502819164219395e-07,4.665367121163154e-12,7.645449014792916e-12,1.1635289177082248e-12,5.241362506629411e-12,0.00030487462792146933,0.10960316137720102,0.8900901457111239,8.772558593228039e-06,8.063419455165979e-07,0.0002962722363919866,5.201904801812765e-07,5.155978757131741e-09,1.246437833914655e-09,9.11562174997297e-09,4.231399620784487e-09,2.6510337013547943e-07,3.2203049230616816e-08,4.264369675281652e-12,4.758450543173092e-12,5.508731897945265e-12,3.8844566440953654e-13,0.00030668839818823813,0.00030578151305485373,0.0116671139302397,0.08332126075877651,-0.013439011046660555
11.852890134796239,0.8839821825572407,0.11571958673830131,1.869601412259558e-06,4.925962417690502e-06,1.4401985600627976e-06,0.00028961882051058694,3.49210646007565e-10,6.57079576062293e-09,1.2552207179645296e-10,1.1404570039741792e-08,4.273518007818572e-08,3.1036289355739156e-07,2.8217179117023113e-12,8.536281704537397e-12,1.6696725844104178e-12,7.883850465039721e-12,0.00029822615198427614,0.11571947483787742,0.8839825547816349,4.922250610613283e-06,1.9297765013494883e-06,0.0002891406640203784,1.6015331236585086e-06,6.2834104981425445e-09,3.3598872529406007e-10,1.1634289737316478e-08,8.925210407507475e-11,3.104316392053917e-07,4.2812843915931726e-08,4.694661850345811e-12,2.11865903113064e-12,9.152521910291148e-12,6.496105932268894e-13,0.0002979658282956392,0.00029809599013995767,0.0340626277261304,0.08458747813480619,-0.029094610958060495
11.97765739937304,0.8777468573291622,0.12202445739906354,2.414022621120573e-06,3.5928337989978515e-06,2.215300232999281e-06,0.00022006456167418577,1.4753388032584146e-10,6.828876208976333e-09,2.390872226498819e-10,1.1497970496592182e-08,4.850217401277087e-08,3.267254287858071e-07,1.5751891574503374e-12,9.059942224835739e-12,1.6884246646310861e-12,8.526735175548329e-12,0.00022868068024820183,0.1220242926619016,0.8777482470720764,3.576257040679151e-06,2.4333465751664946e-06,0.00021857276928770946,2.4793687387190812e-06,6.544575431249821e-09,1.5147217139096378e-10,1.1736114602256512e-08,2.5225318968724867e-10,3.2673636135788223e-07,4.849579626826276e-08,5.041955903320383e-12,7.619018730517353e-13,1.0139075225879967e-11,6.212009488649254e-13,0.0002274556747794289,0.00022806817751381536,0.021987025502274285,0.0858471207383066,-0.015185201532162426
12.102424663949844,0.8712270981293941,0.128590822589362,1.7563643691163186e-06,6.608061256469748e-06,2.0327177554918337e-06,0.00017131258646118586,7.808655013132367e-10,6.183611731270379e-09,9.481410497063024e-10,1.0121361004335885e-08,4.5023072792619884e-08,3.018427852643615e-07,3.5953719276283868e-12,8.486956622042624e-12,1.5075273358569493e-12,6.643237149886797e-12,0.00018207464991270043,0.12859074914511626,0.8712269844991795,6.541282536139776e-06,1.7209839328382876e-06,0.00017142580050997526,2.2087039480607145e-06,5.946927908024403e-09,8.562055139163172e-10,1.0388304790652462e-08,9.808482271434967e-10,3.0182983180767733e-07,4.493530738363896e-08,4.788202000666801e-12,3.642500994866883e-12,7.359743622740686e-12,5.162330750817136e-13,0.00018226172465932478,0.00018216818728601262,-0.013106663607459509,0.08709969976910699,0.014792188712792316
12.227191928526645,0.8642988640956002,0.13547803747819082,6.10716481407127e-07,1.0995579209244215e-05,1.0955558089895277e-06,0.00021005646694026463,2.2627507071695554e-09,5.542460073597601e-09,9.346984945737623e-09,9.877612324867185e-09,4.000787591543824e-08,2.683786570677153e-07,6.32735112840756e-12,7.46137410015767e-12,1.5615792433807732e-12,4.9588391452724344e-12,0.00022309375509008364,0.1354781167317696,0.8642961547949229,1.0893770290190486e-05,5.681413400203039e-07,0.00021285482261394377,1.0713649184380023e-06,5.329382042965758e-09,2.4614389913433587e-09,1.0196820027145412e-08,9.366956172397337e-09,2.683918648266337e-07,3.994015858793647e-08,4.209359495824832e-12,7.187781580071879e-12,4.7030509792831396e-12,5.916685554415352e-13,0.00022572380247510163,0.00022440877878259264,-0.035682260291000634,0.08834472879199401,0.03035989459450684
12.351959193103449,0.8570024169349374,0.14267154794902173,2.5396058492708876e-07,1.2545653128910716e-05,4.2136632708471715e-07,0.00031246986143767895,2.989878556218942e-09,5.3393213637928055e-09,1.514601316697151e-08,9.245334428189212e-09,4.161834174498629e-08,2.6520326594588254e-07,7.775388451257407e-12,7.74570681764256e-12,1.1831064065290318e-12,5.4574928985057815e-12,0.0003260304057955021,0.14267168225322105,0.8569985747399623,1.2459990102449111e-05,2.6624933441446493e-07,0.0003163796548840694,2.928284421054452e-07,5.112587460510581e-09,3.200226796508999e-09,9.44952277562914e-09,1.4910296196077064e-08,2.6525855348788047e-07,4.162438584288869e-08,4.377610476178941e-12,8.710668685313002e-12,5.052862233185047e-12,3.843957042611967e-13,0.0003297382968611349,0.0003278843513283185,-0.022114240815771114,0.08958172393180645,0.015054528178565698
12.47672645768025,0.8494972973942121,0.15009566349867245,1.3100567804425888e-06,9.824916776206361e-06,8.781659669373096e-07,0.00039464095734162495,1.8702209747856275e-09,6.161303736845185e-09,6.570174315981209e-09,1.0179914407264239e-08,5.2756903050591563e-08,3.026965204156129e-07,7.442739678011768e-12,8.77159014484936e-12,1.2929031247094492e-12,8.629906199839534e-12,0.0004070343580392515,0.1500956702444908,0.8494949913437991,9.793255193312716e-06,1.3935308022393182e-06,0.00039688581609878147,8.809694065278361e-07,5.883876391820951e-09,1.9339232884500743e-09,1.0328200741268765e-08,6.265603462893449e-09,3.0280069287520935e-07,5.2857149186179926e-08,4.881155775384114e-12,7.540627125461769e-12,9.124367859623423e-12,4.317239215750087e-13,0.0004093336629246819,0.00040818401048196666,0.01460147222872356,0.09081020406765587,-0.016183077575169427
12.601493722257054,0.8419134372160011,0.15769168942559256,3.088214968468646e-06,5.412217025649057e-06,2.3697783068651023e-06,0.0003835559250921545,5.180454221367204e-10,7.4712686560039e-09,1.3309531165331345e-10,1.3093970753086386e-08,6.938310114274419e-08,3.518067876519777e-07,4.330310737287863e-12,9.596382607553098e-12,1.9492341415906324e-12,1.2787942402238616e-11,0.0003948685703259448,0.15769147398639558,0.8419140333331079,5.41749103419668e-06,3.1854450771612496e-06,0.0003827766481008889,2.6658220721989295e-06,7.137304810819668e-09,4.947621519619142e-10,1.3345690361629025e-08,8.551955911024558e-11,3.5189322244640256e-07,6.950584867208972e-08,5.242032882621338e-12,3.1563859391784772e-12,1.4893938698026213e-11,7.831354262507836e-13,0.0003944878927079408,0.0003946782315169428,0.03725292655391053,0.09202969102619556,-0.031571888042005884
12.726260986833855,0.8342077737078432,0.1654843014382849,3.841604911696605e-06,4.0733373860841175e-06,3.567156592933647e-06,0.00029597394971892155,2.4818918001487107e-10,7.59980674829831e-09,3.591047748684847e-10,1.2707445760310368e-08,7.73976776666063e-08,3.6563688380632354e-07,2.5848202354358605e-12,1.0114261021394418e-11,1.9061881748099283e-12,1.3603774564798358e-11,0.00030792002592661637,0.16548400188951273,0.8342095367593071,4.051077883399122e-06,3.866550820456207e-06,0.00029404589808330834,4.029086166200265e-06,7.283316627468757e-09,2.582051500605896e-10,1.2960457552695842e-08,3.7845826270274736e-10,3.656311505347614e-07,7.737518449949712e-08,5.6254003581328875e-12,1.3181161297089642e-12,1.615095049096592e-11,7.077874093554248e-13,0.00030645652352824553,0.0003071882747274309,0.022138578829377583,0.09323970977385863,-0.014834691259409059
12.851028251410659,0.826182742035498,0.17356336995257715,2.6868245604238904e-06,7.546402370563927e-06,3.2031557580738675e-06,0.00024002084340243922,1.322654321317241e-09,6.820636212069513e-09,1.8340520857420745e-09,1.1081575472469666e-08,7.078832955925458e-08,3.3404251014122643e-07,5.99584581760422e-12,9.37942508498075e-12,1.6842905778628659e-12,1.0481403101175918e-11,0.00025388314339025756,0.17356324832610837,0.8261823846834865,7.456228570274951e-06,2.624683393277806e-06,0.0002403582334427584,3.496993021988332e-06,6.569286243319618e-09,1.4523719401495375e-09,1.1398785371584368e-08,1.8953043191812844e-09,3.3400528971629666e-07,7.063914696246616e-08,5.313180120245713e-12,6.136017948972478e-12,1.1531402301652584e-11,5.717974015931397e-13,0.0002543621221652503,0.00025412263277775393,-0.01614495804350655,0.09443978860798774,0.017605147221530757
12.97579551598746,0.8176971958931913,0.18199490360828993,8.870931307926517e-07,1.2302761691297864e-05,1.6859510319186298e-06,0.00029262480526109035,3.6624375072858487e-09,6.1504807450299455e-09,1.5631293279138897e-08,1.1129981981758312e-08,6.255629841319535e-08,2.9581982266725227e-07,1.0128024192735159e-11,8.200172079837274e-12,1.7945627097343468e-12,7.806292380977404e-12,0.00030789558935874457,0.18199505571382482,0.8176934959045801,1.2177816073699052e-05,8.203714721728235e-07,0.0002964157830653723,1.6341076709059484e-06,5.9219261032134375e-09,3.9840861489672795e-09,1.1529981071365294e-08,1.5660629653988962e-08,2.9582607864441995e-07,6.24475409411374e-08,4.64880640522007e-12,1.1507013176961581e-11,7.36028760371009e-12,6.911564175169824e-13,0.0003114434727319769,0.0003096695310453607,-0.03876575660190421,0.09562945934677783,0.03272327162425937
13.100562780564264,0.8088145301759665,0.1907516396190297,4.245374445360008e-07,1.3767265778536646e-05,6.453896272597056e-07,0.0004185858532654969,4.635499767357606e-09,5.893760608069893e-09,2.3447881046846677e-08,1.0151551779578337e-08,6.514703275692016e-08,2.929033221004299e-07,1.2140248033286913e-11,8.674770342585563e-12,1.2286082384970167e-12,8.604516067026917e-12,0.0004338252558120311,0.19075187657867745,0.8088095506469704,1.3678364791271292e-05,4.5051300070406787e-07,0.00042360699080145595,4.2977993819444146e-07,5.6411658288427695e-09,4.955171648927965e-09,1.036412374788438e-08,2.3054747294271206e-08,2.929747684321111e-07,6.516007979027891e-08,4.922756444091761e-12,1.3566749638562279e-11,7.996103456753717e-12,3.828470481259941e-13,0.00043856782545682464,0.0004361965406344279,-0.022058173774626617,0.09680825751795646,0.014525257641809635
13.225330045141066,0.7997350420307356,0.19973623929907075,2.14045880407766e-06,1.0590558369617656e-05,1.394254943346604e-06,0.0005141416118381756,2.7690821728145127e-09,6.808747234968369e-09,9.252009718478418e-09,1.1192316040324363e-08,8.246429059305496e-08,3.3427497788046914e-07,1.1298297259516508e-11,9.730356966138233e-12,1.390782905158479e-12,1.3530378372829582e-11,0.0005287136813286732,0.19973623661399542,0.7997322117222564,1.0575661834957121e-05,2.27715051348177e-06,0.0005168280658249799,1.4192735614763574e-06,6.49228038019685e-09,2.8527344496950426e-09,1.1319230768533662e-08,8.783209654631386e-09,3.3441709890203816e-07,8.262727572176132e-08,5.3940859837634125e-12,1.1364660241657356e-11,1.4389371322314529e-11,4.698251706648937e-13,0.0005315466751827147,0.0005301301782556939,0.01773003046942095,0.09797572254612258,-0.01905148880309405
13.350097309717869,0.7906109723918416,0.20887938289360078,4.830766006585011e-06,5.7765767156866085e-06,3.6963953861387074e-06,0.0004948195896350803,7.334686502345776e-10,8.21089052849147e-09,1.396300890507471e-10,1.4556342676070116e-08,1.0730222351488731e-07,3.8537722343206474e-07,6.3360069069371345e-12,1.0404791676782142e-11,2.2128089764480697e-12,1.9760938652287967e-11,0.0005096396862369277,0.20887899183285352,0.790611838581091,5.79592196700994e-06,4.980282922564771e-06,0.0004936553129643951,4.216603356419772e-06,7.833562911926243e-09,6.951627062893843e-10,1.481968037806931e-08,8.218818880829674e-11,3.854833144219868e-07,1.0748880078040688e-07,5.634199537678275e-12,4.473502697036207e-12,2.3083789768469616e-11,9.240502136705864e-13,0.0005091645580353193,0.0005094021221361235,0.040212135106152846,0.09913139793866957,-0.033807038894010655
13.47486457429467,0.7813801433698913,0.21821525958956106,5.81472614050365e-06,4.470004544315928e-06,5.455242203850516e-06,0.000388316479115701,4.005748110574311e-10,8.15379407155651e-09,5.00947571895349e-10,1.3495051625733706e-08,1.1770127668738334e-07,3.952322195609722e-07,4.065662625534448e-12,1.0903989216836953e-11,2.0809296785189426e-12,2.0683052915700972e-11,0.00040459197360233405,0.21821474308874972,0.7813822788287708,4.437378078666731e-06,5.844045605088014e-06,0.00038592701187668615,6.229184696998914e-06,7.814981845947297e-09,4.219530595947253e-10,1.3749709297082055e-08,5.276951323481929e-10,3.9519876168238456e-07,1.1764892770471484e-07,6.065007264887526e-12,2.1912338275385486e-12,2.4511020260148473e-11,7.814615463911393e-13,0.00040297301583488483,0.00040378249471860944,0.021871911398451863,0.10027483147021563,-0.014126470581380906
13.599631838871474,0.7718048482339145,0.2278510747129064,3.931202639294107e-06,8.28783580451554e-06,4.809268088447379e-06,0.00032655595106863516,2.1297874392125308e-09,7.267930188906287e-09,3.335195638061954e-09,1.1727150459215559e-08,1.061498833917024e-07,3.570429112023467e-07,9.49514453519683e-12,9.99821080633388e-12,1.8308884569630355e-12,1.576051365464606e-11,0.0003440719475439691,0.22785088562621392,0.771804122216128,8.169137536248904e-06,3.827912869493588e-06,0.00032722511232535084,5.277072153270402e-06,7.014766439008769e-09,2.342048456636174e-09,1.2103300728007526e-08,3.4445126330253565e-09,3.569698360628905e-07,1.0590964144914598e-07,5.695586673877214e-12,9.805865909323083e-12,1.7218729332415505e-11,6.159975661018902e-13,0.0003449870523263119,0.0003445294999351405,-0.019349140137669252,0.10140557536546638,0.020514865125967126
13.724399103448276,0.7617304934308331,0.23785714251554746,1.2389621126325527e-06,1.3267724552661772e-05,2.486894560509867e-06,0.0003949077037052486,5.643857800143476e-09,6.603366983809157e-09,2.4812269719705668e-08,1.2167775650638736e-08,9.337422950124387e-08,3.149869605925508e-07,1.543380993341287e-11,8.70711861229662e-12,2.0090999565189926e-12,1.171410581011655e-11,0.0004123589112554352,0.23785742030973725,0.7617256168563419,1.3122169192398108e-05,1.138502862523042e-06,0.00039985661279325833,2.38215893750167e-06,6.3690717733385e-09,6.139366379341578e-09,1.2662467038124835e-08,2.485224185093832e-08,3.149819170769848e-07,9.320873124940447e-08,4.9690934414534505e-12,1.7538173577961683e-11,1.0983485258891789e-11,7.886290461730175e-13,0.0004169576918604307,0.00041465830155793296,-0.04158376379284561,0.10252318648043568,0.03481654921029617
13.84916636802508,0.7512483412175676,0.24819023159630862,6.735455806272178e-07,1.4598748050727578e-05,9.551276253362896e-07,0.0005447262438249847,6.850606937400269e-09,6.2812973493397715e-09,3.4534101305949226e-08,1.0729808744968067e-08,9.741025257552065e-08,3.1250015645623414e-07,1.8080848687615076e-11,9.423624253605583e-12,1.2083574551331027e-12,1.2944863176052062e-11,0.0005614220129627385,0.24819063050251433,0.7512420961352494,1.451474116213996e-05,7.227181853208697e-07,0.0005509556006972903,6.068995680137593e-07,6.0079134754231385e-09,7.312512236872677e-09,1.0933388523832902e-08,3.390867565952924e-08,3.125921363903961e-07,9.743718298958241e-08,5.3727902040554055e-12,2.0153132340528052e-11,1.2075656433470187e-11,3.563400096168606e-13,0.0005672681893799594,0.000564345101171349,-0.021579438250557664,0.10362722648194984,0.013639249528610377
13.97393363260188,0.7406008376141365,0.2587301081963601,3.3279896141230095e-06,1.1042679666780492e-05,2.1047047376976173e-06,0.0006520584696015874,3.912476303857046e-09,7.272437263815854e-09,1.2372387573797882e-08,1.1914505431359e-08,1.2315119414547275e-07,3.5646402262160623e-07,1.637183878695325e-11,1.0426237284195363e-11,1.4465635368905463e-12,2.026049607735934e-11,0.0006690489791486642,0.25873007975001583,0.740597467829442,1.1052060068716665e-05,3.542494324196425e-06,0.0006551594811269457,2.1784528821875974e-06,6.919616465493133e-09,4.01422627576153e-09,1.1999028484263908e-08,1.1684461930101596e-08,3.5665424553381313e-07,1.2340625121474643e-07,5.747151827453312e-12,1.6342643754811746e-11,2.1670282056555737e-11,5.0223797074574e-13,0.0006724472104942662,0.0006707480948214652,0.020994332535690052,0.1047172620253623,-0.02198776341102222
14.098700897178684,0.7299596959795746,0.2693983604644208,7.2297612200754666e-06,5.959090340065772e-06,5.477893778072476e-06,0.0006226800741793888,9.949044346298035e-10,8.708115964191186e-09,1.6296162023762167e-10,1.5645526224260385e-08,1.585532194722402e-07,4.0737096473767467e-07,8.868904499804267e-12,1.0864269507408384e-11,2.4381611882002424e-12,2.9179128022895814e-11,0.0006419383065605189,0.269397686903656,0.729960860225383,5.995592406787015e-06,7.449410596718573e-06,0.0006210573286406053,6.353685134216574e-06,8.293795085091901e-09,9.35724793640011e-10,1.5906155278257086e-08,9.989497892604218e-11,4.074972248535885e-07,1.58825135426129e-07,5.818169159899457e-12,6.0533706836683755e-12,3.417896180525812e-11,1.0653926867267545e-12,0.0006414476218246376,0.0006416929641925783,0.04287272167033111,0.10579286493040604,-0.03574557761419816
14.223468161755486,0.7192400198704676,0.28024069072390395,8.424535341457209e-06,4.7311111046027986e-06,7.945986249301312e-06,0.0004975759487650612,6.207173366356881e-10,8.41565178549203e-09,6.48106814075854e-10,1.3722892771513141e-08,1.7107653632959288e-07,4.1200161594138476e-07,6.141792789448432e-12,1.1327066656469663e-11,2.19758082973165e-12,3.006014082597449e-11,0.0005192841167079823,0.2802398450388091,0.7192424791157426,4.6861660911850615e-06,8.452475942475294e-06,0.0004947367864399212,9.18880474223119e-06,8.068286324662953e-09,6.613997575841505e-10,1.3963378715005944e-08,6.830260355112249e-10,4.119271335233049e-07,1.709742026110598e-07,6.306034636185577e-12,3.4987819243482585e-12,3.555037520555666e-11,8.377559568264935e-13,0.0005176705568357277,0.000518477336771855,0.021181165242705222,0.10685361235511152,-0.013065184703146496
14.34823542633229,0.7081651394935655,0.2913810380100545,5.4922832013425506e-06,8.770729156455701e-06,6.902305596260885e-06,0.00043210312807016773,3.2702809250410247e-09,7.469742900580485e-09,5.728450964143462e-09,1.1989848575419598e-08,1.522481502041825e-07,3.6796626941886107e-07,1.4327780619823673e-11,1.0253497630216928e-11,1.941253968329811e-12,2.265666032104943e-11,0.0004538171679464076,0.2913807623655763,0.7081639013973152,8.618622160211357e-06,5.328150948560958e-06,0.00043322276648965347,7.612413691250444e-06,7.230826404626641e-09,3.6013509116441607e-09,1.2437526394559916e-08,5.9140342156750794e-09,3.6784511161122644e-07,1.5188081144472177e-07,5.8859018479396034e-12,1.491861737018432e-11,2.4580369851614556e-11,6.477696137499454e-13,0.0004553309089833173,0.0004545740384648625,-0.02265730484387466,0.10789908696771928,0.023462450315822683
14.473002690909091,0.6965724385991412,0.302890783704165,1.6470155072870805e-06,1.3780653009621557e-05,3.529714236821094e-06,0.0005172925059538378,8.3051931923848e-09,6.848093827717112e-09,3.7502933495341794e-08,1.2882715120938625e-08,1.3342255560965283e-07,3.234283605732355e-07,2.246237090481896e-11,8.924480304990256e-12,2.1888711837944865e-12,1.6809708137951128e-11,0.0005367723289448174,0.3028912645703346,0.696566237182839,1.3612368836470758e-05,1.5035450372693362e-06,0.0005235238813818103,3.3297568315779412e-06,6.619948163589283e-09,9.033677199519155e-09,1.3484105941738396e-08,3.755158078932407e-08,3.234075919315818e-07,1.3318317237317966e-07,5.139241911218042e-12,2.5528461909661232e-11,1.5678294071571866e-11,8.781450545660086e-13,0.0005424928793876702,0.0005396326041662438,-0.044071522559631905,0.10892887711651596,0.036588361617822814
14.597769955485894,0.6845845248403671,0.3147080249817004,1.0347877325325305e-06,1.4900531973295956e-05,1.3704017637452547e-06,0.0006896024907745399,9.676915349007104e-09,6.451990655613335e-09,4.8518148476454285e-08,1.0893044891260489e-08,1.3949942756460496e-07,3.2146405007658067e-07,2.576006097277563e-11,9.921801168869692e-12,1.1164602727330568e-12,1.8639399079281357e-11,0.0007074447712588485,0.3147086655219039,0.6845769436625735,1.482778671738756e-05,1.1213307737507735e-06,0.0006970718366425914,8.281625265119829e-07,6.16405541063826e-09,1.0312915220845817e-08,1.1064770771085215e-08,4.7567155360100836e-08,3.2158106962264e-07,1.3955045032066144e-07,5.686283302602465e-12,2.8634245212660888e-11,1.745610324942095e-11,3.0618487469802137e-13,0.0007143854091597644,0.0007109150902093065,-0.020678265452804923,0.10994257699752497,0.012406526476790818
14.722537220062696,0.672484340532783,0.3266900281957284,4.945938936985792e-06,1.1089552812614236e-05,3.0260473691259044e-06,0.0008059809511872205,5.288745046568271e-09,7.494875681004054e-09,1.5748094892405587e-08,1.2273266294062718e-08,1.7615242633806687e-07,3.6631478438337113e-07,2.2702736352308297e-11,1.0767778156147098e-11,1.455462861875757e-12,2.9051885778430696e-11,0.0008256258264764451,0.3266899473247824,0.6724804366539125,1.1135356953962525e-05,5.266197432009846e-06,0.0008094342940485896,3.1919806284144525e-06,7.11024991653356e-09,5.402123462876197e-09,1.2292739856417226e-08,1.478356250857781e-08,3.6656289830751817e-07,1.7653582556307223e-07,5.886552451603643e-12,2.2478589249456078e-11,3.124678520023485e-11,5.311007600095059e-13,0.0008296105766056191,0.0008276182015410321,0.024329465539490523,0.11093978681998203,-0.024931028794830622
14.8473044846395,0.6604581571302954,0.338751979110056,1.0323488568500985e-05,5.9412759225334985e-06,7.725598104202768e-06,0.0007652021931621123,1.2965072346433781e-09,8.891158320141748e-09,2.3248088855316298e-10,1.620895061318592e-08,2.243906946203084e-07,4.1463396456789857e-07,1.1904752369974808e-11,1.0895327500051067e-11,2.604477958879112e-12,4.1267541205999e-11,0.0007898582761856933,0.3387508768144081,0.6604596115495919,6.001041088747897e-06,1.0630315450609649e-05,0.0007630710613145117,9.13783917296934e-06,8.449686149974752e-09,1.210323864411814e-09,1.6449991297349565e-08,1.7127977621545662e-10,4.1477981946377006e-07,2.2477146969781245e-07,5.753960884426529e-12,7.838901302323936e-12,4.8458424345326413e-11,1.1998767109097364e-12,0.0007895061528482513,0.0007896822145169723,0.04517316949571093,0.11192011296952814,-0.03733964454505567
14.972071749216301,0.648395838785741,0.35095266926181684,1.1654403488661504e-05,4.830446002049538e-06,1.1043054050347346e-05,0.0006232836583130502,9.244668190316372e-10,8.331913785269176e-09,7.7776684141175e-10,1.3314849426960603e-08,2.3822697385552267e-07,4.132284784501667e-07,8.92087713329225e-12,1.1309848734639108e-11,2.2412605995132034e-12,4.185254566736075e-11,0.0006514864306278192,0.35095134843304154,0.6483985240434138,4.767791821094423e-06,1.1672458818821115e-05,0.0006200509171203504,1.2956289267446248e-05,7.992850413147286e-09,9.95512208195689e-10,1.3525661865442463e-08,8.214479162896412e-10,4.130993548995824e-07,2.3804825988574892e-07,6.311947797995622e-12,5.362611471368156e-12,4.93826330563374e-11,8.71355952798995e-13,0.0006501220020434489,0.000650804216335634,0.02007266619006949,0.11288316816905244,-0.011666169646131739
15.096839013793105,0.6359860453311925,0.36343082645403224,7.352412757125794e-06,8.899828508498143e-06,9.491571369698985e-06,0.0005567713198564763,4.800998697432037e-09,7.388876287265433e-09,9.321144177167273e-09,1.1830418742725373e-08,2.0934696757805574e-07,3.6476980640789463e-07,2.0652330050225426e-11,1.0085629166990034e-11,2.0090443496361207e-12,3.120284036673326e-11,0.0005831226546535337,0.36343044880365544,0.6359841482705,8.70803054195591e-06,7.105617569626619e-06,0.0005584567168861366,1.0519078337802705e-05,7.1819143054613394e-09,5.294199559812915e-09,1.2364630563837293e-08,9.620596606860301e-09,3.6458844299650665e-07,2.0881112119410193e-07,5.850694161468953e-12,2.1664494456812467e-11,3.36149202376122e-11,6.655244997234137e-13,0.0005853973660363817,0.0005842600103449577,-0.026001996319511587,0.11382857163711899,0.026385496359448157
15.221606278369906,0.6230648754449379,0.37625512655423393,2.117384358829126e-06,1.3727506559259965e-05,4.838883114777914e-06,0.0006587204139511794,1.1696385044901137e-08,6.842263099204809e-09,5.4107384479285374e-08,1.3169348535034957e-08,1.8290888717252097e-07,3.1942471532504645e-07,3.12937599316998e-11,8.811697828239785e-12,2.3227737438104784e-12,2.3115327378257626e-11,0.0006799924025112611,0.376255922442224,0.6230572549989758,1.3541111493657876e-05,1.9211278609011367e-06,0.000666288376754118,4.4769238371022295e-06,6.633209237029688e-09,1.2720315335188027e-08,1.3884947271080022e-08,5.415735270551329e-08,3.1938373662487605e-07,1.825781819000182e-07,5.134745772117295e-12,3.5567959807377835e-11,2.1451014098968695e-11,9.564763975735565e-13,0.0006868169607990491,0.0006834046816551552,-0.0461712055903835,0.1147559492439117,0.03799471508925147
15.34637354294671,0.6097877324074904,0.38934340765832626,1.5191376147397038e-06,1.4611506221654203e-05,1.913292145543963e-06,0.0008502053718712,1.309222158825969e-08,6.370159071169155e-09,6.515720302376258e-08,1.0589769302358213e-08,1.9173838552714197e-07,3.179703788978841e-07,3.517861374193593e-11,1.0104862729800516e-11,9.621528372776452e-13,2.5736869921135475e-11,0.0008688542979530476,0.38934439645114105,0.6097788154866577,1.4563483682216108e-05,1.6596461912607901e-06,0.0008588576695730051,1.0971344079849164e-06,6.0747990596350646e-09,1.3928190163186848e-08,1.0702947668830145e-08,6.377206965215593e-08,3.1811710143404696e-07,1.9182807166708404e-07,5.822674849320354e-12,3.899229723625196e-11,2.4198962615599137e-11,2.4118082147763923e-13,0.0008767824262892272,0.0008728183621211374,-0.01936703538115743,0.11566493366463365,0.010847632715548103
15.471140807523511,0.5964729221417137,0.40253272258517164,7.0097952403779655e-06,1.0720094261138082e-05,4.14548857699194e-06,0.0009718249688300434,6.854059502106477e-09,7.4371272058752834e-09,1.9102982103627784e-08,1.2219336315591401e-08,2.418217532453111e-07,3.6173482825533886e-07,3.018153551610057e-11,1.0693752396955005e-11,1.412818432838147e-12,3.996111944467429e-11,0.0009943495992444048,0.4025325481132787,0.5964685177558732,1.0812981419199309e-05,7.468136862516864e-06,0.0009755312256915019,4.467651438603722e-06,7.027021145187838e-09,6.967339001510682e-09,1.215342236030927e-08,1.780939855869598e-08,3.6204950515656355e-07,2.423760221354105e-07,5.77881298482149e-12,2.962780634317022e-11,4.321391822769009e-11,5.563824839723958e-13,0.0009989284572970993,0.0009966390282707522,0.027665915876602526,0.11655516453029666,-0.02781780428874324
15.595908072100315,0.583314402816564,0.41573556684036006,1.4137170092806839e-05,5.707760037755565e-06,1.0376647396062347e-05,0.0009190661951503492,1.6273225675507757e-09,8.712729321720487e-09,3.884467424519629e-10,1.61409922089285e-08,3.047535544751572e-07,4.0515152460980387e-07,1.5353520432971765e-11,1.0465486613982399e-11,2.6852013913393943e-12,5.599829507351241e-11,0.000950024631749403,0.4157338439680861,0.5833160997839094,5.791761990045987e-06,1.4549001379074712e-05,0.0009164134866183725,1.2559175499289452e-05,8.256945329303634e-09,1.5086504088408798e-09,1.6344449045337155e-08,3.394855199217974e-10,4.0531413963188213e-07,3.052654552255027e-07,5.432402090162614e-12,9.735604080385889e-12,6.590417423973916e-11,1.3141182838840707e-12,0.0009500505369982422,0.0009500375843738226,0.04705976097439124,0.1174262885758396,-0.03854944278225606
15.720675336677116,0.5701758675723305,0.4290247657263582,1.5505203985675866e-05,4.728862631337505e-06,1.4665443982093606e-05,0.0007637231067509924,1.3244364608176006e-09,7.880970937577333e-09,8.628371565301025e-10,1.2255939223692208e-08,3.1842177742743686e-07,3.975078789652453e-07,1.2468039921159071e-11,1.0809491026859703e-11,2.205545868655999e-12,5.59218266634416e-11,0.000799360952595174,0.4290227948570871,0.5701786253081725,4.644801380543621e-06,1.5499365944983733e-05,0.0007602011745393759,1.7490871827326336e-05,7.568625494476928e-09,1.4399571825640774e-09,1.2423150632937364e-08,9.157057400184011e-10,3.973110826514406e-07,3.1813348574408614e-07,6.0604283796659745e-12,7.887319481671001e-12,6.581827798683794e-11,8.796710305217137e-13,0.0007985740863453721,0.000798967519470273,0.01856476237976344,0.11827795978551307,-0.009955032349745124
15.84544260125392,0.5567189470993976,0.44255053320323307,9.465895336960204e-06,8.638860102161252e-06,1.2536533379522632e-05,0.0006992099884947673,6.752002541431247e-09,7.010595677428362e-09,1.4412367239874183e-08,1.1240351427693158e-08,2.764782994689637e-07,3.4665905003755046e-07,2.8494575219008948e-11,9.46551459226568e-12,2.0376905861049622e-12,4.124377999852325e-11,0.0007305139112213647,0.44255005300995287,0.5567162541649997,8.406917346068694e-06,9.109475166338062e-06,0.0007015550507542929,1.3952317569299058e-05,6.8531556377613245e-09,7.455085502058292e-09,1.1877953185209857e-08,1.4872379908314994e-08,3.4640827720065595e-07,2.7573107925146703e-07,5.569743408995734e-12,3.009445363552805e-11,4.412048580203354e-11,6.723462313846227e-13,0.0007336870392237134,0.000732100475222539,-0.0293121450483411,0.11910983953547132,0.029219917334018287
15.970209865830721,0.5427860547825144,0.45637478070727844,2.60868609503387e-06,1.308596286525438e-05,6.430641564072491e-06,0.0008163799570016193,1.5794095438341585e-08,6.563948243722115e-09,7.466486344759292e-08,1.295117264609932e-08,2.410018771569997e-07,3.0238010019908353e-07,4.181556019141988e-11,8.362940156298234e-12,2.404191227345549e-12,3.051783850874541e-11,0.000839158686683642,0.45637604147743455,0.5427770115600239,1.288618877485362e-05,2.3520053596963057e-06,0.0008252414189065913,5.8065230432604966e-06,6.3865200893002265e-09,1.7172689535414904e-08,1.3780474455203806e-08,7.47003911447204e-08,3.023162086730266e-07,2.4056529186386027e-07,4.949291225775122e-12,4.752736528769819e-11,2.8184772185322593e-11,1.0222032141403968e-12,0.0008469411393437952,0.0008430499130137187,-0.0478335954656417,0.1199215967335109,0.03900030910071982
16.094977130407525,0.5285640851744817,0.47039505043948865,2.1474443962271942e-06,1.3713860633367812e-05,2.605185033135085e-06,0.0010217206223313367,1.6995022959832922e-08,6.026837383563134e-09,8.377881365563417e-08,9.823579074846322e-09,2.533737309950716e-07,3.013238560522864e-07,4.613231127988065e-11,9.93881909628566e-12,7.638929228494893e-13,3.414203993062423e-11,0.001040858525211251,0.4703965149759384,0.5285539347937309,1.3698570183797987e-05,2.3643885777269484e-06,0.0010313957056407323,1.415119507016827e-06,5.7310351204685485e-09,1.80453918172917e-08,9.85093697091705e-09,8.184486077441035e-08,3.0150388939380374e-07,2.535206704906402e-07,5.758920035610446e-12,5.0981455217330715e-11,3.2231548832177594e-11,1.7381013842326826e-13,0.0010495443698395758,0.0010452014475254134,-0.01766993334461833,0.1207129079558996,0.008993053192786532
16.219744394984325,0.5143977654141403,0.4844326700701716,9.551984949741392e-06,9.924716559120472e-06,5.412586879912699e-06,0.001143958677476344,8.530919779292173e-09,7.083699563307209e-09,2.2109772126480863e-08,1.1742014061193868e-08,3.1913207351041795e-07,3.419502179577218e-07,3.853037409069356e-11,1.0181413155014137e-11,1.3187246949059428e-12,5.2818974510705434e-11,0.0011695586174116034,0.48443234309007704,0.5143929236885396,1.007223101036714e-05,1.0180363478982241e-05,0.0011477877652572152,5.977317548742737e-06,6.6562769053580235e-09,8.627008594223162e-09,1.1576159836583054e-08,2.0448545240678563e-08,3.4233543054671363e-07,3.1990182266172283e-07,5.414912508235147e-12,3.748103063682584e-11,5.7420989177054995e-11,5.781794381338205e-13,0.0011747273234342045,0.001172142970422904,0.03093157284917832,0.12148345758123684,-0.030583873456574068
16.344511659561128,0.5004803242577478,0.4984020335403336,1.8586559617143835e-05,5.261662313833149e-06,1.3279720312097295e-05,0.0010797057070834402,1.971366360093263e-09,8.157990198976593e-09,6.736646546648113e-10,1.536941645182701e-08,3.978260536145595e-07,3.785137625612424e-07,1.9058825845865017e-11,9.580196478998735e-12,2.665882700625516e-12,7.302275469851517e-11,0.0011176362659080154,0.4983994596332818,0.5004821651152269,5.372078407038508e-06,1.9112931595873075e-05,0.001076567538879249,1.6513801621549613e-05,7.703387910740369e-09,1.8164570783871212e-09,1.5517731036594534e-08,6.488051480066128e-10,3.786879565995827e-07,3.984869714842097e-07,4.866774652998848e-12,1.1618139143903426e-11,8.611411108401407e-11,1.3984840779628845e-12,0.0011183693158104766,0.001118002790859246,0.048488136642810674,0.1222329379212916,-0.03934443396938329
16.46927892413793,0.4866506099670618,0.5123898502475717,1.9780091696457302e-05,4.427193864610077e-06,1.8632064463866506e-05,0.0009158996025986128,1.8266144384549855e-09,7.082391255460095e-09,8.808594371191506e-10,1.0622145617826617e-08,4.091683291660356e-07,3.651779466259501e-07,1.6780617007163814e-11,9.83273408544723e-12,2.0932349937080644e-12,7.181437574550285e-11,0.0009595338114310495,0.5123870348937513,0.48665324267158777,4.318615763297897e-06,1.9730852738746642e-05,0.0009122373064511672,2.2635444503674776e-05,6.814781499177956e-09,2.0032814310939043e-09,1.0738129026198845e-08,9.443662459092227e-10,3.6490533663327653e-07,4.08733856487484e-07,5.556518519170652e-12,1.1134787856256002e-11,8.429385282373212e-11,8.632826359626165e-13,0.0009597164610566514,0.0009596251362438504,0.01668730137161717,0.12296104934876179,-0.00796691328606897
16.594046188714735,0.47255409202326754,0.5265530900713369,1.1690767837958537e-05,7.982474862481736e-06,1.5937787452926812e-05,0.0008564881447085925,9.11316599341876e-09,6.352747030020003e-09,2.122619088090127e-08,1.0258372091920397e-08,3.512390888412226e-07,3.1442863212890995e-07,3.7699366453465936e-11,8.426078506413173e-12,2.0272666462335403e-12,5.2398836001676865e-11,0.0008928118936104735,0.5265525258732626,0.4725505099140371,7.709582458623801e-06,1.1200956144339606e-05,0.0008595428918311112,1.7791077736409862e-05,6.2594544016667285e-09,1.0073861870383968e-08,1.1013638312317833e-08,2.189905123720736e-08,3.1410459333272034e-07,3.502410323776069e-07,5.057200137498053e-12,4.0063285395311125e-11,5.5657970792779136e-11,6.687444204310646e-13,0.000896958201249217,0.0008948850474298452,-0.032515122887948805,0.12366750042190264,0.03190184313754792
16.718813453291535,0.4580470974350228,0.5409431737834104,3.108876139176856e-06,1.1869116607638104e-05,8.312208426242705e-06,0.0009857163009222584,2.0480261907398033e-08,6.0190278434201875e-09,9.870717821939887e-08,1.2189777975808306e-08,3.0565420092656175e-07,2.7307692064577364e-07,5.367928886856033e-11,7.60872378365162e-12,2.4320895166577338e-12,3.8743861410621e-11,0.001009722731926798,0.5409450898366823,0.4580367434744705,1.1663354034098844e-05,2.7887398343818725e-06,0.0009957068640047764,7.2835231147930986e-06,5.883153542123505e-09,2.2260328979617004e-08,1.3120206568965926e-08,9.870206898713758e-08,2.7298878551544353e-07,3.0510171865176616e-07,4.593518420643194e-12,6.100652931727302e-11,3.5616431443308376e-11,1.0755064959039067e-12,0.001018160639542281,0.0010139416857345394,-0.049019513038059084,0.12435200800597142,0.03957959745659325
16.84358071786834,0.4433434322574352,0.5554394319775106,2.921975309798757e-06,1.2254155075581364e-05,3.4671472645593612e-06,0.0011977531467387062,2.1196473966498747e-08,5.439034965278202e-09,1.0327585505749286e-07,8.65772739286728e-09,3.2236430740974466e-07,2.7220826112791825e-07,5.8174433002554105e-11,9.410235430220942e-12,5.557140592660425e-13,4.357730549989619e-11,0.0012171296777662534,0.555441524941978,0.4433322578120297,1.2283173431414862e-05,3.2366870577646503e-06,0.0012081774807048225,1.7818264885870135e-06,5.149427365085921e-09,2.2458977668776156e-08,8.576247597629126e-09,1.0068289734723565e-07,2.724226346667036e-07,3.225901754232631e-07,5.4807907772798e-12,6.408908986023903e-11,4.1306109998845186e-11,1.2179386454501432e-13,0.0012262111590404423,0.0012216704184033478,-0.015622251605641693,0.12501429739143824,0.00688232535232771
16.96834798244514,0.4288017940368,0.5698539814842247,1.245776776326389e-05,8.759276711812588e-06,6.733919126939251e-06,0.001315502071035075,1.021209002064973e-08,6.449412849514602e-09,2.443259254439676e-08,1.0853537241350865e-08,4.0542200161231895e-07,3.078250496668481e-07,4.729086435878096e-11,9.253648155716813e-12,1.1781937741473547e-12,6.716863361666496e-11,0.001344218354212366,0.5698534290853557,0.42879660733286606,8.967091873576305e-06,1.3283148521779185e-05,0.001319297293907717,7.645814124450767e-06,6.014928802713115e-09,1.0269880362085545e-08,1.0583540103026122e-08,2.2386837686122937e-08,3.082789463637349e-07,4.0645042260842285e-07,4.814842796160262e-12,4.5561935596215456e-11,7.339765081261789e-11,5.94453197975783e-13,0.0013499574573523317,0.0013470879057823487,0.03405381967069946,0.12565410240891203,-0.03316618780201244
17.093115247021945,0.4146054725164085,0.584107933996398,2.3462025643115222e-05,4.6325262478002786e-06,1.6189647410722543e-05,0.0012414423130313653,2.3086027060520005e-09,7.257385966358355e-09,1.1227214776662633e-09,1.3918798874244101e-08,4.998206235882113e-07,3.362592155806705e-07,2.280133099416381e-11,8.310271187560667e-12,2.5324213468308984e-12,9.161627561887799e-11,0.0012865873249414954,0.5841042466153378,0.41460731793284245,4.766247613438324e-06,2.4108825137722106e-05,0.0012379060377892433,2.0786904363551444e-05,6.820720471963129e-09,2.116626543420625e-09,1.3998405069019175e-08,1.1336211244031755e-09,3.364378346316174e-07,5.006406674756153e-07,4.110121870289606e-12,1.3343236204360133e-11,1.0823625214472885e-10,1.4381197185994703e-12,0.0012884292899070012,0.0012875083074242483,0.0494245821994071,0.12627116554073511,-0.03970425649443854
17.217882511598745,0.4005723956973513,0.5983004204820758,2.4302224304751035e-05,3.939224240172433e-06,2.2665830276814468e-05,0.0010754277611771963,2.427529298832966e-09,6.001012941915244e-09,8.236986612475576e-10,8.578597500086754e-09,5.061188261024468e-07,3.1850999494039227e-07,2.1760370784342012e-11,8.446636104271169e-12,1.911028229121078e-12,8.873904501109844e-11,0.0011271776205154594,0.5982965632306001,0.400574682450073,3.8042454894192378e-06,2.418882108038815e-05,0.0010718034367985616,2.8109812419406496e-05,5.7929008961886876e-09,2.683257697781906e-09,8.6424997394623e-09,9.008986931863121e-10,3.1815953201642294e-07,5.05500127769994e-07,4.8353702818163204e-12,1.509306996705616e-11,1.0385638985148634e-10,8.21538969866212e-13,0.0011287481196109578,0.0011279628700632087,0.014480761595432988,0.1268652380291978,-0.005745454244291439
17.34264977617555,0.38634537197293817,0.6125894915149355,1.3937286960638295e-05,6.976379668986136e-06,1.9545848661548585e-05,0.0010239142873124803,1.1821047992397076e-08,5.462736381746537e-09,2.983752881638746e-08,8.945210731745563e-09,4.297801377734025e-07,2.705037950661922e-07,4.78974858840399e-11,7.0461622700114365e-12,1.9868082881541875e-12,6.406146204391188e-11,0.0010651302740523334,0.6125888992013647,0.38634087351565793,6.670030657674654e-06,1.3290685777313003e-05,0.0010276605678803828,2.184190147968293e-05,5.442502955525109e-09,1.3080897584949964e-08,9.824686448603152e-09,3.077698380991098e-08,2.701099639907594e-07,4.28500654434839e-07,4.348027167798875e-12,5.1191248447291974e-11,6.756258078049021e-11,6.594061380912009e-13,0.0010702210452455403,0.0010676756596489367,-0.03553885428910277,0.1274360799813283,0.03436951690609035
17.467417040752352,0.3718014048558177,0.6270131596613682,3.5784327769225788e-06,1.0171694274902466e-05,1.0484587250833131e-05,0.0011604201817602524,2.553383016535671e-08,5.2421449899292256e-09,1.2517938294904043e-07,1.0910844821921543e-08,3.735962523093747e-07,2.3372541985202784e-07,6.628882261261285e-11,6.6113759328335e-12,2.420453182784707e-12,4.7356308708371065e-11,0.0011854292066149586,0.6270159637944678,0.3717899889983626,9.971547357315434e-06,3.1946231121852184e-06,0.0011712399847069361,8.858206249130058e-06,5.153636912726373e-09,2.77408432247448e-08,1.1915508061026455e-08,1.2509513148775015e-07,2.3361499144325958e-07,3.7292589833754913e-07,4.093702739172237e-12,7.532448980217013e-11,4.3339121593630444e-11,1.1235477309019128e-12,0.0011940409313158957,0.001189735068965427,-0.04970095341192656,0.12798346047021314,0.03971755649438779
17.592184305329155,0.35717323383893257,0.6414367126456071,3.815772251185789e-06,1.0347342792706416e-05,4.517987214840156e-06,0.0013705783391944355,2.5429649571553653e-08,4.655972372583715e-09,1.2218145677623535e-07,7.207724451264579e-09,3.9534869386784563e-07,2.328027782291833e-07,7.062366897204092e-11,8.550594933490118e-12,3.7763490283006566e-13,5.3575757918827265e-11,0.0013900472008560934,0.6414395977910253,0.3571613673947709,1.0426216885199177e-05,4.252039263000436e-06,0.0013813702553208042,2.1940241429146522e-06,4.378349935484719e-09,2.6882153543932323e-08,7.004286509364244e-09,1.1883976500969987e-07,2.3304917954111366e-07,3.956769514899931e-07,5.00230754244188e-12,7.755139688688642e-11,5.099276434571684e-11,1.0321186309978381e-13,0.001399028499947629,0.0013945378504018613,-0.013269357191012451,0.12850715763280524,0.004562870886826057
17.716951569905955,0.34281826953788325,0.655671224208356,1.5651780275457313e-05,7.317833334406379e-06,7.978264393342657e-06,0.00147874077913582,1.177090910758307e-08,5.581642947906628e-09,2.5787888065966257e-08,9.614935789959177e-09,4.963609299798679e-07,2.619802887965816e-07,5.585807088990465e-11,7.991675952454729e-12,9.983072012670624e-13,8.226828594933239e-11,0.0015104999008500543,0.6556703552705626,0.3428128671734,7.582335592157818e-06,1.6695325641981413e-05,0.001482333108645406,9.3505705882513e-06,5.152120907493988e-09,1.1767524116962499e-08,9.24943316034324e-09,2.337141532964886e-08,2.624914792386787e-07,4.97682777687991e-07,4.035741839756768e-12,5.326927775833691e-11,9.035181971487633e-11,6.00195174354704e-13,0.001516771203475272,0.0015136355521626632,0.036961648999653686,0.1290069587641783,-0.035504743246284914
17.84171883448276,0.32890081306288,0.6696492224317758,2.854585686926562e-05,3.872319562086546e-06,1.878791774556042e-05,0.0013978426252607794,2.617287209346482e-09,6.083831662947201e-09,1.7493575608646634e-09,1.1891895478555673e-08,6.050483841375733e-07,2.818577638373769e-07,2.632069257426868e-11,6.766620357481079e-12,2.2892636841852393e-12,1.1070147184489522e-10,0.001449958114035627,0.6696441504536785,0.32890249588497056,4.023988915323677e-06,2.9305340842536515e-05,0.0013940479085599122,2.506005415964246e-05,5.681695670006801e-09,2.3911663982086616e-09,1.1893726582351853e-08,1.8045885874776928e-09,2.820308801450647e-07,6.060254358098866e-07,3.23445134475597e-12,1.476969741108988e-11,1.3099367456680889e-10,1.4244979263256182e-12,0.0014533472703929292,0.001451652692214278,0.04984700490714905,0.12948266040818718,-0.039619337768769435
17.966486099059562,0.31522456049509434,0.6834793363659056,2.8746979068310704e-05,3.3027707384184308e-06,2.6421658948735587e-05,0.0012367454037672,3.1113446207290592e-09,4.7387221559380684e-09,7.055911601971799e-10,6.344301074542721e-09,6.032910212686803e-07,2.6156442287031833e-07,2.719977008369948e-11,6.765573383652637e-12,1.6798877098953227e-12,1.056074132900719e-10,0.0012960967091784597,0.6834742651697554,0.31522628885229664,3.1443378590955893e-06,2.8542369487938992e-05,0.0012333484283778107,3.352543621127086e-05,4.599303241061297e-09,3.4634100803549044e-09,6.36490148744532e-09,8.027025059140566e-10,2.6114435037626085e-07,6.024542916615163e-07,3.954851536904085e-12,1.965290084650633e-11,1.2321437116526826e-10,7.59915352229165e-13,0.0012994395484775079,0.0012977681288279838,0.011995064316437314,0.12993406844449515,-0.0033415030681716216
18.091253363636365,0.30144479134776786,0.6973142580564493,1.597499492625972e-05,5.707333069185266e-06,2.317989327853732e-05,0.0011952892416232652,1.475452621881736e-08,4.417669698564372e-09,4.010163472814047e-08,7.405988404376134e-09,5.070574442013686e-07,2.1878628855690145e-07,5.850909285357033e-11,5.463667919844173e-12,1.9225775659673108e-12,7.543819553932553e-11,0.0012409441277825895,0.6973137335821139,0.3014394528772464,5.379291782638301e-06,1.5157136657370225e-05,0.0011996232301183039,2.5852880756963163e-05,4.471198859925802e-09,1.63421892958467e-08,8.402208249791071e-09,4.13539453928875e-08,2.1833645839279782e-07,5.054816678027915e-07,3.511124423456539e-12,6.286190590310792e-11,7.898953986364533e-11,6.468509789546195e-13,0.0012468070729926908,0.0012438756003876402,-0.03831392020671251,0.1303609981719317,0.03656513606374908
18.216020628213165,0.28746420255188454,0.7111769419859979,3.9795254603300585e-06,8.15562704901836e-06,1.2945868914784563e-05,0.001332942823257377,3.064010208332815e-08,4.300336427480438e-09,1.5245945266604864e-07,9.208234927609645e-09,4.405420832386942e-07,1.8781921176291833e-07,7.883788336249038e-11,5.469182455895279e-12,2.3848021595274313e-12,5.578932220305606e-11,0.001358848956583806,0.711180892980248,0.2874521273910138,7.972375872069927e-06,3.541873977485488e-06,0.0013441591417385037,1.0472115545073994e-05,4.259038891113586e-09,3.326975292915941e-08,1.0244330728896124e-08,1.522457989227676e-07,1.87691186415976e-07,4.397612567183955e-07,3.4958174391212256e-12,8.955994083742791e-11,5.083416001334252e-11,1.1715684927263322e-12,0.001366973123559226,0.001362911040071516,-0.04986189543159433,0.13076327438814406,0.039410136708530025
18.34078789278997,0.2735234403766412,0.7249250260115103,4.817392183556324e-06,8.179883655149627e-06,5.7730786597436556e-06,0.0015319245151160744,2.9375238571014648e-08,3.749430903801666e-09,1.3884174473273746e-07,5.627918177451593e-09,4.678419431008158e-07,1.8661539742405986e-07,8.262062369543371e-11,7.421616536565792e-12,2.7031510634455366e-13,6.351428990714292e-11,0.001551527075114279,0.7249288711463218,0.27351133151832396,8.309927359822488e-06,5.3934182103767455e-06,0.0015426123269323738,2.6453233855543563e-06,3.4889188432710847e-09,3.097474390219708e-08,5.304748768435419e-09,1.3469886660936183e-07,1.8688563139839086e-07,4.6829457297270366e-07,4.354421671610826e-12,9.041664170418643e-11,6.070414306277223e-11,1.3201208516116747e-13,0.0015597907989778404,0.0015556589370460598,-0.010665356982504613,0.1311407314655088,0.00208858346074933
18.465555157366772,0.2599618501115983,0.7383777344250521,1.890584568335809e-05,5.729670328698408e-06,8.992359051604955e-06,0.0016259343126853298,1.3078395553700799e-08,4.553636622176208e-09,2.6003452173688582e-08,8.103891375406214e-09,5.862279896127566e-07,2.0857612262338808e-07,6.354845365488561e-11,6.5083371722786235e-12,7.969017779172523e-13,9.71393834495887e-11,0.0016604088992300285,0.7383764547655033,0.2599563988105844,6.041252766775401e-06,2.0171015715337455e-05,0.001629152935646711,1.0929434628490587e-05,4.1430522897436176e-09,1.2992545010228864e-08,7.665077427297266e-09,2.3262978354922337e-08,2.0912297514022882e-07,5.878638597500036e-07,3.152422002128163e-12,5.994823862591775e-11,1.0721119400550202e-10,5.919229907371433e-13,0.0016671398601490644,0.0016637743796895465,0.039587739374622774,0.13149321342327028,-0.0375443715332508
18.590322421943576,0.24691690136346092,0.7514826964608456,3.340561280970051e-05,3.0364107579635756e-06,2.0727782141595688e-05,0.0015422791769251578,2.8756568760675446e-09,4.749524333878554e-09,2.5343603196418785e-09,9.482141641728243e-09,7.063739040197884e-07,2.2041320060490417e-07,2.935014062238045e-11,5.100701525749368e-12,1.9530229757751763e-12,1.289439752023855e-10,0.0016003955767700541,0.7514759865659107,0.2469182567477919,3.1972054181990464e-06,3.4260352236040696e-05,0.0015384019127012893,2.894331980484342e-05,4.396578132691027e-09,2.622461826223294e-09,9.405970099465122e-09,2.637314306251644e-09,2.205707027504016e-07,7.074922859752294e-07,2.332165915475671e-12,1.5782378902319314e-11,1.5279297158764902e-10,1.3520572988536172e-12,0.0016057500877330365,0.0016030728322515453,0.049745570087843,0.1318205739958744,-0.0390911817083201
18.715089686520376,0.23418721409739388,0.7643535577529169,3.276192506380391e-05,2.5801124815978904e-06,2.9540972634208168e-05,0.0013934329083118095,3.849447818572053e-09,3.4257610375236632e-09,5.668738741218717e-10,4.181740949944062e-09,6.936387171874776e-07,1.9977237850876027e-07,3.279186233274955e-11,4.960254030125759e-12,1.4178806686441726e-12,1.2115686325972849e-10,0.0014592215137376558,0.7643471491717845,0.23418822474884027,2.404209901488765e-06,3.244605414588198e-05,0.0013904319005075244,3.843271116173281e-05,3.3562003163608663e-09,4.3121307780028814e-09,4.1753978274606175e-09,6.939530955186887e-10,1.9930208662552855e-07,6.925591262921225e-07,3.002870007110968e-12,2.4600920723168753e-11,1.4088753303378245e-10,6.802994761158784e-13,0.001464619443783186,0.0014619204787604209,0.009288101931569632,0.13212267669746872,-0.0008115952730191489
18.83985695109718,0.2214560051810367,0.777131278733374,1.768789789176771e-05,4.317471816501002e-06,2.66566122392592e-05,0.0013632273155847825,1.7739877630949108e-08,3.314692676008403e-09,5.161127742461756e-08,5.758562352582873e-09,5.77359093277386e-07,1.6417088309934423e-07,6.880044464924594e-11,3.848733279323373e-12,1.8421115393706376e-12,8.565179235607994e-11,0.001412709412061853,0.7771309707022749,0.22145003099176824,3.986051433356218e-06,1.6695021174152684e-05,0.0013679433961080094,2.95446700071802e-05,3.4325485943259294e-09,1.966442021469536e-08,6.842534707075773e-09,5.3207631635263686e-08,1.63688345700047e-07,5.754920131378873e-07,2.6315459720244457e-12,7.427909396494104e-11,8.90295298564027e-11,6.33772000647847e-13,0.0014189916327906294,0.0014158505224262413,-0.040775591409536224,0.13239939488253957,0.03843658024666545
18.964624215673982,0.2086543065220589,0.7898238374195405,4.299744665475246e-06,6.021652332122906e-06,1.5689734381059685e-05,0.0014949722825481717,3.5422190880768806e-08,3.280484392111155e-09,1.784963556193652e-07,7.240284690564213e-09,5.016405526874162e-07,1.396929207234583e-07,9.039838366548474e-11,4.28866518345226e-12,2.352849406704723e-12,6.341360100990815e-11,0.0015218493471693226,0.789829216483829,0.2086421245721407,5.8682347622921015e-06,3.820197551137813e-06,0.0015060334389238518,1.2061812418831895e-05,3.280019841570133e-09,3.843571117037805e-08,8.25182208016481e-09,1.780955342100938e-07,1.39554942998751e-07,5.007672086671567e-07,2.8495925951019345e-12,1.0265403620140065e-10,5.753468240087054e-11,1.2294102396952037e-12,0.001528652233162803,0.001525250790166063,-0.04949876040467707,0.13265061180265988,0.03866438387051604
19.089391480250786,0.196017394980204,0.8022891491006241,5.8418681002545375e-06,5.943345260181857e-06,7.243617809163331e-06,0.0016735561541013292,3.270149756740986e-08,2.8065209312771393e-09,1.516632210275508e-07,4.076931016364829e-09,5.346849505635372e-07,1.3807948162314888e-07,9.322105081837556e-11,6.117081094017293e-12,2.693527671773755e-13,7.267301659608721e-11,0.0016934491701541593,0.8022941109634123,0.19600560008264042,6.118619427082861e-06,6.5694688095022314e-06,0.0016836067566045787,3.126217377396785e-06,2.568083156496721e-09,3.4387184229145244e-08,3.6552975326188054e-09,1.4671733925889463e-07,1.3835982410268189e-07,5.352801359098565e-07,3.590122995575434e-12,1.016534961410353e-10,6.975352845463646e-11,2.1603755698273855e-13,0.001700282205295935,0.0016968656877250471,-0.007871500332960685,0.1328762206593225,-0.0004817840472683509
19.214158744827586,0.1838497803257718,0.8143637116661586,2.20090174600663e-05,4.133148369834934e-06,9.631947957779876e-06,0.0017498566251394239,1.4018530754913413e-08,3.4601506042883562e-09,2.5055925692693984e-08,6.43729169370524e-09,6.684830588458162e-07,1.5284133236503896e-07,6.96820691926711e-11,4.952466834966165e-12,5.932424257783895e-13,1.1066850645939881e-10,0.0017865012211133466,0.8143619230461102,0.1838444927712751,4.472173207981413e-06,2.3488354553561572e-05,0.0017525423478732278,1.2205556575159334e-05,3.0835272376039337e-09,1.3833994177313093e-08,5.959635500721945e-09,2.2070841915354345e-08,1.533916340126643e-07,6.704336469252248e-07,2.2608889244297865e-12,6.497545001233047e-11,1.2273685303901973e-10,5.63612472405713e-13,0.0017935773960265034,0.001790039308569925,0.041870430070609976,0.1330761246528354,-0.03923639132412637
19.33892600940439,0.17225648425031073,0.8260125482730467,3.774435453024111e-05,2.2097462232774535e-06,2.1694083356240776e-05,0.0016683414574557576,3.064851575704031e-09,3.3904726365943104e-09,3.4211356048196e-09,6.951718880988616e-09,7.960134315454313e-07,1.5798690891041773e-07,3.164342194067213e-11,3.4793730718458445e-12,1.5544444510167006e-12,1.4489319962490876e-10,0.0017309606516551102,0.8260039971197131,0.17225738648799668,2.3682323215944535e-06,3.866645634556048e-05,0.0016645762498014999,3.2026810993574774e-05,3.0974173238677463e-09,2.795515496792707e-09,6.805369525179044e-09,3.5687303387699826e-09,1.5811800061988035e-07,7.972422580947879e-07,1.496688149056235e-12,1.6303997690979604e-11,1.7189796710895402e-10,1.2209497925746012e-12,0.0017386095676732315,0.001734785109664171,0.04912297863638977,0.1332502370272567,-0.038132322560191945
19.463693273981193,0.16104212528765566,0.8373487394714466,3.6050459319270636e-05,1.8457542158697548e-06,3.170819928809559e-05,0.0015386051203901106,4.602019672821079e-09,2.1976059676566816e-09,4.721527798806135e-10,2.32450927538869e-09,7.69928640203466e-07,1.3914333318060826e-07,3.814664011801494e-11,3.217166629785351e-12,1.1514176552089936e-12,1.3407788851076654e-10,0.0016091283780675393,0.8373409560595834,0.16104235658560953,1.6643665119861224e-06,3.560203908174086e-05,0.0015361220011296862,4.2374319736641126e-05,2.1899207403087375e-09,5.184137548513443e-09,2.312071196353224e-09,6.432401987736073e-10,1.386535936676371e-07,7.685952759584347e-07,2.072403944351526e-12,2.962601078121584e-11,1.5536288923941277e-10,5.890462719983923e-13,0.0016166804923497147,0.001612904435208627,0.006424026969031598,0.13339848111134864,0.0017837406234205641
19.588460538557996,0.14993215016732647,0.8484956386920364,1.888576190122118e-05,2.9360470865696363e-06,2.9820470046156057e-05,0.0015197242513052423,2.0565587103888225e-08,2.2581504837849305e-09,6.368280901436638e-08,4.144203961465636e-09,6.350236917652527e-07,1.1185968137435413e-07,7.79496177245384e-11,2.3823861499691283e-12,1.754409910764913e-12,9.382093105340248e-11,0.0015722042403702374,0.8484957470570151,0.1499258927280462,2.6253871927470877e-06,1.772502558943699e-05,0.001524518340604652,3.264398110692137e-05,2.4207158519623766e-09,2.281183741515454e-08,5.26269878718448e-09,6.563039894662717e-08,1.1137756058983401e-07,6.328935775737582e-07,1.8029093933868926e-12,8.454014840296973e-11,9.679437181696349e-11,6.232908105744246e-13,0.0015783533150436422,0.00157527877770694,-0.04286572999263104,0.13352079035553213,0.039938972811879456
19.713227803134796,0.138885728689127,0.8594479399795387,4.4924708215821044e-06,3.981171836550039e-06,1.8712179219595405e-05,0.0016382443569643377,3.948302969340123e-08,2.282964787179482e-09,2.0106515312351565e-07,5.2124138993647e-09,5.520541155418722e-07,9.394243001175177e-08,1.0001514217761214e-10,3.1850284461256077e-12,2.348813664189274e-12,6.959319445182083e-11,0.001666324394091301,0.8594550151450269,0.13887412932238924,3.869193217489921e-06,3.992947870477644e-06,0.0016485195616086914,1.3570123245376282e-05,2.311075887075081e-09,4.280643785579797e-08,6.134922852880774e-09,2.0041697725742277e-07,9.380431061293379e-08,5.511161370301084e-07,2.2136444024556395e-12,1.135205643849113e-10,6.287600457940097e-11,1.302839650991313e-12,0.0016708485957165845,0.0016685864949039428,-0.04862050633466336,0.13361710836482446,0.03749822592277033
19.8379950677116,0.12811850475779915,0.8700727117317208,6.855880771334814e-06,3.874478153712971e-06,8.938597019239076e-06,0.0017882257307252273,3.5108969451312866e-08,1.916040915478098e-09,1.5934865163942336e-07,2.698704586702494e-09,5.906511084460106e-07,9.193916014100117e-08,1.0150982011921627e-10,4.751731146424365e-12,3.9431329696206404e-13,8.030884560304838e-11,0.001808776536269404,0.8700789129750802,0.12810766424858513,4.081466837286815e-06,7.73871783642773e-06,0.0017970912005535146,3.6262259489603306e-06,1.7049275481788941e-09,3.680768380518463e-08,2.2195906613157613e-09,1.5365957068612677e-07,9.220899758144102e-08,5.913997265201883e-07,2.7773535731840875e-12,1.1027785795697058e-10,7.741956036137102e-11,3.5273280108830246e-13,0.001813415802500497,0.0018110961693849504,-0.004954367371377932,0.13368738892774423,-0.0030863830265419378
19.962762332288403,0.11788521345390275,0.8802319982623608,2.4726098094790015e-05,2.6882748900675622e-06,9.788262738467556e-06,0.001844696835997196,1.4508763243985465e-08,2.400988200969633e-09,2.3064815603310717e-08,4.742104403397415e-09,7.365804029754072e-07,1.0030351772728241e-07,7.368602644531551e-11,3.4676267281537876e-12,4.1744671130456637e-13,1.21731863331954e-10,0.0018827812716156387,0.8802296176122824,0.11788035230433151,3.027957473119095e-06,2.638887655352231e-05,0.0018467164932247657,1.3009400400951864e-05,2.0736364193542417e-09,1.4217619078840182e-08,4.267338572881005e-09,1.994127714376264e-08,1.0081587594025654e-07,7.388227666754367e-07,1.4494091535666165e-12,6.785852719499565e-11,1.356530082451584e-10,5.160765816916735e-13,0.0018900230716432105,0.0018864021716294246,0.043755534927468656,0.13373159604116955,-0.04054006805460714
20.087529596865203,0.10825578409330071,0.8899085942427017,4.11227527536456e-05,1.452279806520871e-06,2.1471298842848727e-05,0.0017705866180393443,3.171714046852253e-09,2.145367296606461e-09,4.324959847491359e-09,4.575448647121802e-09,8.665498469077624e-07,1.0070425552952648e-07,3.301694177953434e-11,2.0582824676625447e-12,1.1395169308188826e-12,1.5717760171879196e-10,0.0018356146144269776,0.8898980859863973,0.10825618791871085,1.596536235217744e-06,4.207215351573432e-05,0.0017671206710895928,3.394713356100154e-05,1.9176953974535202e-09,2.899967940350684e-09,4.37623743431977e-09,4.506953914342479e-09,1.0080074224732463e-07,8.678448795300396e-07,8.089324963222537e-13,1.6312391693828458e-11,1.8665743963309174e-10,1.042600677925908e-12,0.0018457190456993748,0.001840666830063176,0.04799437727974319,0.13374970393113747,-0.03676594651511752
20.212296861442006,0.0990527637191079,0.899208527255527,3.8255263555460874e-05,1.1655245218098266e-06,3.2730269780330826e-05,0.00166563164652871,5.320309198057224e-09,1.176964188963506e-09,4.938672497346817e-10,9.603919871475177e-10,8.256904872954613e-07,8.540389383998908e-08,4.284097438208382e-11,1.7291123518175402e-12,9.008301840801113e-13,1.4323051816591452e-10,0.001738701939001506,0.8991994330705173,0.09905229461788709,9.953901490487264e-07,3.766583853365829e-05,0.001663713223255555,4.4972601127710125e-05,1.2141260227262637e-09,6.023077495249003e-09,9.624386394062965e-10,7.257918487620661e-10,8.493554197660942e-08,8.24110123708909e-07,1.262509323731175e-12,3.4348126803108474e-11,1.653450372374997e-10,4.912638053222841e-13,0.001748265225612601,0.0017434835823070534,0.003471353381843858,0.13374169706957315,0.0043818017636761296
20.33706412601881,0.09005552283365274,0.9082328681224828,1.9472905862740023e-05,1.7251795805752818e-06,3.258222625884962e-05,0.0016569771247720876,2.3007119388617145e-08,1.3471981266039686e-09,7.543970850328545e-08,2.704380846443038e-09,6.751946747303231e-07,6.660418475270992e-08,8.517790549499397e-11,1.2293448515808307e-12,1.6632244641454313e-12,9.923446726719354e-11,0.0017116019210455422,0.9082336343731304,0.09004948698491867,1.4618392874254585e-06,1.816967279861754e-05,0.001661456604204709,3.4935639733036866e-05,1.5258416239518485e-09,2.5533510776183037e-08,3.778227656000776e-09,7.771578826709388e-08,6.616135887474681e-08,6.728526640655333e-07,1.1128318355039195e-12,9.277278854181427e-11,1.0159734913467144e-10,6.152019413448057e-13,0.001716871519513224,0.001714236720279383,-0.0445345018402116,0.13370757018694035,0.04103602776098524
20.461831390595613,0.08124844370936218,0.9169664277270143,4.573245096511871e-06,2.251209711098523e-06,2.2002488891472848e-05,0.0017553866196854608,4.246729534365409e-08,1.4021907380744378e-09,2.180874334655519e-07,3.341181845825849e-09,5.876233698634892e-07,5.473483601321564e-08,1.0687263766362727e-10,2.2520673453367566e-12,2.39072786166647e-12,7.381440397537375e-11,0.0017851214050216505,0.9169754386158028,0.08123822089287253,2.187628575366805e-06,4.076558295966193e-06,0.0017642111990143884,1.494780480165194e-05,1.4426232742349017e-09,4.5996624978531144e-08,4.110027276135503e-09,2.1713933432134555e-07,5.460669677492707e-08,5.866564370540763e-07,1.6373263706387393e-12,1.2123238155721657e-10,6.6414284874872e-11,1.3922517206843536e-12,0.0017863333331072971,0.0017857273690644738,-0.047248354900046745,0.13364732828080475,0.035939932238576555
20.586598655172413,0.07281377267389755,0.925294214279341,7.756016870123008e-06,2.149052308639488e-06,1.0858401778459105e-05,0.001870358220310671,3.6381930498666585e-08,1.1541668951581674e-09,1.6113576116615544e-07,1.5903756090656043e-09,6.311591236394173e-07,5.254302782225152e-08,1.067619467933673e-10,3.4384141324850952e-12,6.471716960157292e-13,8.579168984071642e-11,0.001892005852292746,0.9253017349374233,0.07280457896500538,2.3651834965441874e-06,8.783147476338777e-06,0.0018775187223550867,4.131878481591897e-06,9.766150266980307e-10,3.801708461063275e-08,1.1120963987659845e-09,1.548257475613568e-07,5.2776743466447635e-08,6.320622714884424e-07,1.98552431987776e-12,1.1552531528436865e-10,8.307988020912278e-11,5.290955470429526e-13,0.0018936789034879292,0.0018928423778903376,-0.0019838976250930503,0.13356098662030572,-0.005662128917153185
20.711365919749216,0.06494486523471454,0.9331100327906081,2.6799237621902642e-05,1.4942657237017874e-06,9.428562276819362e-06,0.0019064922211420835,1.4509419724351564e-08,1.4701768386249783e-09,2.029455172188396e-08,3.1562685281315555e-09,7.848373326524832e-07,5.598172261514536e-08,7.519625200583662e-11,2.182310398032348e-12,2.987427621503731e-13,1.2939831606648759e-10,0.001945094743312209,0.9331069978849427,0.06494074616691847,1.8016203019433195e-06,2.8602157873059015e-05,0.001907743868716654,1.3221920194268247e-05,1.2061625164496926e-09,1.411396670535547e-08,2.7281832346895914e-09,1.7153027113684147e-08,5.641022725269447e-08,7.873240620513374e-07,7.930337687259652e-13,6.832445616981134e-11,1.4487746763124692e-10,4.511585066004745e-13,0.0019522487171609152,0.001948671730236562,0.04519794052729311,0.13344857074653033,-0.04142383751466392
20.83613318432602,0.057677230884935746,0.9404128049876896,4.328826546280386e-05,8.28050154564852e-07,2.0008152614408343e-05,0.0018448543238822855,3.18923808527047e-09,1.1352904162319416e-09,5.1352364572744375e-09,2.6130862209339496e-09,9.119571580709396e-07,5.3836503954676056e-08,3.337742776517338e-11,9.674420319543672e-13,7.546356036991374e-13,1.6473657512642823e-10,0.0019099568584633483,0.9404003339216082,0.05767720815113348,9.466836716727404e-07,4.422497998366625e-05,0.001841838969687237,3.4461030194080906e-05,9.721834499268869e-10,2.930077509242549e-09,2.385614690752432e-09,5.336192317477427e-09,5.38936354964928e-08,9.132647075980558e-07,3.2864623816248536e-13,1.5841179246392398e-11,1.957872085631916e-10,8.316856164692857e-13,0.0019224506587364383,0.0019162037585998934,0.046386904350769385,0.13331011646878882,-0.03502519279871327
20.960900448902823,0.050863051083071036,0.947295017371286,3.924833416375776e-05,6.163494849926983e-07,3.2570460959256166e-05,0.0017685823055971432,5.953735802278663e-09,4.530912323488698e-10,7.004077104149722e-10,1.866407707736903e-10,8.56186277050523e-07,4.31135365607454e-08,4.6483155527165826e-11,6.5331056794119e-13,6.837856484505701e-13,1.4780514121163766e-10,0.0018419242395196695,0.9472847986688869,0.05086213039224175,4.771595535700939e-07,3.8517699265448284e-05,0.0017671835692079417,4.597939017762967e-05,5.104825733897356e-10,6.7695606346154375e-09,2.1652202462280486e-10,1.0109428251531272e-09,4.271285204801656e-08,8.543852093816378e-07,6.524627849017217e-13,3.838086781270284e-11,1.6994127050737623e-10,3.925886022624827e-13,0.0018530636331412667,0.001847493936330468,0.0005009273876119847,0.13314566985678986,0.006919597474040321
21.085667713479623,0.0443435761605956,0.9538324398558483,1.940821034229974e-05,7.8949882341801e-07,3.491827952840857e-05,0.0017680209407492245,2.4859614788837087e-08,6.587848671360056e-10,8.587892374833387e-08,1.5714138128304084e-09,6.945560459127498e-07,3.199321764570534e-08,8.985398957743672e-11,5.04257600857462e-13,1.575230866614314e-12,1.0141513689160991e-10,0.0018239766407927413,0.9538341373301318,0.04433840635785291,5.997061043598669e-07,1.799606402407832e-05,0.0017717342397380502,3.627570370507921e-05,8.192176585437985e-10,2.7600205331384963e-08,2.5016713773648388e-09,8.842958088568427e-08,3.163046208988794e-08,6.920724327407052e-07,6.247543886642334e-13,9.82590095560592e-11,1.0301124231880259e-10,6.105790463362317e-13,0.0018274489696472364,0.001825712805219989,-0.04574184845720502,0.13295528722871572,0.04170114051786641
21.210434978056426,0.03812304831046496,0.9600044270838259,4.518849028245771e-06,9.63887345462434e-07,2.554255594015398e-05,0.0018405864968994222,4.4108582142538e-08,7.142020481045485e-10,2.2794985601728575e-07,1.8167245238497517e-09,6.054520134064131e-07,2.520529069981567e-08,1.1037595824935824e-10,1.5580510565379794e-12,2.4881184593650097e-12,7.571084116209477e-11,0.0018725172260150912,0.9600155469261721,0.03811505437100448,9.518326767728809e-07,4.050417632051332e-06,0.0018473245659511375,1.615720885356196e-05,7.494127681375336e-10,4.771932289491544e-08,2.3772072649803892e-09,2.2666470171455623e-07,2.5096355355879383e-08,6.04495791653144e-07,1.161944749767916e-12,1.2511897479190326e-10,6.784403148050347e-11,1.493969124166725e-12,0.0018693913235240955,0.0018709542747695933,-0.04541515946248717,0.13273903513520113,0.03402726195114987
21.33520224263323,0.032338522469304194,0.9657216017944481,8.489713943878288e-06,9.071400131913491e-07,1.3005592737222808e-05,0.0019165948738585545,3.6411657793035585e-08,5.751859622071508e-10,1.5691554523876754e-07,7.983187754686784e-10,6.52898756141325e-07,2.31983341465497e-08,1.0850519303804478e-10,2.2814262065022072e-12,1.0117376348012269e-12,8.86438270635994e-11,0.001939868318793088,0.9657304515093003,0.03233167935346245,1.1060895109695734e-06,9.642216896065283e-06,0.0019216119365143584,4.635056884631937e-06,4.383764013943544e-10,3.7911827711148464e-08,3.89618361734205e-10,1.5016188202438059e-07,2.336698168602693e-08,6.539465123379704e-07,1.2820570763004639e-12,1.169209730055598e-10,8.6248722166052e-11,7.260635869175871e-13,0.0019378617201823635,0.0019388650194877258,0.0009686815975625775,0.1324969903392185,-0.008146599886986135
21.459969507210033,0.027115009208778115,0.9709132195447858,2.809338554891916e-05,6.509338373933612e-07,8.608430000845557e-06,0.001933544310293639,1.4029831731263142e-08,7.411046753635657e-10,1.7066318701822464e-08,1.810226282532064e-09,8.092744011502984e-07,2.3601624445470745e-08,7.408211937941246e-11,1.1859072532124e-12,2.669971672234764e-13,1.329929826997094e-10,0.0019717637917157902,0.9709095001004006,0.02711199890757945,8.93027600948641e-07,2.9977952769533914e-05,0.001933968425888941,1.2788485414645937e-05,5.515526491009677e-10,1.3542990251514795e-08,1.4667449798476494e-09,1.4030527226393269e-08,2.3900483893021368e-08,8.119370745828502e-07,3.379647480769719e-13,6.633776771794301e-11,1.4959874736820325e-10,3.783033936058782e-13,0.0019784935377004354,0.001975128664708113,0.04616294057074153,0.13222923979187606,-0.04186625539170966
21.584736771786833,0.022457532722458252,0.9755909081676304,4.40456522760632e-05,3.7573547693583837e-07,1.7434437187790618e-05,0.001888735516563878,3.1196402933008544e-09,4.4254962448034686e-10,5.7556605206919194e-09,1.241520744885182e-09,9.285367965900477e-07,2.0979959384158148e-08,3.271537339044222e-11,2.856363287060507e-13,4.4680777793701313e-13,1.6690352812546981e-10,0.0019515516179831706,0.9755766028494769,0.022457298787322777,4.6137668827802773e-07,4.4923759904469045e-05,0.0018862674568677577,3.347707009134696e-05,3.36977417887846e-10,2.8874065335982486e-09,1.0151609261562245e-09,5.95704711487782e-09,2.0998373023803562e-08,9.297990264193864e-07,8.301317828717201e-14,1.4961211484012167e-11,1.9847591858016962e-10,6.118683156475058e-13,0.0019660908716752985,0.0019588212448292345,0.044338884809128745,0.131935880604136,-0.03295215582539114
21.709504036363636,0.018258068038474958,0.9798276057000159,3.8900677950611276e-05,2.296738609096005e-07,3.1378626000345924e-05,0.0018429277956593757,6.453810743570685e-09,6.937727921477013e-11,1.1286102884114463e-09,9.960700804285982e-12,8.590876539655123e-07,1.5012919049727032e-08,4.8744273635469895e-11,9.070931161621433e-14,5.112563348164401e-13,1.4741482633767e-10,0.0019143187325643353,0.9798165636770243,0.01825712319648748,1.4411226478664073e-07,3.804050744475495e-05,0.0018419103154771266,4.532952945955883e-05,1.1788581660894533e-10,7.3659522376735084e-09,6.916310607335707e-11,1.5327928988364926e-09,1.4726998949754692e-08,8.571097874956983e-07,2.954762033743514e-13,4.1358594746112094e-11,1.6876685824470387e-10,2.9951523108928775e-13,0.001926305597947176,0.0019203121652557557,-0.00241617096011368,0.1316170200144613,0.009335745413419905
21.83427130094044,0.014423192809224139,0.9836726112294649,1.8688722609108734e-05,2.0784448234552882e-07,3.689668969363958e-05,0.0018475721085447249,2.5961844217305003e-08,2.3900122891840686e-10,9.405723673051381e-08,8.485998242464232e-10,6.917595317705803e-07,9.97048812565321e-09,9.157563033989263e-11,2.571646916927949e-13,1.4919801870940138e-12,1.0020809750375597e-10,0.0019041883955645887,0.9836755110376492,0.014419639485783913,1.1511840729151075e-07,1.7215622735206514e-05,0.0018500485534861746,3.663596881995164e-05,3.4574418307171385e-10,2.8831213534348584e-08,1.5268320936430215e-09,9.679940003977505e-08,9.724677965955705e-09,6.89217450121221e-07,3.715786645617372e-13,1.0052323657681221e-10,1.009549094321272e-10,6.073281095436106e-13,0.001904841911223615,0.001904515153394102,-0.0464586738155639,0.13127277535240264,0.041918188895651486
21.959038565517243,0.010970043140157083,0.9871048904699565,4.35554356718025e-06,2.2106939426758393e-07,2.9304386730548487e-05,0.001890291188089281,4.4272865366785385e-08,2.636785380599698e-10,2.297802406440642e-07,7.663264716172318e-10,6.043096493636282e-07,7.017751078060544e-09,1.1026345880646835e-10,1.1325096262320804e-12,2.632505771315018e-12,7.51552708436035e-11,0.0019250587874764847,0.9871182020340059,0.010965133164690919,2.5666121977145897e-07,3.939375922752638e-06,0.0018943942768863565,1.717901280628986e-05,2.7797681233892697e-10,4.783323554152146e-08,1.0833831374059638e-09,2.281451743484648e-07,6.934014549883369e-09,6.034043007530761e-07,8.119211177970216e-13,1.248903347227031e-10,6.707985105921742e-11,1.5953223951368835e-12,0.0019166571992977422,0.0019208579933871134,-0.04316443318168638,0.13090327399813675,0.03180632764889489
22.083805830094043,0.007981989694230286,0.9900664365079453,8.990268574120287e-06,2.121576235577874e-07,1.5369494617298245e-05,0.001926151056596675,3.522347716366892e-08,2.0382041495189145e-10,1.4722978655058134e-07,3.1608911724795433e-10,6.543227726554096e-07,5.687172157233402e-09,1.0664376807799791e-10,1.3528933144245538e-12,1.453769484487642e-12,8.866207187591797e-11,0.001951566158642213,0.990076554931191,0.007978171354497795,3.6250631516956695e-07,1.0234928448684139e-05,0.0019287049483079652,5.1252879565883015e-06,1.1554304206190423e-10,3.6531566019428117e-08,4.707435827137631e-11,1.402517562086916e-07,5.76173768930237e-09,6.554940916031325e-07,7.15982236368517e-13,1.1440504644767322e-10,8.669680552149217e-11,9.190543867133174e-13,0.0019452660755342167,0.0019484161170882147,0.0038329645990584486,0.1305086533379708,-0.010479915789980239
22.208573094670847,0.005513929715273195,0.9925226023071471,2.8471567321288142e-05,1.7056998982775811e-07,7.478549734875833e-06,0.0019264982653380564,1.3127450899132033e-08,2.573851639824838e-10,1.373257189358285e-08,8.061433355560332e-10,8.081597918903273e-07,5.061862645973711e-09,7.051530275334379e-11,5.195620087617141e-13,3.41757353964686e-13,1.322841095602205e-10,0.0019634603012506084,0.9925182081787045,0.005512437837889807,3.157747599823437e-07,3.037211920799387e-05,0.0019260747234815228,1.1743164026403206e-05,1.4889958613366115e-10,1.257127692217436e-08,5.744739912893512e-10,1.0913521576904264e-08,5.192346313983487e-09,8.109134478821988e-07,9.721436245247322e-14,6.214815388231519e-11,1.4948917730578094e-10,3.087318121358896e-13,0.0019693463074854523,0.00196640330436803,0.04662726622932027,0.1300890607158283,-0.04185664346746205
22.33334035924765,0.003546974038854219,0.9944928925012093,4.334501535122418e-05,1.0363791071363186e-07,1.4075916035696161e-05,0.0019016723365394056,2.9712951803840847e-09,9.997091011370761e-11,6.10094447180944e-09,5.381345827814431e-10,9.153501384989144e-07,3.584790029609147e-09,3.1135862799863604e-11,3.7675309713469275e-14,2.476873524693151e-13,1.6361409183884749e-10,0.001960125746146031,0.9944770119570785,0.0035468942126496094,1.5226873045511355e-07,4.412865951094338e-05,0.001899774657345508,3.110079484123971e-05,3.958642703770533e-11,2.777809961623912e-09,3.4345933763482725e-10,6.28396632090484e-09,3.5713159052722333e-09,9.165114336841067e-07,6.816228705096175e-14,1.378613421061047e-11,1.9462963551854444e-10,4.055493693785044e-13,0.001976086116889264,0.0019681059315176472,0.041898698788326125,0.12964465338073333,-0.030596619221243414
22.458107623824453,0.0020204672855696705,0.9960260041492621,3.730242013900894e-05,3.510991826108902e-08,2.9469105737534917e-05,0.0018858685904368786,6.781762960021225e-09,1.9679584077789967e-11,1.7793120220266742e-09,3.5359701502224153e-10,8.347472433009963e-07,1.7144789714759742e-09,4.945018291143835e-11,6.677565432190452e-14,3.8604270232299754e-13,1.4222492671837637e-10,0.0019535208144334654,0.9960145387225217,0.0020200893909582554,2.251587029751013e-08,3.633793710023998e-05,0.0018850083021985577,4.3150429180033525e-05,2.947061119419215e-11,7.765586144009409e-09,4.2775343782047873e-10,2.2867933806824086e-09,1.5845927435733518e-09,8.326521170847826e-07,2.063518630679922e-13,4.303207928458822e-11,1.6207784086796648e-10,2.166956083706697e-13,0.0019653641361954983,0.001959442475314482,-0.005210732196295944,0.12917559843031234,0.011572318811486418
22.582874888401253,0.0009051443837905258,0.9971455685373714,1.7414705247526417e-05,1.1669325366449085e-09,3.8630095097115324e-05,0.0018924387591898223,2.6228101992988567e-08,9.536476097772584e-11,9.921380265666927e-08,5.914829993294458e-10,6.676044827405243e-07,6.498051819807782e-10,9.026468679812085e-11,4.627108932457463e-13,1.4148138268696492e-12,9.581732510212633e-11,0.0019492792974668694,0.9971499192003043,0.0009040161802803154,1.9193025607027095e-08,1.5931125708744958e-05,0.00189323258258042,3.607589454594334e-05,1.1693423037190604e-10,2.9130296990087096e-08,9.150597207737172e-10,1.020438982420911e-07,5.486086447563704e-10,6.650916890510681e-07,3.478656938177901e-13,9.944381609348289e-11,9.571282939841407e-11,6.03177115346592e-13,0.0019460568384552825,0.001947668067961076,-0.04666771042714282,0.1286820727503338,0.041682019525498194
22.707642152978057,0.00022333227402501865,0.9978350590358758,4.094963219151753e-06,1.3921550589804408e-08,3.323128405565901e-05,0.001903408722082578,4.297840168500141e-08,5.85523564915629e-11,2.2355620075621532e-07,2.3266752807013378e-10,5.847660144222705e-07,2.1229578682368215e-10,1.0663524140283919e-10,9.666367126426644e-13,2.8044664934663803e-12,7.22591005568638e-11,0.0019416008777059588,0.99785053462461,0.00022230420473271536,8.618485469326116e-08,3.749291332004504e-06,0.0019044682462247664,1.799705458673438e-05,4.097665193157537e-11,4.636361385726307e-08,2.9845014854370607e-10,2.215893137144981e-07,1.5556945157020627e-10,5.8394656071872e-07,5.945125316257176e-13,1.2066857435730209e-10,6.424966082484602e-11,1.6811898188368614e-12,0.0019271533586766784,0.0019343771181913186,-0.04054906653405423,0.12816426295030744,0.02933020951371865
22.83240941755486,3.1611351856981166e-07,0.9980709694642059,9.219314748719512e-06,4.218914923684767e-08,1.793900978647456e-05,0.00190070372564032,3.295719786679979e-08,3.570945793342256e-11,1.3318998492796667e-07,9.848016691856897e-11,6.357759739959413e-07,8.699592464788367e-11,1.0141981030666841e-10,6.905844354567024e-13,1.930797943104709e-12,8.590759557184477e-11,0.0019287065736158793,0.9980822140666552,1.2386203100308204e-07,1.1504011533857348e-07,1.0518039844457488e-05,0.001900623218308259,5.600355073794782e-06,3.2646173393440945e-12,3.403568752181368e-08,3.002986712788211e-11,1.2622484868324432e-07,4.22177527243599e-11,6.370395408592761e-07,3.1612653222431264e-13,1.0828442519025401e-10,8.444883028004958e-11,1.086307086847364e-12,0.0019176542230668404,0.00192318039834136,0.006541450857603269,0.12762236529516757,-0.012606539400315933
22.957176682131664,0.0002242935849848038,0.9978525416248921,2.7942647667639363e-05,3.870214531346049e-08,6.2707509623599746e-06,0.0018880994688885728,1.189273360915684e-08,2.830081066961467e-11,1.0589121953261027e-08,2.0645289890181402e-10,7.821813273847085e-07,2.4381484258519073e-10,6.487584253427499e-11,1.7789289674473238e-13,5.287468465776914e-13,1.274271964592887e-10,0.0019231569044250636,0.9978475214758639,0.00022475642077210311,6.51471575575157e-08,2.9794259556410317e-05,0.001886848634289548,1.0201391059710414e-05,1.68388641349899e-12,1.129544289030722e-08,9.874102653249237e-11,8.074650864189812e-09,1.7988934101793388e-10,7.849344513706921e-07,5.325594748345747e-14,5.618895620681231e-11,1.446597259089453e-10,2.5507783726940157e-13,0.0019277142180796213,0.0019254355612523424,0.04657978139090989,0.12705658563306443,-0.04139541251521811
23.081943946708463,0.0008608101101856288,0.9972016960335073,4.1297631753342024e-05,5.376689378052027e-09,1.0386809157210565e-05,0.001884911266666057,2.7596157757625906e-09,8.829750182620439e-11,6.1360807963430995e-09,4.668070340064403e-10,8.743400158444185e-07,8.737518665255264e-10,2.879538474407254e-11,1.9119309001102994e-13,1.7128476733055058e-13,1.5527179226789717e-10,0.0019374859332644614,0.9971846206884054,0.0008613868369459773,2.022384898261337e-08,4.195674548748159e-05,0.001883533928985963,2.7587973553295213e-05,5.7110833920922464e-11,2.6129006070270057e-09,3.309599490652327e-10,6.286071327820145e-09,8.411197876200206e-10,8.753543506871825e-07,2.505220673407734e-13,1.2424681678374409e-11,1.8472393638966329e-10,2.33144078566065e-13,0.001953984552021199,0.0019457352426428302,0.03912335776227913,0.1264671393192917,-0.028014560791337993
23.206711211285267,0.001900761087160313,0.996139936218657,3.461890789465311e-05,2.1333444738492884e-08,2.7260025741726184e-05,0.0018965955533497524,6.913349787484426e-09,2.530630550788267e-10,2.6008614819167392e-09,1.083101300747457e-09,7.8608918692953e-07,1.792067068447404e-09,4.855387137418302e-11,5.281572040746211e-13,3.047719052674858e-13,1.3279714722515976e-10,0.0019592947342444416,0.9961285126077879,0.0019016656437910722,9.908916224763441e-08,3.358156387959135e-05,0.001895611581890597,3.972307563201568e-05,1.9778553019633335e-10,7.93839995582213e-09,1.142770365196162e-09,3.2123562669017222e-09,1.8481181009668183e-09,7.839445438392147e-07,3.6093263167371207e-13,4.326157218339992e-11,1.5058969445037419e-10,1.4804583862836276e-13,0.0019698137888987544,0.001964554261571598,-0.00781746441564404,0.12585425113637785,0.013576587771360333
23.33147847586207,0.0033735832056098172,0.9946676982940074,1.5704370661571356e-05,1.37062609606016e-07,4.0273571484164176e-05,0.0019018405103560948,2.564966004206574e-08,1.984872383172439e-10,1.0089002872324939e-07,7.951915142391941e-10,6.248057203603342e-07,2.471850987427676e-09,8.610796023504559e-11,1.030234757284109e-12,1.3430587277937353e-12,8.870102975464193e-11,0.001958710503232586,0.9946736866531957,0.003375684910165414,2.722463531228262e-07,1.426187727663417e-05,0.0019005802121067528,3.474800591054665e-05,1.1220958893877476e-10,2.8487236100957494e-08,6.841110019496808e-10,1.0369630911512042e-07,2.5295142787065417e-09,6.224047528856282e-07,5.154044481640665e-13,9.519623402118765e-11,8.782199111424731e-11,5.950369967276994e-13,0.001950620439908694,0.00195466547157064,-0.0463640385010399,0.12521815521037108,0.0409986047227051
23.456245740438874,0.005299342824375819,0.9927771651776115,3.7639538385161386e-06,2.786060047652125e-07,3.725905928266022e-05,0.00188137909121241,4.03799588534666e-08,7.171257990501365e-11,2.100957016760535e-07,1.7100926571630493e-10,5.490246297218548e-07,3.338695184423631e-09,9.989765895969725e-11,1.018607206010882e-12,2.974910516722463e-12,6.732549276876124e-11,0.0019234839632623027,0.9927946522197456,0.005302880055162781,3.7306603693492576e-07,3.501559725961955e-06,0.0018791661517989285,1.8615757846335915e-05,1.7936773149116453e-11,4.3484500943621313e-08,7.76901285407052e-12,2.0784586994942446e-07,3.305871526283596e-09,5.483185931628736e-07,5.006922147141444e-13,1.1292710754736323e-10,5.964762781379884e-11,1.7354825937559699e-12,0.0019024596907604395,0.0019129718270113711,-0.037629772867327896,0.1245590949233501,0.026657362673725496
23.581013005015674,0.007645267823073704,0.9904796711241043,9.16367538669509e-06,3.1139065099649356e-07,2.0692188999929396e-05,0.0018441350466910863,2.984904014011489e-08,4.154895020120508e-11,1.1622295054394174e-07,7.966009233978689e-11,5.994233753094529e-07,4.88500455982831e-09,9.338723087922491e-11,2.931382785427733e-13,2.396024608736015e-12,8.068843628791814e-11,0.001875052980073133,0.9904918276755655,0.0076491950062638975,2.8347712833800294e-07,1.0472713787594968e-05,0.0018414089097876201,6.058008995929965e-06,7.032627557524272e-11,3.06832107668066e-08,2.536281051538081e-10,1.0950401994930465e-07,4.7029688003984975e-09,6.007417231564068e-07,8.625937673856128e-14,9.920201959707278e-11,7.976649777474799e-11,1.210696741814402e-12,0.0018589692458420104,0.0018670111129575717,0.00903153994724832,0.12387732282219324,-0.014476944320214092
23.705780269592477,0.010340745929733915,0.9878036662020091,2.6573905465318407e-05,1.8241407444673022e-07,5.254067807640773e-06,0.0018228093585249433,1.0440905623412079e-08,2.992353445739518e-11,7.850738403570066e-09,1.8621665708988353e-11,7.343105235040471e-07,7.184256680710153e-09,5.7735994573980375e-11,1.1541672533545297e-13,8.146078573050467e-13,1.1897107878092327e-10,0.0018555797584788591,0.9877981093841391,0.010343605036753226,7.907065324134066e-08,2.8316008632385593e-05,0.001820784891396388,8.337782212158157e-06,7.970515584882209e-11,9.833158432237153e-09,3.123998494168087e-11,5.697863248773346e-09,6.91712086460005e-09,7.369726546774798e-07,1.6428065040441855e-13,4.9054565065462104e-11,1.3567061868861955e-10,2.2693634199982575e-13,0.0018582774697529375,0.0018569286141158982,0.046021821794798023,0.12317310052364049,-0.040494051918318924
23.83054753416928,0.013344738830771955,0.9847680694100936,3.81241947852557e-05,4.6182635914480206e-08,6.8975348425282415e-06,0.0018412858606536987,2.5030854158331436e-09,3.4401221472247705e-10,5.8666564351985585e-09,8.969266121040441e-10,8.098894470323252e-07,1.0170008765594626e-08,2.5915203234088966e-11,6.665163575742074e-13,2.0959454705390433e-13,1.4277608764285537e-10,0.0018871836126212746,0.9847502689089959,0.013346577378076903,3.449325814396617e-08,3.8642436263606655e-05,0.0018403106435615803,2.332740936830044e-05,3.246789555160135e-10,2.4064127571793576e-09,8.399625393076498e-10,5.973024619509199e-09,1.0135532361542274e-08,8.107232713730478e-07,5.752316913635194e-13,1.0990349849230322e-11,1.6983143476180435e-10,1.0770181323157654e-13,0.0019031455668389557,0.0018951645897301152,0.03607683121053395,0.12244669861568476,-0.025266474567117735
23.95531479874608,0.016700136525189497,0.9813663332350571,3.112046266220893e-05,1.5926663707338225e-07,2.521704406258288e-05,0.0018762817991510175,6.840002646249091e-09,6.864848632782307e-10,3.509439047102309e-09,2.0364479497307433e-09,7.180223892909279e-07,1.2221722539800865e-08,4.61829315884892e-11,1.3544705048462027e-12,2.5862177597271854e-13,1.2011003465588386e-10,0.0019335220569052785,0.9813554367072728,0.016703105034836227,3.3533202042956264e-07,3.004998050327488e-05,0.0018748673168548138,3.5454213736510244e-05,5.470093791341736e-10,7.87297796578051e-09,2.0412445988817818e-09,4.216046021178227e-09,1.247769234579756e-08,7.15899032747961e-07,7.013766338731018e-13,4.206827549139789e-11,1.3548440674413672e-10,9.523530913128064e-14,0.0019414500754673812,0.0019374860661863298,-0.010176921078366392,0.12169839655533006,0.015302600887828536
24.080082063322884,0.02048620900970026,0.9775795023064374,1.3713204252108466e-05,5.375643688454578e-07,4.1968653362928026e-05,0.0018773555042602308,2.430216862645618e-08,4.886678832229167e-10,9.902236922983441e-08,1.3893348274613416e-09,5.675443839770403e-07,1.2629888407469668e-08,7.958208602620276e-11,1.823131742986529e-12,1.2743656248668767e-12,7.957736988873818e-11,0.0019342804653140174,0.977587231769503,0.020492277721025475,7.820212110266262e-07,1.2358533056055298e-05,0.0018737792804958606,3.2854348463754536e-05,2.8418519858851477e-10,2.6986648516031396e-08,8.010083759313494e-10,1.0169717522974699e-07,1.2844968886065213e-08,5.653264026469099e-07,8.117782681378792e-13,8.827888218445654e-11,7.806470972027571e-11,5.798478027677151e-13,0.0019204822913507682,0.001927381378332393,-0.04555524247857047,0.12092848256275501,0.03988486493356442
24.204849327899687,0.02471438836812708,0.9734114476038753,3.386913488769938e-06,8.861810898285553e-07,4.128634893387882e-05,0.001827853422329369,3.675161132423998e-08,2.490516789827725e-10,1.9088265648158085e-07,4.667021235194412e-10,5.005674018413769e-07,1.3834549425236506e-08,9.074183469284121e-11,1.222949162028092e-12,3.11102583089667e-12,6.085065596110118e-11,0.0018741557737411868,0.9734306749017931,0.024723012591247127,9.828043356797917e-07,3.2124061178354913e-06,0.0018223333269708883,1.9033535747142798e-05,1.619065362617632e-10,3.9499110528394946e-08,1.2430582105607604e-10,1.8842663688905838e-07,1.3818090730074693e-08,4.999914643135634e-07,5.077061601409281e-13,1.024578725656081e-10,5.373422998018266e-11,1.7446866642466403e-12,0.0018463042531308598,0.0018602300134360232,-0.03447330879268505,0.12013725351192314,0.023849866912126073
24.32961659247649,0.029298020272119113,0.9689059929960178,8.841520846297096e-06,8.886312775935372e-07,2.3594472048226518e-05,0.001761963010701695,2.6188951010902288e-08,1.7530508362815736e-10,9.789765670419511e-08,1.8996555261210924e-10,5.488288465940957e-07,1.736562862138431e-08,8.332573545564388e-11,1.2635681198569985e-13,2.805618005134203e-12,7.354166472950373e-11,0.001795978441026754,0.9689187870508335,0.02930642509042655,7.443528728333712e-07,1.0118747234471158e-05,0.0017567314402845491,6.498362180098583e-06,2.6732004479132493e-10,2.6785429113740205e-08,6.221485514445698e-10,9.162978320814603e-08,1.7038791037879642e-08,5.501598255530828e-07,8.069870762877407e-15,8.802916089362286e-11,7.31418371666575e-11,1.2826577956159602e-12,0.0017747795683311872,0.0017853790046789705,0.011247377674160376,0.11932501481768125,-0.016049098082624818
24.45438385705329,0.03411889064234473,0.964114444405879,2.4510228589243496e-05,5.134851226540954e-07,4.703721048676288e-06,0.0017362223348612164,8.888699892151258e-09,2.1189731003358772e-10,5.633656343949318e-09,1.9495777024493612e-10,6.69200368849102e-07,2.2565556335198693e-08,4.973727043113844e-11,2.611232553553132e-13,1.1673804903979076e-12,1.0776233691994738e-10,0.001766656623686402,0.9641084722568163,0.03412456709981771,2.818419889253614e-07,2.6095481097505736e-05,0.0017335024005291503,6.365827583378654e-06,3.2677948782372124e-10,8.299544996485808e-09,3.1061360708594354e-10,3.86515345275168e-09,2.2105550449100123e-08,6.716914559152696e-07,3.752234551545137e-13,4.136894135504197e-11,1.2343589117996563e-10,2.2835922255631986e-13,0.001766952315705284,0.0017668044696958428,0.0449671677650024,0.11849208031938957,-0.03917478631345045
24.579151121630094,0.03913790025371408,0.9590480684723579,3.411264849429604e-05,1.8096485366612776e-07,4.11488762768373e-06,0.001774848671252615,2.2208961230867363e-09,7.745161401263179e-10,5.338782521966201e-09,1.638845951115072e-09,7.28080037775477e-07,2.7531827488188236e-08,2.272316326239686e-11,1.3514358781645874e-12,3.3528539970714403e-13,1.2730477990109917e-10,0.0018140229088489254,0.9590300642620675,0.039141659682095334,1.542975180342268e-07,3.448637734875191e-05,0.0017741068769102566,1.8753751317326138e-05,7.507207516075663e-10,2.1730089984159245e-09,1.6709278805363646e-09,5.39855164866496e-09,2.751495238757831e-08,7.28717988603581e-07,9.757491432700416e-13,9.570069007410939e-12,1.5136297532112033e-10,3.3366399622027867e-14,0.001828267691186799,0.0018211453000178623,0.03282817415236825,0.11763877216112861,-0.022415561701081624
24.703918386206897,0.044446724624357274,0.953673445461744,2.7106604827264015e-05,4.037390781819248e-07,2.3749947663829312e-05,0.001827880086748418,6.573026433740317e-09,1.2212421713428303e-09,4.393840491709634e-09,3.051420117754524e-09,6.366891134068047e-07,2.905505277881693e-08,4.258626339618148e-11,2.3810599433884297e-12,2.355932762260961e-13,1.0529618006887612e-10,0.0018798215125121899,0.9536635359871637,0.04445253498743862,6.792638655382216e-07,2.604276978495061e-05,0.0018257416041572235,3.0775963895711846e-05,9.883041209086444e-10,7.58120434969452e-09,2.957258467906701e-09,5.176785805705928e-09,2.9506751248002056e-08,6.346535191753602e-07,1.1474836366442507e-12,3.960785042811262e-11,1.1810121560468944e-10,5.769413598375664e-14,0.0018839206244408357,0.001881871068476513,-0.012237251539429705,0.11676542066852869,0.016712558371928456
24.8286856507837,0.05016333442108496,0.947956832444139,1.1610158356767704e-05,1.1106430437865336e-06,4.3821243737898563e-05,0.0018226347019426597,2.2325102477107893e-08,8.87796578679618e-10,9.389055140268035e-08,2.2484031969840275e-09,5.007895990418855e-07,2.766393422751787e-08,7.131319296064253e-11,2.6863174134701455e-12,1.204990245704488e-12,6.922358899109448e-11,0.001879824696896127,0.9479663019151178,0.05017398001822192,1.4484786218672335e-06,1.0379907894415324e-05,0.0018166186883255575,3.0612697455859e-05,5.685830588307954e-10,2.4784212759109386e-08,1.186962325334097e-09,9.634282821233826e-08,2.8019551822907167e-08,4.988064296775732e-07,1.1637960173892266e-12,7.936778918157163e-11,6.725737031451983e-11,5.548240256484501e-13,0.0018597096292093346,0.0018697671630527306,-0.04426120014850875,0.11587236422227024,0.038368162224614345
24.9534529153605,0.05628586166098987,0.9419153797532789,2.9932074538818767e-06,1.688091080933947e-06,4.5213508212579146e-05,0.0017481813323843463,3.24263223574855e-08,5.219739404980356e-10,1.6780561151061404e-07,9.662507514597036e-10,4.43559842326081e-07,2.855334472401207e-08,7.996959998146067e-11,1.504505537751415e-12,3.184468663776702e-12,5.3377725991320064e-11,0.0017987501105136516,0.9419359702570451,0.05629990233157167,1.7685553964521177e-06,2.90302030541956e-06,0.0017395115155422595,1.926310803084141e-05,4.1048035055084673e-10,3.477297646781959e-08,5.143197583740909e-10,1.6523822339795657e-07,2.8542685388553602e-08,4.43119171246048e-07,5.845210727104134e-13,9.017932205831308e-11,4.6999115600723e-11,1.7016845722583625e-12,0.0017641189365962256,0.0017814345235549387,-0.03115052297321449,0.11495994912830339,0.02097157272431595
25.078220179937304,0.06268135067330453,0.9356208522754237,8.274191143261118e-06,1.610096456781944e-06,2.660990008553843e-05,0.0016606689916257428,2.2275654212794862e-08,3.838011281865414e-10,7.963708778890556e-08,3.6856816280096215e-10,4.883900793971487e-07,3.416425695390535e-08,7.208368235536823e-11,1.340959585090381e-13,3.124131392272578e-12,6.508013777821227e-11,0.0016977885391810151,0.9356339715545829,0.06269444233119058,1.347387320813653e-06,9.480842599691579e-06,0.001653202927890884,6.924691034090132e-06,5.365281482587106e-10,2.265867617685663e-08,1.0461041569449263e-09,7.3979968482848e-08,3.36972126778377e-08,4.8969303431163e-07,4.702566880832868e-14,7.570228945206772e-11,6.514688914594805e-11,1.3004980973515259e-12,0.0016715776025661361,0.0016846830708735756,0.013141497784324331,0.11402852948483756,-0.01728971468721768
25.202987444514108,0.06919704226249894,0.929140166191823,2.193830969258221e-05,9.192797470512247e-07,4.84694775710283e-06,0.001634430975830364,7.344807513347555e-09,5.076642390330958e-10,3.951854678561644e-09,6.409895696195429e-10,5.925126455020729e-07,4.238782567408039e-08,4.1501244773515784e-11,5.331763233568069e-13,1.5418334347315487e-12,9.4759522000408e-11,0.0016627829971500537,0.9291339250555736,0.06920590929245722,5.763650626515622e-07,2.3333410768662782e-05,0.0016311098554036296,4.489931354362438e-06,6.718031724015223e-10,6.798660319602761e-09,8.330217531280497e-10,2.5606383384965955e-09,4.176348429359364e-08,5.947700604159734e-07,6.281214138190905e-13,3.371284245052223e-11,1.0901756677973261e-10,2.565454308251087e-13,0.0016601571038726756,0.0016614700505113646,0.04344165127471086,0.11307846704615251,-0.03746990983618889
25.32775470909091,0.07580291629260877,0.9224735363529858,2.963140459878212e-05,3.641378830644361e-07,2.452365603587959e-06,0.0016903960915626715,1.931325581660972e-09,1.2769533544312674e-09,4.634393607629472e-09,2.4878303814742188e-09,6.357761349764694e-07,4.8531181671950523e-08,1.9431903661670956e-11,2.1200033989305255e-12,5.093926118204716e-13,1.1014211146471801e-10,0.0017235387696710905,0.9224558563842908,0.07580925200699569,3.3729482450744495e-07,2.9868450828449434e-05,0.0016896914568475872,1.4290493166142132e-05,1.2354832265008747e-09,1.926946227393109e-09,2.6077392624826556e-09,4.6494725840807884e-09,4.8550392680626655e-08,6.362182314135485e-07,1.384061288296819e-12,8.223497804760402e-12,1.3086465726936679e-10,5.29129866579476e-15,0.0017348830244095883,0.0017292108970403393,0.02944951189238383,0.11211013108328398,-0.019525846006651162
25.45252197366771,0.08263313600040925,0.915563744469532,2.2917057399513102e-05,7.043605288894627e-07,2.317610453874616e-05,0.0017556995309198895,6.13701303680076e-09,1.7601031906477944e-09,5.145919064822787e-09,3.990390941034151e-09,5.485301549580461e-07,4.816134409741826e-08,3.809514973959484e-11,3.431553507606564e-12,2.2447621110122047e-13,8.953982220129873e-11,0.0018031109096033286,0.9155552128912111,0.08264249485409446,1.0699474672524936e-06,2.1896767710562834e-05,0.0017525905163353896,2.61125768669814e-05,1.4353990344680395e-09,7.090929260952623e-09,3.75848940302331e-09,5.9789180333907514e-09,4.8786704897483894e-08,5.46638248400575e-07,1.6132062828005408e-12,3.6134449132364917e-11,9.981993728333107e-11,3.325587729100462e-14,0.0018022836346700652,0.0018026972721366969,-0.013955721543421154,0.1111238982416382,0.017777934322371215
25.577289238244514,0.08983223800895793,0.908367155232301,9.534393458872099e-06,1.7336400622244157e-06,4.588522929341391e-05,0.0017428604891927151,1.9899901290539078e-08,1.3135824910817955e-09,8.610460022435937e-08,3.212440070975018e-09,4.29614711746522e-07,4.4080242789758485e-08,6.201397910721261e-11,3.4756685194244685e-12,1.1327855080731661e-12,5.843781493982412e-11,0.0018005981025460867,0.9083782547395087,0.08984789750736376,2.1384526881131363e-06,8.45342752268977e-06,0.0017344265419570598,2.8235124747276172e-05,8.961256764201579e-10,2.2083027825929358e-08,1.7308874542707974e-09,8.826791992684159e-08,4.454668099010294e-08,4.278983256260869e-07,1.5022414449452236e-12,6.924290932175601e-11,5.6214317968719264e-11,5.197687865355934e-13,0.0017738390973618759,0.0017872185999539812,-0.04251351059997865,0.11012015239559057,0.03648548042534613
25.702056502821318,0.097382352823163,0.9009142709787583,2.592989293071999e-06,2.5130357261086334e-06,4.892456300851878e-05,0.0016487372050288406,2.775995510428031e-08,8.207044342838316e-10,1.428560994128067e-07,1.5126334828923216e-09,3.8232873478513186e-07,4.4315443103921753e-08,6.843825531526371e-11,1.7904186408102385e-12,3.1770731612729835e-12,4.5487415246725556e-11,0.0017033675055200261,0.900935769661728,0.09740193164852472,2.560337308114579e-06,2.5782610669481826e-06,0.0016372404973078434,1.931276202883643e-05,6.978786044349249e-10,2.9695013144950736e-08,1.0291587558190572e-09,1.4028099003481245e-07,4.4298986695903046e-08,3.820185471807259e-07,6.968278727417461e-13,7.70674438456486e-11,3.995794534202888e-11,1.6077392773480955e-12,0.0016622899976161155,0.0016828287515680707,-0.027734292008817416,0.10909928450012583,0.01808620089391465
25.82682376739812,0.10511415522746799,0.8932987135492609,7.534192336882372e-06,2.3307408459529343e-06,2.9682869395494183e-05,0.0015470177893145394,1.8384422778143106e-08,6.152768614985315e-10,6.260087355645551e-08,5.685845199268628e-10,4.2275452737640964e-07,5.185798008102026e-08,6.051513620116718e-11,2.502831467001126e-13,3.327703618935089e-12,5.598218113493047e-11,0.0015871224936333467,0.8933118317364245,0.1051319898536808,1.9584018756434578e-06,8.640584872985452e-06,0.001537682253883391,7.334537501064517e-06,8.212607251700899e-10,1.858999831439262e-08,1.4514106347241792e-09,5.765947747170759e-08,5.126759080330548e-08,4.2399180750874113e-07,1.5997202217300717e-13,6.314500369489355e-11,5.643040455057026e-11,1.2696019414702542e-12,0.001556169680683525,0.0015716460871584357,0.014676209771141103,0.10806169243957718,-0.018175237940866732
25.95159103197492,0.11285383991297356,0.8855958386953022,1.9089712359285495e-05,1.3192735639650108e-06,5.834746315605755e-06,0.0015234852669639791,5.8959528052251256e-09,8.466822789590039e-10,2.758465796220213e-09,1.234513210128965e-09,5.100964026349689e-07,6.26762038085923e-08,3.3575692378021336e-11,8.534913128906907e-13,1.8867791944737514e-12,8.09813287737148e-11,0.0015503126247206614,0.8855894892697367,0.11286620027433633,8.898549903608062e-07,2.0278210162468782e-05,0.0015196615327104728,2.888326895462869e-06,1.0416829240437105e-09,5.410268797698259e-09,1.4720402530266382e-09,1.711238751705709e-09,6.193056504636419e-08,5.120774901787353e-07,8.72365651898962e-13,2.6565343438989044e-11,9.356561623825426e-11,3.0300544490640777e-13,0.0015443016893510477,0.0015473071570358545,0.04148240907662295,0.10700778087352357,-0.03542081849246723
26.076358296551724,0.12058560960832657,0.8777929802005646,2.498672612129744e-05,5.497380050396907e-07,2.1724847341037965e-06,0.0015930731090345175,1.648469146783844e-09,1.7559439617920457e-09,3.836221876674626e-09,3.264244191528492e-09,5.39700614522268e-07,6.901118608227458e-08,1.6230277731601573e-11,2.8522903887121738e-12,6.884102502164683e-13,9.255315016639717e-11,0.0016214013868988684,0.8777761183642221,0.12059511843327363,5.341255058064304e-07,2.510443611479962e-05,0.0015922042942641379,1.0291738347356113e-05,1.6882291417863834e-09,1.6795575112905006e-09,3.4603579031951973e-09,3.8140766392520294e-09,6.908082854316162e-08,5.399628394704794e-07,1.7416433293834342e-12,6.990212706657076e-12,1.0985599709249746e-10,1.2288739438273231e-14,0.0016287543987214509,0.0016250778928101595,0.026013942591649245,0.10593796107990598,-0.016660272244017563
26.201125561128528,0.12847749667282835,0.8698135110118056,1.87864881701162e-05,1.0021134216785206e-06,2.365594912008101e-05,0.0016649951668131866,5.570417602808542e-09,2.2210500212443476e-09,5.679129232354603e-09,4.745659593795516e-09,4.5954540238685896e-07,6.588346446987779e-08,3.309027285327332e-11,4.344626309004455e-12,2.1504173741227933e-13,7.391703404534807e-11,0.001708983474215344,0.8698066462128311,0.12849097768127576,1.4399735852398492e-06,1.7841658433111823e-05,0.0016607409904784178,2.1800895543828108e-05,1.8167612139369807e-09,6.446559896172298e-09,4.351271794733481e-09,6.5312530667762935e-09,6.664525824369692e-08,4.5784013980857797e-07,2.0200636912895057e-12,3.197914819770313e-11,8.186799177008364e-11,1.878337770440273e-14,0.0017023672651706083,0.0017056753696929761,-0.015299957873907087,0.10485265079542429,0.01848031354542849
26.32589282570533,0.13668865125927582,0.8616085605159783,7.597523193424894e-06,2.3166849004024025e-06,4.8142133800177576e-05,0.001644205915093934,1.7225918391953586e-08,1.6921383251275153e-09,7.644336343468052e-08,4.115322008954844e-09,3.5863154566872433e-07,5.8876039421116736e-08,5.2380189482006864e-11,4.076460158566727e-12,1.0536352594520024e-12,4.7909981202816254e-11,0.0017027793467354552,0.8616210758383722,0.13670955885267735,2.7589628471259616e-06,6.6791149584052955e-06,0.0016335138833597333,2.5886857305399827e-05,1.203233489452936e-09,1.9105761386969985e-08,2.3090785836821522e-09,7.828067398767122e-08,5.9415151665517596e-08,3.571924651482558e-07,1.7703421549679962e-12,5.867489056226709e-11,4.5613363014048966e-11,4.744565676243377e-13,0.001669356431367978,0.0016860678890517167,-0.04035457813666179,0.10375227405327621,0.03428231720171149
26.45066009028213,0.1451845343479267,0.8532208549322523,2.2173426487374727e-06,3.244923696092218e-06,5.2316112077842855e-05,0.001536300101127574,2.3076600641263935e-08,1.085899601959948e-09,1.178712414213308e-07,1.976250639325906e-09,3.208299529322283e-07,5.838569196338407e-08,5.69166532930302e-11,2.0204397530756054e-12,3.0792795902373732e-12,3.7685366764689516e-11,0.0015946018048891856,0.8532427636272403,0.1452095729685977,3.2475770347906785e-06,2.2637424610355887e-06,0.00152242552307703,1.9196052924772912e-05,9.660490666876272e-10,2.4616879172458058e-08,1.5347049223463715e-09,1.1538797043634922e-07,5.835308089559596e-08,3.2063615238912954e-07,8.119793871718703e-13,6.399428455395648e-11,3.304913398291273e-11,1.4688222974908432e-12,0.0015476544896587316,0.0015711281472739586,-0.02429740548776994,0.10263726101830382,0.015255454168533286
26.575427354858935,0.15377057346520667,0.8447590934084291,6.662978815224685e-06,2.929541225135882e-06,3.276312867683377e-05,0.0014274808059589839,1.473248528475234e-08,8.267848441509656e-10,4.757712481776013e-08,7.580542162732537e-10,3.562355210471634e-07,6.748953578386339e-08,4.933032711375115e-11,4.1216338089088746e-13,3.4022992032928337e-12,4.684362680673283e-11,0.0014703241741705888,0.8447718992347224,0.1537930675799025,2.4673901668310867e-06,7.646761164522438e-06,0.0014166955232981903,7.729220184508425e-06,1.0740323089784419e-09,1.480190703888211e-08,1.7856661762181237e-09,4.3397027838034016e-08,6.680334344578008e-08,3.573766338113695e-07,3.0391969052818665e-13,5.111377995536062e-11,4.757148889478079e-11,1.1976864461547753e-12,0.0014350242336115464,0.0014526742038910676,0.015824690978189313,0.10150804781961076,-0.018692525302825707
26.700194619435738,0.1622645230052964,0.8363005451791637,1.6128400569717314e-05,1.62778552607843e-06,7.725605646216163e-06,0.001408923963935747,4.602146996685953e-09,1.164771941754517e-09,1.955907194612436e-09,1.8474816042283134e-09,4.2732364473780183e-07,8.007919122808487e-08,2.6352227735956528e-11,1.1559629646499102e-12,2.154545283145897e-12,6.730095057943731e-11,0.0014349228257851487,0.8362942531708667,0.16228059072565232,1.1459374744587235e-06,1.7108460436161857e-05,0.001404692781167199,1.682698595882246e-06,1.371943852416886e-09,4.186907140740692e-09,2.10110252029044e-09,1.2039823723685558e-09,7.926394599808828e-08,4.290088490065294e-07,1.0690366306004297e-12,2.024441461846055e-11,7.808463687250094e-11,3.5492843217542385e-13,0.0014251471141576088,0.0014300349699713788,0.03913680428256816,0.10036507638071779,-0.03307677049111479
26.82496188401254,0.17066765877033405,0.8278193279481711,2.047425430486059e-05,7.03277520688205e-07,3.364094919474979e-06,0.001487920748178459,1.3832463212117967e-09,2.1368280106001344e-09,3.033124807451163e-09,3.835707629788529e-09,4.457281249616834e-07,8.566894524553751e-08,1.3249247594562774e-11,3.4471048748474794e-12,8.355291985268967e-13,7.557618544551362e-11,0.001513004254008526,0.8278037074176003,0.1706808295780101,7.112619575294382e-07,2.04961910143764e-05,0.0014867037232958109,7.000517948496613e-06,2.039620656125517e-09,1.4403425844991697e-09,4.0879302112368136e-09,2.983896221684806e-09,8.579675308682257e-08,4.458370609878684e-07,2.0029009859842283e-12,5.880822186813533e-12,8.958873583013487e-11,3.992085864891503e-14,0.0015154539773323413,0.0015142291156704337,0.0225934207218881,0.09920879424732157,-0.01387884575861404
26.94972914858934,0.17917199594159036,0.8192246983223408,1.4978481347723756e-05,1.2644973608835603e-06,2.5207394586347616e-05,0.0015613733761684991,4.9169434086334855e-09,2.546728553945711e-09,5.937599732228627e-09,5.252207436930032e-09,3.7467209395376e-07,7.9503536798966e-08,2.7923571331822707e-11,5.000762788737501e-12,2.0162896081423224e-13,5.926907157912612e-11,0.001603296670968373,0.8192196694603177,0.1791900000137755,1.751484719425441e-06,1.413123009584898e-05,0.0015558860013350846,1.8079866966154535e-05,2.0834655439536864e-09,5.698722707165386e-09,4.6899025618547246e-09,6.77735998694625e-09,8.035427405898857e-08,3.731794106062874e-07,2.310056883822307e-12,2.7471800910500563e-11,6.518966811139936e-11,1.0849302369786072e-14,0.001590321461234354,0.0015968090661013636,-0.016248879674717595,0.09803965441272688,0.018811917156592955
27.074496413166145,0.1879405369600178,0.8104667044579503,5.8930211980902295e-06,2.7747883270479363e-06,5.053125700611569e-05,0.0015331018525847812,1.4489517275724427e-08,1.9690231158635954e-09,6.57659104737879e-08,4.816622690992745e-09,2.9153756540494256e-07,6.98952732926888e-08,4.300170361911737e-11,4.422463790457887e-12,9.671420522930202e-13,3.81684929175137e-11,0.001592749479588091,0.8104803391711418,0.1879667210046311,3.2227935361305533e-06,5.136305465685489e-06,0.001520427895656268,2.3695226017638056e-05,1.4414154256281768e-09,1.6060592654200814e-08,2.80980959277201e-09,6.726889949852951e-08,7.046582039060621e-08,2.903683612704887e-07,1.9340461519283014e-12,4.832527504553631e-11,3.595517532968336e-11,4.215987847786678e-13,0.0015529307222106495,0.0015728401008993703,-0.03783637962643724,0.09685811514101864,0.03181132222205793
27.199263677742948,0.19692312938400303,0.8015981393798222,1.8587044562452683e-06,3.763783782506963e-06,5.5303109114355364e-05,0.0014173488091690435,1.864132420733961e-08,1.2762751407737014e-09,9.43317346057138e-08,2.2734764102510607e-09,2.622947103409855e-07,6.879122594638067e-08,4.60304328061561e-11,2.1551557686604432e-12,2.8975676551046313e-12,3.0375461459422096e-11,0.0014787220967274201,0.8016199549651774,0.1969533699704954,3.7167809618691058e-06,1.9495397843151386e-06,0.0014016235789525956,1.8930058068997283e-05,1.1720962012291287e-09,1.9824717663940787e-08,1.9316921195707606e-09,9.202502508679817e-08,6.873517362483102e-08,2.621983472809333e-07,9.041144203134863e-13,5.166754052720299e-11,2.6616745146138712e-11,1.2986876526512928e-12,0.001426665925306842,0.001452694011017131,-0.020910463773294287,0.09566463978804574,0.012537199213404225
27.32403094231975,0.20591110812737715,0.792735912158835,5.735060187856229e-06,3.3175430017372783e-06,3.579050069673252e-05,0.0013077076640265325,1.1472342679076731e-08,9.87218622076821e-10,3.496925100704243e-08,9.159424161796846e-10,2.9243013267063085e-07,7.891517609799349e-08,3.907782543322077e-11,5.678642699759685e-13,3.350136169698082e-12,3.8162388063998204e-11,0.0013529705391345655,0.792748129222986,0.2059380533443085,2.7949638861511695e-06,6.58589692551933e-06,0.0012959060483229013,8.103379645774326e-06,1.2604274203450673e-09,1.144679256533583e-08,2.015860189257102e-09,3.1544413713892104e-08,7.816846635489358e-08,2.934529519285397e-07,4.4141659665039997e-13,4.0181165254338184e-11,3.9064711045024156e-11,1.096749589199889e-12,0.0013138082584765612,0.0013333893988055634,0.016571750120101602,0.09445969662028622,-0.018839211200405562
27.44879820689655,0.21472461538508805,0.7839539237638021,1.3278504008848146e-05,1.8144584222413886e-06,1.0479263831900558e-05,0.001295429785072797,3.4967531462594096e-09,1.4129760803687566e-09,1.4416121593997122e-09,2.3680982457317497e-09,3.4858031561640064e-07,9.22605464518323e-08,2.0085170759824125e-11,1.3938034018568829e-12,2.3121054918720152e-12,5.4438704374329745e-11,0.001321451649867271,0.7839478492048219,0.21474450530838893,1.3154483771019495e-06,1.4061658507379916e-05,0.0012908745509427504,9.348380610068765e-07,1.6154442227902352e-09,3.1547413988806367e-09,2.6133168957266924e-09,9.279470389994483e-10,9.142961721777436e-08,3.499690744950969e-07,1.1949971693688927e-12,1.4928973538645596e-11,6.341804825644959e-11,4.0026691970884794e-13,0.0013076362859717942,0.0013145439679195328,0.03646104874959173,0.09324375863166572,-0.03049341276075721
27.573565471473355,0.22338267707707024,0.7752141973878673,1.632657804820062e-05,8.080601476783192e-07,5.951328714851559e-06,0.0013795655405911178,1.1418721847499255e-09,2.3738986938954396e-09,2.288306070375187e-09,4.137558628895085e-09,3.5837523033968167e-07,9.639879307300734e-08,1.0582793478726379e-11,3.838793113650789e-12,9.249862212890538e-13,6.001838175746264e-11,0.0014031162985257935,0.7752001494807865,0.2233998609235819,8.437370095029144e-07,1.627761996362566e-05,0.0013778479549821328,4.54591284449845e-06,2.249058332953999e-09,1.2153263612806126e-09,4.421044661532551e-09,2.2227990269816815e-09,9.658449744991736e-08,3.5836384473534594e-07,2.1444306394040053e-12,4.898447167193385e-12,7.103238136296142e-11,7.409593673877838e-14,0.001399980359519683,0.0014015483290227382,0.019256685001120693,0.09201730335840147,-0.011236870770757607
27.69833273605016,0.232091067808955,0.7664173869434715,1.1594603375368453e-05,1.4476048815380986e-06,2.7709118886164468e-05,0.0014503813145171174,4.221888089379834e-09,2.7082156537692476e-09,5.912994431765033e-09,5.4791909488588815e-09,2.974798090157022e-07,8.745610932147281e-08,2.291029763199363e-11,5.33412380248096e-12,1.8160972538395538e-13,4.619598350618914e-11,0.0014915359744896639,0.7664142401887294,0.23211380075771776,1.955095704208163e-06,1.0858688743583723e-05,0.0014436594556667735,1.5073320893201642e-05,2.21193775198891e-09,4.9002754217286104e-09,4.7656263351960754e-09,6.711580355704779e-09,8.834363282710795e-08,2.9621100946771294e-07,2.452240041159002e-12,2.29286238446515e-11,5.043608068727845e-11,6.816846408873203e-15,0.0014719497808936878,0.0014817428776916757,-0.01679328842056283,0.09078081269194574,0.018775800825829497
27.82310000062696,0.24100768691438487,0.7575157113730545,4.433712187929919e-06,3.055450267911762e-06,5.2943170111140646e-05,0.001415779036294309,1.185123238207173e-08,2.113177030543986e-09,5.487476136872429e-08,5.21905288601739e-09,2.3094447681590053e-07,7.596157565024096e-08,3.4339640529330484e-11,4.491056116204715e-12,8.729847026023481e-13,2.9571224028824785e-11,0.00147659240241233,0.7575301090238409,0.24103897690239975,3.4816130650825934e-06,3.831361329515553e-06,0.0014014824897279805,2.172876909081562e-05,1.580942116357891e-09,1.3126584802088948e-08,3.1479272623334638e-09,5.605844014926233e-08,7.652438904547298e-08,2.300239235138116e-07,1.9788087766303942e-12,3.871630333606869e-11,2.7556311249960138e-11,3.6421217603983743e-13,0.0014309047640359192,0.0014537485832241245,-0.03501895228225509,0.08953477269010196,0.029130723404241856
27.94786726520376,0.25006919508610415,0.7485693162788196,1.5402795103738531e-06,4.036186916857181e-06,5.782046349767186e-05,0.0012977071367615833,1.4642520492613046e-08,1.3707499192831164e-09,7.326875132311439e-08,2.3715693058639004e-09,2.0904874185124788e-07,7.445381295274358e-08,3.622564508694011e-11,2.1747076723912194e-12,2.6440274147726994e-12,2.3840979211571796e-11,0.0013614792877176902,0.7485905644368006,0.25010423270328086,3.941895033414955e-06,1.6601024085557017e-06,0.0012806866767228003,1.8531198901394882e-05,1.2914233575515023e-09,1.551946697347714e-08,2.164290629517945e-09,7.120222016931451e-08,7.437150254660823e-08,2.0902746609252586e-07,9.545564911416038e-13,4.058679337522729e-11,2.0895178668807894e-11,1.1109745240100422e-12,0.0013051935129834381,0.0013333364003505642,-0.017639851672861875,0.08827967338638922,0.009983774817800323
28.072634529780565,0.25906316373723687,0.739697127337295,4.808704783101188e-06,3.4753295991419135e-06,3.8710386706848266e-05,0.0011923504456824454,8.686045670912982e-09,1.0799139129299127e-09,2.486503937314983e-08,1.0294977359561364e-09,2.339775722452704e-07,8.497180022829064e-08,3.01001374194188e-11,6.831815562162733e-13,3.178995443877328e-12,3.0293593507200856e-11,0.0012396995408966113,0.7397085359428349,0.2590942570720425,2.9239102700800233e-06,5.52361783537857e-06,0.0011799436105674771,8.453087778573174e-06,1.362297020385644e-09,8.602066697250837e-09,2.1280204177541948e-09,2.2146246453937918e-08,8.42037288245727e-08,2.3486867717932704e-07,5.466469430950691e-13,3.0689840006772784e-11,3.127299309299482e-11,9.758395744659838e-13,0.0011971976009734217,0.0012184485709350165,0.016914239265225003,0.08701600859773016,-0.018623738698470196
28.19740179435737,0.2678205805630399,0.7309658140878115,1.0621390791278117e-05,1.859971101645825e-06,1.3978573366826244e-05,0.0011867528690263313,2.5884602891878445e-09,1.5616253023669778e-09,1.116547097492408e-09,2.7197239256380592e-09,2.7701799828904943e-07,9.805718732866762e-08,1.487485246356852e-11,1.5402297256360617e-12,2.340495000211698e-12,4.2882878677521395e-11,0.0012135959274667697,0.7309601064811285,0.26784430936917225,1.375863623296523e-06,1.122686945315124e-05,0.0011819399976280582,6.487612531791668e-07,1.745998786393597e-09,2.3167003060344705e-09,2.9399400195390865e-09,7.842002913029092e-10,9.725999098504637e-08,2.7812717430893937e-07,1.2422229063129055e-12,1.0653864850009937e-11,5.015175975076223e-11,4.276822370064853e-13,0.0011955747284379122,0.0012045853279523408,0.03351856762766133,0.08574427573053894,-0.027731119079855933
28.32216905893417,0.27637698008190686,0.7223273575379584,1.2646375317391363e-05,8.492559163481321e-07,9.726271777731386e-06,0.001272040764761681,9.276232825274935e-10,2.450222834293744e-09,1.6464456179224728e-09,4.156099222071173e-09,2.806585816359231e-07,1.0035517446801803e-07,8.274359524522204e-12,3.993390850356032e-12,9.454863575341613e-13,4.637153024980329e-11,0.0012956529215049795,0.7223151077311113,0.2763983711821942,9.145063586721418e-07,1.2551929562948083e-05,0.0012697108861120883,2.9437600580446516e-06,2.303893017793682e-09,1.008721481371394e-09,4.444838428411614e-09,1.5752051685189722e-09,1.0059041665071166e-07,2.8056224796832935e-07,2.1585475953298632e-12,4.0345978745251105e-12,5.477597720624784e-11,1.0371038137674631e-13,0.0012865116284873016,0.0012910822749961407,0.016067293031574448,0.08446497558528629,-0.008783341534377367
28.446936323510972,0.28494222923179297,0.7136790883093337,8.731848118017483e-06,1.5454429150059815e-06,3.094837864701146e-05,0.0013371105139990134,3.526979508804849e-09,2.702749036129757e-09,5.62720820461107e-09,5.4293533364056335e-09,2.301249727695138e-07,8.930974666204277e-08,1.8282380218979793e-11,5.331493363907201e-12,1.5561203034062234e-13,3.501113138445296e-11,0.0013786729634691825,0.7136777564195116,0.28496970173203867,2.0472174081063942e-06,8.112443514487366e-06,0.0013292306634642573,1.280544705485706e-05,2.201318737886551e-09,4.099769022078078e-09,4.600651529736005e-09,6.360999687884444e-09,9.018350149954907e-08,2.290768123053914e-07,2.4402742137330032e-12,1.8601199522669935e-11,3.792570240525285e-11,4.604748153677204e-15,0.0013525323534662717,0.001365602658467727,-0.016936098819945886,0.08317861215961862,0.018385719656641545
28.571703588087775,0.29366239349241463,0.7049778433156809,3.2596706406024146e-06,3.1484482824785154e-06,5.526299755112559e-05,0.0012977660229023609,9.42890168560971e-09,2.1184741057863568e-09,4.443369904764575e-08,5.285864912187381e-09,1.7835401494107778e-07,7.684549871974985e-08,2.668451792057194e-11,4.3041065187763516e-12,7.720076940169128e-13,2.2287251935344618e-11,0.0013597536598778635,0.7049926232444961,0.2936984541187714,3.5302399523640846e-06,2.7944966206632104e-06,0.0012822538295470668,2.001880852473092e-05,1.612556874618451e-09,1.0434757615574328e-08,3.2799545061480565e-09,4.5330971043538524e-08,7.736789196209373e-08,1.7765140549158179e-07,1.9113111377380985e-12,3.0184347238529506e-11,2.054237952905649e-11,3.052998493043977e-13,0.0013089131051256563,0.00133433338250176,-0.031968647276425,0.08188569245011074,0.026302589760597916
28.69647085266458,0.30246423907724557,0.69628817516424,1.2522548663272861e-06,4.042725722556145e-06,5.984031704307081e-05,0.0011821330983868134,1.1187853831490376e-08,1.3681811852235292e-09,5.525426210884766e-08,2.2823434545790387e-09,1.6248527273445837e-07,7.516563717764457e-08,2.7751895525526542e-11,2.0825557307928827e-12,2.338757066097181e-12,1.8228591037107192e-11,0.001247576189971059,0.6963084442539732,0.3025035658648331,3.90848295520352e-06,1.3844222857598399e-06,0.0011643580566069352,1.8022909083454488e-05,1.318039748486554e-09,1.1813924581630979e-08,2.2188321892800885e-09,5.346645081826489e-08,7.505884149411657e-08,1.6251714325745478e-07,9.560925397277253e-13,3.102970322483331e-11,1.5998729314145454e-11,9.200016387995923e-13,0.0011879803130679693,0.001217778251519514,-0.014545848814107384,0.08058672625273006,0.007640478394965278
28.82123811724138,0.3111403642309743,0.687725715938042,3.915117775175238e-06,3.393895763967905e-06,4.147501129370838e-05,0.0010848324863871898,6.3968103774219506e-09,1.1003568029751062e-09,1.7100976405789756e-08,1.0917764413160683e-09,1.825277707292465e-07,8.544740301990455e-08,2.2552004200643045e-11,7.40758985313219e-13,2.9101069715167516e-12,2.3440449293849466e-11,0.0011339102259571375,0.6877361615529922,0.31117523347686593,2.8473203490981184e-06,4.499436569552748e-06,0.0010721828465154117,8.772940788550348e-06,1.3755715533274336e-09,6.284101094261191e-09,2.123454235567841e-09,1.501012960824745e-08,8.469654368260748e-08,1.8328286152811566e-07,6.049280279055781e-13,2.2781343371418055e-11,2.4415345325122615e-11,8.45111183144674e-13,0.001088595365531043,0.0011112527957440903,0.0168611019363955,0.07928222596209149,-0.018065058666120917
28.946005381818182,0.31953851866700284,0.6793474714273193,8.281981170256691e-06,1.7770910854423283e-06,1.804927104949881e-05,0.0010855726978789729,1.8684254875845105e-09,1.6006707682619874e-09,9.045340828456147e-10,2.861886049747642e-09,2.1452870315473985e-07,9.74113315343668e-08,1.0710225887811693e-11,1.5855282830048425e-12,2.24506564483389e-12,3.290621354918947e-11,0.0011140002641822817,0.6793422607338606,0.31956600839878657,1.3361387153192248e-06,8.73567817419909e-06,0.001080548745953577,7.81373309216889e-07,1.7579760658236247e-09,1.659881836363754e-09,3.0480891951495693e-09,7.020951547590309e-10,9.66879631144478e-08,2.153864824877343e-07,1.213671065922596e-12,7.358717816640059e-12,3.8628806945189755e-11,4.3234529745323967e-13,0.0010917212262737076,0.0011028607452279945,0.030378155175088007,0.07797270636958406,-0.024853191048445366
29.070772646394985,0.32770813960881207,0.6710981674230754,9.554331781259168e-06,8.369837488640654e-07,1.4397007020470539e-05,0.0011685747947389503,7.411485755713578e-10,2.375019696164895e-09,1.1275714425948284e-09,3.929205674256396e-09,2.141326990190548e-07,9.78211341532671e-08,6.334223419009994e-12,3.915837920944049e-12,9.011899975333652e-13,3.486601631724137e-11,0.0011936832900853727,0.6710878379220309,0.32773377906746415,9.273068182231883e-07,9.435473113339326e-06,0.0011655630240047618,2.1271095067129916e-06,2.2161375926117392e-09,8.226705490133267e-10,4.1998976819610595e-09,1.0587907092838226e-09,9.809124532693806e-08,2.1398415746619108e-07,2.0573855100648326e-12,3.279618093324578e-12,4.109383086570159e-11,1.2230385836404193e-13,0.0011783733328955017,0.0011860283114904372,0.013081821606128911,0.07665868446044855,-0.006559535824449822
29.19553991097179,0.33585472241394393,0.6628764998378973,6.400125317977123e-06,1.5482443723880634e-06,3.4661430404474816e-05,0.0012258834403594539,2.866131599436489e-09,2.550196901430643e-09,5.133969490815022e-09,5.13384927179358e-09,1.7347843656741597e-07,8.558526596375132e-08,1.4193051163886379e-11,5.030871259539969e-12,1.2661462957513604e-13,2.5808467915680453e-11,0.0012687680334630936,0.662876825537304,0.33588677069911727,2.0181949844173564e-06,5.893566045092739e-06,0.0012169824787617264,1.1225293059862522e-05,2.06979095056597e-09,3.336855178792566e-09,4.240380091078374e-09,5.786263019098646e-09,8.640132003118434e-08,1.7263714145946418e-07,2.2933935169624247e-12,1.4672589139904535e-11,2.772646973830319e-11,3.239973714249135e-15,0.0012363940492975214,0.0012525810413803076,-0.01669220377362517,0.0753406792098878,0.017665664002687213
29.32030717554859,0.3441079760206539,0.654645380806162,2.3244644056633457e-06,3.0508330858635362e-06,5.7374647087952486e-05,0.0011836267975321455,7.298096511135067e-09,1.9992271320433948e-09,3.492935389537822e-08,5.0324004613296805e-09,1.3429992569500906e-07,7.307942476362198e-08,2.0183415158464087e-11,3.91195735166175e-12,6.678588334928793e-13,1.6346600365516352e-11,0.0012466334216499149,0.6546601646111931,0.34414834083254653,3.3738071104412842e-06,1.9774993622680103e-06,0.001167317626548903,1.8560118237870604e-05,1.5440436289191519e-09,8.06902366146871e-09,3.1998806868633947e-09,3.558277666387084e-08,7.353774280670433e-08,1.3378060301962487e-07,1.7513333808901672e-12,2.2906302035877136e-11,1.490307052147476e-11,2.4877653468900324e-13,0.0011914848051394326,0.0012190591133946736,-0.028756201627378776,0.07401921137829051,0.023390984384157116
29.445074440125392,0.352388460926898,0.6464708584891105,1.0010485340348077e-06,3.815540104314883e-06,6.135658936651246e-05,0.0010742508799525315,8.31623419946992e-09,1.2812720882445861e-09,4.0460425943594206e-08,2.0478139530986907e-09,1.231692133394342e-07,7.142445438380316e-08,2.070015233943666e-11,1.8949225075667005e-12,2.0048736812278402e-12,1.3584242031330995e-11,0.0011406707955554918,0.6464898148288422,0.352431502106832,3.6549696980718243e-06,1.1348654848597692e-06,0.0010562115908640056,1.742619417342203e-05,1.2599481749762039e-09,8.745967740018954e-09,2.1142050666343254e-09,3.896606349603688e-08,7.129910090969858e-08,1.2323410036439135e-07,9.082437122015941e-13,2.3092712302816498e-11,1.1955834841713199e-11,7.382861093766793e-13,0.0010786732763011877,0.0011096720359283396,-0.011680933390963275,0.0726948033056505,0.005544277270992958
29.569841704702196,0.360500764763733,0.6384612282297957,3.1146469552115786e-06,3.125423943365483e-06,4.404250365247059e-05,0.0009874767232845468,4.582592423307023e-09,1.0548267336159794e-09,1.1371404179672463e-08,1.0990903179288977e-09,1.388177101526428e-07,8.092015528208084e-08,1.6438456155691173e-11,7.384888092807632e-13,2.5680193609853744e-12,1.7686004814544055e-11,0.0010379971810456526,0.6384706255530241,0.3605389979644816,2.612796583523981e-06,3.579610393928154e-06,0.0009748794458436853,9.057508453476789e-06,1.308864202356587e-09,4.462920818218442e-09,2.013419286149639e-09,9.814410916203677e-09,8.022084252459351e-08,1.394393897872376e-07,6.132858015118217e-13,1.6435928815042078e-11,1.8594878316997995e-11,7.119151538340378e-13,0.0009903666574781569,0.0010141819192619047,0.016433055971893578,0.07136797870526321,-0.017192005871295536
29.694608969279,0.3683129119290841,0.6306627616454995,6.284059284682314e-06,1.5976058362633692e-06,2.2489050814305083e-05,0.0009936863829189998,1.3157370460655387e-09,1.5378150032005421e-09,7.518605174805205e-10,2.79926923397241e-09,1.6186599651010912e-07,9.115786443981451e-08,7.499779606845773e-12,1.5371227518268956e-12,2.0425426683390552e-12,2.459862979675838e-11,0.001024316563075076,0.6306581586013067,0.36834400702399994,1.2170029911630709e-06,6.612301681041847e-06,0.000988476019476966,1.2596991415820738e-06,1.6636796086921099e-09,1.1611009371491732e-09,2.9493666952077964e-09,6.365443382946287e-10,9.053568455947138e-08,1.625076599108093e-07,1.1232767825074959e-12,4.918124452985036e-12,2.897963426347198e-11,4.122259021973305e-13,0.000997824512760064,0.00101107053791757,0.027111977217685986,0.07003926245678227,-0.021923977344795908
29.8193762338558,0.3758847508424587,0.6230158965598374,7.004114529001668e-06,7.749769690525345e-07,1.9634693813609577e-05,0.0010716728318379974,5.81517911847579e-10,2.1757164721421072e-09,7.321736216488707e-10,3.5172001327176074e-09,1.591299587711482e-07,8.991021428976892e-08,4.7468270810205454e-12,3.6367145503744886e-12,8.040655941135658e-13,2.5508527707410767e-11,0.0010993426986269956,0.6230075145569645,0.37591453937861363,8.824032848195305e-07,6.878500424580007e-06,0.0010679473473150854,1.9716294126409548e-06,2.0144348106960383e-09,6.581137008820465e-10,3.75211208014955e-09,6.719021806738016e-10,9.019626992092385e-08,1.589578761054484e-07,1.8634454111009374e-12,2.624429439921432e-12,2.9988343251366744e-11,1.2716883029956449e-13,0.0010779361657493115,0.0010886394321881535,0.01034828661723668,0.06870918039871822,-0.00459785392486696
29.944143498432602,0.3834105286026817,0.6154244512394758,4.551515666560478e-06,1.4672316949805352e-06,3.857584283296467e-05,0.0011201970606391064,2.2646638424924363e-09,2.2839803699126216e-09,4.499212974343632e-09,4.639149767949791e-09,1.2740308594893184e-07,7.744740787046227e-08,1.0717539841748091e-11,4.4977237090512405e-12,9.731567714950656e-14,1.8500750995503848e-11,0.0011650102221477166,0.6154262097304839,0.3834468414653367,1.8870925533299182e-06,4.15070461564373e-06,0.001110451311380744,1.0231522372204545e-05,1.8464522344457626e-09,2.6411110073177944e-09,3.737559178382455e-09,5.060197633419608e-09,7.817234458488576e-08,1.2674730249041064e-07,2.04213886734343e-12,1.125194862041869e-11,1.9703141460990823e-11,2.144106442494185e-15,0.001126938868888424,0.0011459745455180703,-0.016087977559724048,0.06737825912046294,0.016649080705994298
30.068910763009406,0.39100116135431734,0.6078581392509155,1.620671761317727e-06,2.8037389893578128e-06,5.918537621278861e-05,0.0010768768851272734,5.493587221883159e-09,1.7837780455305868e-09,2.665290987561179e-08,4.520818075828332e-09,9.856390861206904e-08,6.570503748867745e-08,1.485575478751456e-11,3.3805352197640745e-12,5.624904265861186e-13,1.1665767556665046e-11,0.0011406894225946052,0.6078725788611442,0.39104527774333636,3.061752005870477e-06,1.3708726735344189e-06,0.0010601711036634994,1.7327878323916882e-05,1.395452838142214e-09,6.0674548555054495e-09,2.937879038202574e-09,2.710881565100495e-08,6.608599073511986e-08,9.819232893584641e-08,1.5263710831994752e-12,1.6915871050813898e-11,1.0521682164130214e-11,1.9640945497651077e-13,0.0010821334237492088,0.0011114114231719069,-0.025454686253549876,0.06604702575392221,0.02046006448946985
30.19367802758621,0.39857470945817075,0.6003819513817765,7.870180608686144e-07,3.410819274618602e-06,6.239424332396543e-05,0.0009765441986528635,6.011189355316122e-09,1.1327286983451578e-09,2.8755114950482598e-08,1.7235169845520624e-09,9.100815174575657e-08,6.421317047146562e-08,1.5027501910784846e-11,1.6407080278887345e-12,1.6623780326307017e-12,9.865023664885865e-12,0.0010433291513801336,0.6003993562826567,0.39862086861732404,3.2374196834844453e-06,9.11759632571538e-07,0.0009586580915331637,1.6765759895732354e-05,1.1359206961191686e-09,6.2937781897219074e-09,1.8892813313138724e-09,2.7547975534718524e-08,6.407799660923782e-08,9.108921312784698e-08,8.196652799681515e-13,1.672173854518553e-11,8.719954086395101e-12,5.733641581700362e-13,0.000979765091745163,0.0010115471215626482,-0.009088330076111905,0.06471600776484095,0.0037227842759175508
30.31844529216301,0.40595275214967924,0.5930939699580616,2.397691612568341e-06,2.718327276338182e-06,4.638602641782912e-05,0.0009015779061222125,3.19199825393604e-09,9.565863260678018e-10,7.302013633346204e-09,1.0542571661459693e-09,1.0285644636754263e-07,7.250681280280516e-08,1.1651536078200745e-11,6.857180603626221e-13,2.1811393720305975e-12,1.300585064473652e-11,0.0009532678470677422,0.5931023012372262,0.40599392469359646,2.2618225896623025e-06,2.7565971016123845e-06,0.0008892539707369555,9.304108785233782e-06,1.1790323830967265e-09,3.079759379148303e-09,1.8203372414131116e-09,6.180318549121965e-09,7.18856750636629e-08,1.033535593779249e-07,5.777500446246509e-13,1.1517934591132043e-11,1.3807882249822039e-11,5.820716603687824e-13,0.0009037640243810969,0.0009285159357244196,0.015661920814834657,0.06338573274390252,-0.016042371428166478
30.443212556739812,0.4130250012569341,0.5860296464318547,4.632166602833635e-06,1.3530050994717679e-06,2.709563683990068e-05,0.000912056308948146,9.038772182292663e-10,1.392589451094461e-09,6.269422443669048e-10,2.5617109475862284e-09,1.1890120874575757e-07,8.06993801039434e-08,5.105796918882306e-12,1.4099583164500338e-12,1.7652168613792323e-12,1.7901030490589875e-11,0.0009453422293810656,0.5860257376811984,0.41305948225524064,1.0433080667355938e-06,4.8615190273453705e-06,0.0009066637178558194,1.9963303021116032e-06,1.486789523543811e-09,7.93125305020415e-10,2.6783972791308537e-09,5.661150131216903e-10,8.019202781524724e-08,1.19364720737419e-07,9.87453752048386e-13,3.1781030865612753e-12,2.1160146732237683e-11,3.714480057713406e-13,0.000914769982124837,0.0009300561057529514,0.023793480227509774,0.062056728197688586,-0.019006969209380657
30.567979821316616,0.41985788070552765,0.5791280629034413,5.004068729106705e-06,6.812448683993772e-07,2.5119424451951283e-05,0.0009830424316699322,4.470422531167485e-10,1.890019657678617e-09,4.481890121424327e-10,2.9920236135752544e-09,1.1508325748017629e-07,7.821680261224297e-08,3.478646052378283e-12,3.2065374830989403e-12,6.748340266142387e-13,1.8145380699212255e-11,0.0010140462725594167,0.5791215765609806,0.41989160317249585,7.96707501544412e-07,4.8841656332107375e-06,0.0009786024540740785,2.3275561203036135e-06,1.7361312241234992e-09,5.151664731694328e-10,3.1803707804943873e-09,3.996556686286479e-10,7.849910550593187e-08,1.1490962877486002e-07,1.6064688667582578e-12,2.0603546093714374e-12,2.1271033407191873e-11,1.2007138609010332e-13,0.000986810148445493,0.0010004282105024547,0.00790482984241956,0.06072952133958085,-0.002920938664905329
30.69274708589342,0.42662929621109064,0.5723010256299339,3.1567130563852493e-06,1.32042369945636e-06,4.244629784036898e-05,0.0010225755993420551,1.7378760567759073e-09,1.9454122209724246e-09,3.791744270169648e-09,4.0093935468913695e-09,9.106416051281681e-08,6.639639543138513e-08,7.865373693263117e-12,3.81875385956264e-12,7.102695744012221e-14,1.2887153895303356e-11,0.001069668003562613,0.5723039565701944,0.42666945752641255,1.6765583111387432e-06,2.848394429718844e-06,0.0010121806732245175,9.70151180484726e-06,1.5662734929001147e-09,2.0305243230697234e-09,3.154014006939961e-09,4.258527388894858e-09,6.700934295113528e-08,9.056820773436157e-08,1.7275070117871035e-12,8.381939294438e-12,1.3600241254827263e-11,1.2863559340566115e-15,0.0010265757483710935,0.0010481218759668533,-0.015160432337859603,0.05940463888068921,0.015377803972051261
30.81751435047022,0.433430665599488,0.5655250881849608,1.0981214843799791e-06,2.4434379013369733e-06,6.063134420818283e-05,0.0009799075746063824,4.017440795011487e-09,1.5081616711459046e-09,1.9725720130953425e-08,3.83725575226212e-09,7.042585136509958e-08,5.600869132123582e-08,1.0630799935234898e-11,2.7811300610591624e-12,4.604089763992655e-13,8.094857012407498e-12,0.001044236023288514,0.5655388859582834,0.4334779368194092,2.636624086516574e-06,9.243937057082194e-07,0.0009631650424069223,1.6286272981763865e-05,1.1939129088251413e-09,4.4318789550564135e-09,2.544174964989166e-09,2.002882653232641e-08,5.630855113411588e-08,7.016911898024541e-08,1.2672956914701576e-12,1.2144982929841237e-11,7.2255505018500605e-12,1.504326326235608e-13,0.0009831670304326482,0.001013701526860581,-0.02213739179838424,0.05808260682089105,0.017572187030397497
30.942281615047023,0.44018094459510093,0.5588619811692773,6.009674967662959e-07,2.8892604388340664e-06,6.299553048631867e-05,0.0008904316719694113,4.220461351467392e-09,9.478962734185676e-10,1.9809333618983053e-08,1.365646489409986e-09,6.546317381106069e-08,5.4749134320851335e-08,1.0607036044636434e-11,1.3510569523126776e-12,1.3319879085057099e-12,6.976452235256166e-12,0.0009570640063037288,0.5588776878152505,0.44022963140161947,2.7182935076423073e-06,7.113708934621456e-07,0.000873030987138416,1.6063896457761968e-05,9.688234292282772e-10,4.397550029017853e-09,1.5916259706305977e-09,1.8867567983761186e-08,5.461393503158554e-08,6.554759490808299e-08,7.021413185260322e-13,1.1768898869434172e-11,6.20354553676686e-12,4.3127221272065513e-13,0.0008926705542004927,0.0009248672802521108,-0.00680084549556908,0.05676395024006354,0.002193528944982797
31.067048879623826,0.44672188335864405,0.5523978403833449,1.8015840358418123e-06,2.2388766980746925e-06,4.848786877297812e-05,0.0008275934464935082,2.1592578792067552e-09,8.225737869395278e-10,4.519022000381126e-09,9.622866915790137e-10,7.414076222214683e-08,6.15919603333977e-08,8.021961863948569e-12,5.966968098200329e-13,1.7798818552340087e-12,9.31184083787254e-12,0.0008802659915736979,0.5524051442269701,0.44676557644002646,1.8540021531958e-06,2.071208457722317e-06,0.0008156888082554961,9.511059814127032e-06,1.0073446745090015e-09,2.062553020870033e-09,1.5684409173251076e-09,3.738855014979904e-09,6.106633466231013e-08,7.452595664542129e-08,5.090103247673961e-13,7.830473446074017e-12,9.985521420394019e-12,4.610476180741909e-13,0.0008292690669515296,0.0008547675292626138,0.014589609633968272,0.05544919308959504,-0.01466170041531777
31.19181614420063,0.45296466282967496,0.5461580597415888,3.3265231579287783e-06,1.0842406665947809e-06,3.1683655723667e-05,0.0008410155804350524,6.052340445331023e-10,1.1920830959173978e-09,5.143362327874183e-10,2.2029998860635633e-09,8.489382388234504e-08,6.769830549478376e-08,3.3765889635355555e-12,1.2276920798996888e-12,1.4478826592012625e-12,1.2664576904558581e-11,0.0008772671254826199,0.5461549100838015,0.4530022676917127,8.461228307706899e-07,3.4805016221120253e-06,0.0008354252241758996,2.9029695337525806e-06,1.2575731662047693e-09,5.287111047145848e-10,2.2914863077707638e-09,4.846550975208586e-10,6.730683185922258e-08,8.521605420337085e-08,8.263321058351857e-13,1.983194534493598e-12,1.5017079711928307e-11,3.159664444599236e-13,0.0008428119216168465,0.0008600395235497332,0.020495269788060995,0.054138857984257036,-0.016162930804997033
31.31658340877743,0.45897850079883235,0.5400829851609649,3.4649244522048497e-06,5.687433241951103e-07,3.056777737682052e-05,0.0009037523210424863,3.3552895360963954e-10,1.5587617404006652e-09,2.558993896588322e-10,2.4239094393480313e-09,8.085410511821009e-08,6.448796214205204e-08,2.4886933025940504e-12,2.6860063377183907e-12,5.323345023222473e-13,1.2531357161104968e-11,0.0009385037006008813,0.5400782831817226,0.45901585576059956,6.81673569886893e-07,3.358651017396439e-06,0.0008986184317314814,3.0419051187866604e-06,1.4203812491651634e-09,3.9325642776500365e-10,2.562381361345759e-09,2.2015175134275283e-10,6.474861407462271e-08,8.069459202904885e-08,1.318785193228707e-12,1.580816333693336e-12,1.464293133539535e-11,1.0387132706547587e-13,0.0009058507184608488,0.000922177209530865,0.005778711796207746,0.05283346599452209,-0.0015411033299780929
31.441350673354233,0.4649215939701316,0.5340942386508264,2.1120256805459532e-06,1.1276489275382561e-06,4.6071802095035274e-05,0.0009347190569560196,1.2927193386976122e-09,1.5755706370188755e-09,3.0729589886938946e-09,3.306944378448297e-09,6.323015807782906e-08,5.397346458327437e-08,5.600761161044852e-12,3.078133292150022e-12,4.9132047751776603e-14,8.709468433116704e-12,0.000984157002912638,0.5340980675733253,0.46496511727766404,1.4150717556014037e-06,1.8833897211951457e-06,0.0009238710928565019,9.50910137411448e-06,1.2632671022332996e-09,1.5134447623816211e-09,2.5430689621057573e-09,3.4479629177340416e-09,5.4466110299731107e-08,6.28671538237862e-08,1.3877805998108407e-12,6.055373950271913e-12,9.104492526308014e-12,6.297861077684643e-16,0.000936804773263558,0.000960480888088098,-0.0139560535313487,0.051533536439409146,0.013900729078802564
31.566117937931036,0.47086651058897333,0.5281747583486873,7.22195266772946e-07,2.021937537323425e-06,6.167985968779565e-05,0.0008941811991232781,2.848586253437092e-09,1.208022920003073e-09,1.4134183515057819e-08,3.0763981977378754e-09,4.888873368076116e-08,4.5286686675698815e-08,7.382877839939253e-12,2.175406095205847e-12,3.643789430363601e-13,5.453317435926779e-12,0.0009587206496023932,0.52818767695907,0.47091633006511824,2.157727214254088e-06,6.07186241111644e-07,0.0008777062980379196,1.5396600711757504e-05,9.672541148237265e-10,3.1382816266451515e-09,2.079376903810039e-09,1.4324243412017852e-08,4.5509791662927866e-08,4.871790739888743e-08,1.000984004582648e-12,8.46147236022278e-12,4.8201363992681686e-12,1.1139989941634671e-13,0.0008959825634541547,0.0009273516065282739,-0.01887571568208213,0.05023958667994186,0.014786078215655673
31.69088520250784,0.47673602043879715,0.5223813617911274,4.5191222750890995e-07,2.3217503584866573e-06,6.321729961349027e-05,0.0008165084950533906,2.871896885498612e-09,7.513532587926656e-10,1.3197219923305195e-08,1.0196618412833266e-09,4.5733356798780575e-08,4.427578401876367e-08,7.264525879453129e-12,1.0563237791501195e-12,1.0272252252069223e-12,4.796337178668313e-12,0.0008826073206700147,0.5223953128414861,0.4767866799567844,2.165130540582049e-06,5.444844009223873e-07,0.0007998374099164518,1.5342238466590028e-05,7.824131206253869e-10,2.9766915851374583e-09,1.2662662765093096e-09,1.2488868914891097e-08,4.4149865492490335e-08,4.581205855133224e-08,5.70199575883418e-13,8.033555516993987e-12,4.297645523721811e-12,3.131294764881683e-13,0.0008179967527030173,0.0008503020366865161,-0.004840025953105983,0.04895213191330079,0.00096354646582581
31.81565246708464,0.4823936343272572,0.5167874733721515,1.3062549804825607e-06,1.745184886648166e-06,5.034343108585615e-05,0.0007653798759578718,1.4152523302140171e-09,6.708603950163519e-10,2.6867450039294674e-09,8.347885174067379e-10,5.1855192527568666e-08,4.959102514111901e-08,5.35260701517732e-12,4.88822182845286e-13,1.3894567337846112e-12,6.476371412625176e-12,0.0008188818144820312,0.5167938369030397,0.4824394553419216,1.436944402117115e-06,1.5016938584133569e-06,0.0007539716449159112,9.680056589385657e-06,8.161680610940516e-10,1.337422102037849e-09,1.2867875322651167e-09,2.164437238983204e-09,4.916817295235792e-08,5.214361435432108e-08,4.2128940420344074e-13,5.151975648281786e-12,7.015770701355622e-12,3.5168648151026203e-13,0.0007666972693087905,0.0007927895418954108,0.013266816797250492,0.04767168496775372,-0.013101851983070402
31.940419731661443,0.48777059294980935,0.5114096254749053,2.30281313339606e-06,8.20083192867152e-07,3.610021853651335e-05,0.0007804318394762658,3.941434063364474e-10,9.646096609410354e-10,4.0903261614594283e-10,1.7814224172380153e-09,5.874927476657063e-08,5.378666075028925e-08,2.1646711270929513e-12,1.013987743127802e-12,1.1246154139330953e-12,8.687694998717452e-12,0.0008197710524736291,0.5114072776183644,0.48781103378317736,6.47926522744723e-07,2.4015354526113342e-06,0.0007746121947894867,3.900348364903851e-06,1.0063784718078018e-09,3.43290677677755e-10,1.8476242677098412e-09,3.953593312873546e-10,5.350176632053025e-08,5.896404306324131e-08,6.573840801754454e-13,1.192309298689668e-12,1.033062293917214e-11,2.5331480967055446e-13,0.0007816780760255098,0.0008007245642495694,0.017287022110887205,0.046398756098445335,-0.013448121993754416
32.065186996238246,0.4929354851288775,0.5061915666801089,2.320537519838364e-06,4.5117136453623767e-07,3.575300024180501e-05,0.000834304083359394,2.4474489376898274e-10,1.2190208155666872e-09,1.3405713196254725e-10,1.8675788127941637e-09,5.501853062616941e-08,5.034244977792629e-08,1.7327480980833478e-12,2.1331762493258695e-12,3.9461076961350735e-13,8.378657274739615e-12,0.0008729376315068241,0.5061884954570656,0.49297611216274856,5.538708572390996e-07,2.2323757303089255e-06,0.0008285109049833254,3.975744249404734e-06,1.1017892667299123e-09,2.9144961756522016e-10,1.9591978125391235e-09,1.1034243255027066e-10,5.0567906122575014e-08,5.488250571730679e-08,1.0283068835237358e-12,1.1794747677633575e-12,9.75564570269437e-12,8.311294123375187e-14,0.0008353818210577879,0.000854159726282306,0.003985640572450018,0.045133852784129756,-0.00046008472091967057
32.18995426081505,0.49802500935376925,0.501065751418182,1.3735432876204915e-06,9.138810891695266e-07,4.9308045243851e-05,0.000857541964743425,9.290847612985698e-10,1.2107588771121872e-09,2.3912212110373033e-09,2.5962683796370075e-09,4.251047797053563e-08,4.1547725480744466e-08,3.8582087049240075e-12,2.3512687093720795e-12,3.245571324598217e-14,5.6945325073368224e-12,0.0009092286318372119,0.5010702134357077,0.4980713770215803,1.1333252956418235e-06,1.2096773735027679e-06,0.0008464249308579001,9.540132257373891e-06,9.668793637130183e-10,1.0900242729216093e-09,1.95453726281823e-09,2.6812297361694295e-09,4.1923128477603596e-08,4.225411198583307e-08,1.057001007589282e-12,4.229582066683885e-12,5.894499911140478e-12,2.2697116099465046e-16,0.0008583989468768276,0.0008838137893570197,-0.012529349340687923,0.04387747952492675,0.012272270069769123
32.31472152539185,0.5030944886174021,0.4960207365075917,4.630003685584712e-07,1.5853311636553364e-06,6.232945384010838e-05,0.0008203039499911608,1.9516901266040607e-09,9.150673448880757e-10,9.774103359005619e-09,2.3244266001401374e-09,3.285548932932581e-08,3.4675497723448095e-08,4.959834957148807e-12,1.6144045618750124e-12,2.774243955134034e-13,3.5564304780906936e-12,0.0008847642420460606,0.4960326077064954,0.5031462740781535,1.672757379998578e-06,3.8978853816349694e-07,0.0008043396847034646,1.4623390204164284e-05,7.409789967732485e-10,2.1469571884293303e-09,1.6014304336461637e-09,9.884621335799954e-09,3.483175077789534e-08,3.274655470756474e-08,7.507258862978853e-13,5.701692816470359e-12,3.115349583773122e-12,7.94814329353877e-14,0.0008211075827664808,0.0008529359124062707,-0.015737113773460144,0.04263013764118336,0.012155123236901743
32.43948878996865,0.5080728370051358,0.49110719757506693,3.248657012625442e-07,1.7643936638433782e-06,6.31246986105542e-05,0.0007546643453705058,1.887040168267277e-09,5.63175073796768e-10,8.46892719087941e-09,7.168571520387481e-10,3.091028266770715e-08,3.38908564670194e-08,4.8104042332274984e-12,7.817987469671089e-13,7.595421339522453e-13,3.1952551453384817e-12,0.000819954750031886,0.4911194132911233,0.5081249669062318,1.6306085642419156e-06,3.9830131472950995e-07,0.0007388838840265783,1.4620121219799175e-05,5.972896619218776e-10,1.9447725497711316e-09,9.508613101965145e-10,7.957044971467651e-09,3.3781471181092836e-08,3.097784059761832e-08,4.376664844090589e-13,5.299350856735979e-12,2.889786147452271e-12,2.1893965549151915e-13,0.0007556091332513641,0.0007877819416416251,-0.003215662338776733,0.04139232507352254,2.9296650623609962e-05
32.56425605454545,0.5128456292889966,0.4863858058062562,9.148103340073285e-07,1.2832263299392754e-06,5.195809668149343e-05,0.00071432163707553,8.952931884336806e-10,5.175441385854344e-10,1.5267302012600984e-09,6.849806974511334e-10,3.504337110919442e-08,3.7750580347860685e-08,3.448020602954754e-12,3.7669441866202245e-13,1.03345712278404e-12,4.358457345164323e-12,0.0007685541981372824,0.48639134869194295,0.5128932194770871,1.0507719808996601e-06,1.051578871247198e-06,0.000703427598581354,9.814832280926174e-06,6.253299525119834e-10,8.363993412468172e-10,1.0011452305527379e-09,1.1919057639118465e-09,3.7428517760072136e-08,3.5251095433217327e-08,3.271214316451384e-13,3.267449761247269e-12,4.769777183780631e-12,2.572683910973575e-13,0.0007154211247295253,0.0007419876614334039,0.011751440417059177,0.040164536184157586,-0.011419366613158613
32.689023319122256,0.517362002729202,0.48186573058368715,1.5467178049563537e-06,5.839454720708884e-07,4.0228727413481204e-05,0.0007298143100518041,2.48643396299596e-10,7.361187393118495e-10,3.119473021292141e-10,1.3514988214661434e-09,3.9228347375873584e-08,4.0357643649441765e-08,1.3404380128013589e-12,7.924086082789753e-13,8.245673370332846e-13,5.753891218532263e-12,0.0007722559436529021,0.4818642067068399,0.5174049813273339,4.680012737137649e-07,1.606707891615183e-06,0.0007237213408783736,4.92295433249249e-06,7.599995466873846e-10,2.1629922520672746e-10,1.4006374681819293e-09,3.052819216489309e-10,4.0163301206925524e-08,3.9364606137803475e-08,4.957231077916524e-13,6.882478895590935e-13,6.859215985772414e-12,1.9099932252134926e-13,0.0007308012227358878,0.0007515285831943949,0.014233491246634762,0.038947261559555725,-0.010912668183454353
32.81379058369906,0.5216870396551901,0.4774957830218336,1.5016421647421667e-06,3.3953871488198214e-07,4.050932400351332e-05,0.0007747403502913245,1.7241245404489327e-10,9.010964442926292e-10,6.257272247707973e-11,1.3660340300867916e-09,3.608555989146181e-08,3.709137777691411e-08,1.168402849521147e-12,1.6010593703352437e-12,2.73816285016649e-13,5.399474442657437e-12,0.0008171665426705342,0.47749416541127415,0.5217305479861792,4.2563896307851147e-07,1.4324507441840023e-06,0.0007683293456559112,5.012644716615406e-06,8.077639709106208e-10,2.0843388213054642e-10,1.4185945754907912e-09,4.894093914523629e-11,3.727370930436522e-08,3.597714975648543e-08,7.592413237684521e-13,8.503924037206009e-13,6.262179708774754e-12,6.146327444163104e-14,0.0007752758226054944,0.0007962211826380143,0.00252945643322659,0.037740987814526485,0.0003308714489824635
32.93855784827586,0.5259354742090347,0.4732194920514039,8.546197122579806e-07,7.000630948149548e-07,5.2065560203235475e-05,0.0007913397344048745,6.419153958570323e-10,8.791493932348176e-10,1.78065432669809e-09,1.929786444017419e-09,2.7530658656066223e-08,3.017494964276061e-08,2.5588461775559355e-12,1.6952305184287487e-12,2.063336546168277e-14,3.5854572816334016e-12,0.0008450229223892089,0.4732243458411686,0.5259841663144849,8.577770203278001e-07,7.421863558479377e-07,0.0007801154147148615,9.698966485740939e-06,6.994215023693194e-10,7.547523324625557e-10,1.424365707812339e-09,1.9953906453164685e-09,3.044478990351918e-08,2.7356964246698088e-08,7.603699526215111e-13,2.842421568902613e-12,3.6738826114316506e-12,3.844667671657869e-17,0.000791477027537829,0.0008182499749635189,-0.010941158272379726,0.036546197397817136,0.01055064926117923
33.06332511285267,0.5301475882513933,0.46903002623866913,2.827754506745591e-07,1.1724024139991098e-06,6.260369371186361e-05,0.0007582594081081047,1.2851422397009664e-09,6.525414734293949e-10,6.4890418408080054e-09,1.6470434570607858e-09,2.1257322443097923e-08,2.503830576623215e-08,3.2065188627836556e-12,1.1307643855514475e-12,2.0194251703051823e-13,2.2346058078086903e-12,0.0008223746558556938,0.4690407471526924,0.5302008003305503,1.2239082666419374e-06,2.3952951988684125e-07,0.0007429851127283351,1.39371247704492e-05,5.344391731654003e-10,1.4113194045728896e-09,1.1571992218367071e-09,6.54670286595037e-09,2.5140628697120305e-08,2.1191236680955637e-08,5.317492859325735e-13,3.6963057193891386e-12,1.9419524452305998e-12,5.4430847315793687e-14,0.0007584416630357949,0.0007904081594457444,-0.012783178101426765,0.03536336839929181,0.009725828776126908
33.18809237742947,0.5342601673525926,0.46497115797123406,2.282625665023239e-07,1.2615909374213199e-06,6.278585013021819e-05,0.0007043362813282302,1.1903199707748173e-09,3.974373937530438e-10,5.201795394045289e-09,4.730083325281009e-10,2.0090407306263103e-08,2.4441004284879823e-08,3.0624164049896376e-12,5.444814688290405e-13,5.348110725903812e-13,2.0516542409542934e-12,0.0007686637851284174,0.46498172236093316,0.5343133286269912,1.1557993996935746e-06,2.839978549075825e-07,0.0006895316783138389,1.3914974940170796e-05,4.2914877136084e-10,1.2191741750099722e-09,6.715124447037113e-10,4.848480034290358e-09,2.435263339389607e-08,2.0144237418944393e-08,3.1569596746860444e-13,3.3587707545766828e-12,1.8757008180792874e-12,1.4654928963451628e-13,0.0007049381213915659,0.0007368009532599917,-0.0019256566512620057,0.03419297435877323,-0.0006230850226551358
33.31285964200627,0.5381801735958636,0.4610913656190292,6.162545408311826e-07,8.851269738846632e-07,5.334528722653642e-05,0.0006735511446439237,5.433066233132989e-10,3.7588631466162565e-10,8.230169227909129e-10,5.284732544182205e-10,2.27343056665277e-08,2.7032747525924706e-08,2.131319412629262e-12,2.7253940534548515e-13,7.266986757332597e-13,2.8206993492297276e-12,0.0007284498570727404,0.46109622988116794,0.53822921718667,7.20405123272203e-07,7.077678766193387e-07,0.0006631404296613801,9.921411426944778e-06,4.508425479728012e-10,5.013949225029595e-10,7.344587316777087e-10,6.19005258223525e-10,2.680198285324409e-08,2.2877194735514918e-08,2.377696986547291e-13,1.9850474046198954e-12,3.11802503683223e-12,1.7877454459456514e-13,0.0006745420044868823,0.0007014959307798114,0.010106787684295898,0.03303548407662306,-0.009673691155999
33.43762690658307,0.5418720689936223,0.4573940147994925,9.893142451298376e-07,3.894687084728642e-07,4.3988450101799995e-05,0.000688482601933321,1.5094802670998423e-10,5.270706238007738e-10,2.2585884087842273e-10,9.576651001699612e-10,2.509929296454779e-08,2.844043479307266e-08,7.970690013993178e-13,5.827483363221122e-13,5.666246923508659e-13,3.654828926406746e-12,0.0007339052418603438,0.45739331851084003,0.5419172893374006,3.1707873861742096e-07,1.023269569468057e-06,0.0006820646223824556,5.920827471559837e-06,5.387594557172336e-10,1.3141623663192305e-10,9.93860101412152e-10,2.2160117898009817e-10,2.8317201026113082e-08,2.51808611284821e-08,3.5243919984442623e-13,3.794453629910097e-13,4.366176269815126e-12,1.344508417646933e-13,0.0006893811870937399,0.0007116432144770419,0.01139267172257687,0.0318913614261389,-0.008599127317066104
33.56239417115987,0.5453951866859768,0.45383407094923844,9.22962305930233e-07,2.412324212262785e-07,4.47290877668563e-05,0.0007247880840022919,1.1630174350355744e-10,6.256872614763908e-10,2.4606382930122986e-11,9.4265482631495e-10,2.2644985704283153e-08,2.5636652698185735e-08,7.574252878454007e-13,1.1278537067489755e-12,1.7663243746571302e-13,3.3304349904792816e-12,0.0007707313627772677,0.4538337181828184,0.5454411745745413,3.082454455942086e-07,8.72178118057579e-07,0.0007178038931417776,6.06189737334351e-06,5.562599687656955e-10,1.426494239188507e-10,9.663715456772248e-10,1.852648013213127e-11,2.577379245115211e-08,2.2564307273698727e-08,5.269963996014067e-13,5.87400653988349e-13,3.8457943042973725e-12,4.1884396124043674e-14,0.000725096240987992,0.0007479138018826299,0.0014021811391503654,0.030761065167842362,0.0008505959357555333
33.68716143573668,0.5488428877137919,0.45036580649834057,5.080321770387565e-07,5.031405707081372e-07,5.430410533229975e-05,0.0007359382547722812,4.2309566520726266e-10,5.988662369456017e-10,1.2611908540571438e-09,1.347691210318528e-09,1.7039929200962467e-08,2.054033044242249e-08,1.6217168339381747e-12,1.1454080640033462e-12,1.271565692727967e-14,2.1582786451608597e-12,0.0007912947488940569,0.45037084464700705,0.5488934058088857,6.092047235964827e-07,4.3479828601872115e-07,0.0007247418981941378,9.91158753277615e-06,4.748041314309996e-10,4.98535600839329e-10,9.76791765938236e-10,1.412236976169616e-09,2.0721955767343562e-08,1.6927900793281916e-08,5.128919510590938e-13,1.8239038272763394e-12,2.1885590137726747e-12,8.67418811488582e-19,0.0007357385054869197,0.0007635166271904882,-0.009256765872937698,0.0296450487657345,0.008796071591079303
33.81192870031348,0.5522429217712005,0.4469859470793838,1.6796946969210696e-07,8.116735976928976e-07,6.254607459246543e-05,0.0007075578643335615,8.065965087251159e-10,4.349409610968631e-10,4.102108368681965e-09,1.0862450376515313e-09,1.3129369733083256e-08,1.6928346496397556e-08,1.9789074062935857e-12,7.419769379521117e-13,1.3904096447437148e-13,1.342552282425431e-12,0.0007711200738029951,0.4469954789601568,0.5522970832043481,8.379083076983429e-07,1.4405540114944703e-07,0.0006930926037246612,1.3315956097015405e-05,3.6041623401724213e-10,8.840624125985064e-10,7.791772704495784e-10,4.127208791640651e-09,1.6990388595005424e-08,1.309161582401177e-08,3.531146612017157e-13,2.2865656256559004e-12,1.1589236648532781e-12,3.539664553371055e-14,0.0007074267602336525,0.0007392734170183239,-0.010067898199597827,0.028543760205592208,0.007536505485041919
33.93669596489028,0.5555410909322454,0.4437309751210463,1.5096187955822085e-07,8.425750106190147e-07,6.226875696208006e-05,0.0006646273180139676,7.144034613071088e-10,2.6218685269973557e-10,3.02855141483755e-09,2.9134679504014987e-10,1.2443654035062978e-08,1.6477958138587604e-08,1.858035874491368e-12,3.5410687818334143e-13,3.551652454207741e-13,1.2589542991861583e-12,0.0007279228337931845,0.44374002329598317,0.5555949158780776,7.646070241572126e-07,1.9028809149398543e-07,0.000650819357341664,1.3242306335885086e-05,2.8808394577731506e-10,7.268472271355624e-10,4.430946690036711e-10,2.7976319379786617e-09,1.6411939708790565e-08,1.248348325604765e-08,2.124101010946085e-13,2.02741843212717e-12,1.1650332614908518e-12,9.305498051649048e-14,0.0006650497133718617,0.0006964862735825231,-0.0009562536256098098,0.027457641815378967,-0.0010172125526345158
34.06146322946709,0.5586643635579894,0.4406380904961909,3.911569695730017e-07,5.682228482721173e-07,5.452397877598493e-05,0.0006420179911913968,3.133194784460873e-10,2.5481240953807107e-10,4.1645053076317046e-10,3.7971697275020204e-10,1.4021400858347708e-08,1.8056714352495715e-08,1.2522842252050344e-12,1.8381862719644761e-13,4.786018721176773e-13,1.7388582680748436e-12,0.0006975347958533921,0.44064242751541605,0.5587145883685567,4.5970359445340343e-07,4.48979189569586e-07,0.0006320238682751669,1.0007003284060318e-05,3.0322838798726035e-10,2.854266493125379e-10,5.034593436771966e-10,2.99621434290405e-10,1.790259647225634e-08,1.411436922494236e-08,1.6053735857513178e-13,1.144224250780308e-12,1.94097749710774e-12,1.168690859206252e-13,0.0006429729664073709,0.0006702538811303815,0.008399617266966308,0.02638713008784357,-0.007925316665368479
34.18623049404389,0.5615898142625161,0.43770636493998244,6.025578177630048e-07,2.407987016110673e-07,4.73298598510471e-05,0.000655601288782482,8.728402049927057e-11,3.509495529241477e-10,1.5343513721627924e-10,6.277367909610404e-10,1.5229080598967797e-08,1.8653588096859942e-08,4.509073359710338e-13,3.994276699560388e-13,3.61843032598599e-13,2.2039351454881858e-12,0.0007038096106432138,0.437706481412254,0.561636988811088,1.9995318220710926e-07,6.200206407343858e-07,0.0006488053362639515,6.858185357286277e-06,3.553024990127979e-10,7.622060307198188e-11,6.538768015689842e-10,1.497280847097602e-10,1.858190385297568e-08,1.527451099996188e-08,2.339249813477647e-13,1.9825061455156422e-13,2.6373938148669576e-12,8.774237492285746e-14,0.0006565185901443323,0.0006801641003937731,0.008814171626605154,0.02533265550537767,-0.006541297951369052
34.310997758620694,0.5643694347684571,0.43489755818071885,5.414229933567804e-07,1.600938005913284e-07,4.835464408920616e-05,0.0006839086607859925,7.423366107917737e-11,4.041296045851681e-10,7.215751425605083e-12,6.085376509892377e-10,1.3446669629493806e-08,1.646148704551013e-08,4.667926732128404e-13,7.384825050398538e-13,1.0497971144356821e-13,1.9452197524890033e-12,0.0007329958271979644,0.4348982814967306,0.5644175073613414,2.0784036894631947e-07,5.063738685242023e-07,0.000676397517748084,7.057167536636629e-06,3.563259356904918e-10,9.233198714301983e-11,6.138999808943687e-10,6.051787921924046e-12,1.655658582909433e-08,1.3390940623325757e-08,3.406041873266837e-13,3.840891971625906e-13,2.2355516287351307e-12,2.612271585407785e-14,0.000684199918644703,0.0007085978729213337,0.000584429983520252,0.024294642367204102,0.001127265449658382
34.43576502319749,0.5670766025285463,0.4321759168446644,2.852652061555202e-07,3.364981413960347e-07,5.602427416355445e-05,0.0006907980399959886,2.6296153461529035e-10,3.786242854472502e-10,8.410259494493624e-10,8.74389395174582e-10,9.961199746892503e-09,1.2967889738651761e-08,9.708982342002368e-13,7.177844054951685e-13,7.692467862239274e-15,1.2281509443611888e-12,0.0007474693665222708,0.43218097222118196,0.5671284882548868,4.020167035303745e-07,2.402884917366796e-07,0.0006797358907206655,1.0124917245900192e-05,2.9928348932647724e-10,3.1047689718156414e-10,6.23345545456489e-10,9.407623253802596e-10,1.3081070042078814e-08,9.893247012866401e-09,3.21160691923678e-13,1.1045621724723826e-12,1.2322047887093355e-12,3.409655956975442e-17,0.0006905282640051068,0.0007189988152636888,-0.0075438876189026175,0.02327350861896486,0.007068840395250827
34.56053228777429,0.569729128032336,0.4295406316734724,9.208337442181437e-08,5.208517984684035e-07,6.22151819450653e-05,0.0006673787969939327,4.764999026523945e-10,2.678757767982917e-10,2.4382917134253465e-09,6.586371159508186e-10,7.643644213044304e-09,1.059541313943787e-08,1.1514695152837132e-12,4.5075965194168127e-13,8.949747542497788e-14,7.620883989349388e-13,0.0007302289969275646,0.4295489919001999,0.5697838318284331,5.3169300397617e-07,8.034236772022088e-08,0.0006537847714191972,1.2746237726575665e-05,2.2469078941878108e-10,5.210974947554827e-10,4.83192704129504e-10,2.445332671261495e-09,1.062971652964156e-08,7.623667754502673e-09,2.1724618693209664e-13,1.3329624959930043e-12,6.543883521992063e-13,2.1654042270621333e-14,0.0006671649744416639,0.0006986969856846142,-0.007636158114912426,0.022269665684778884,0.00561621079555016
34.6852995523511,0.5722824407057064,0.4270208310967275,9.472830651284229e-08,5.186096538139365e-07,6.163944890756514e-05,0.0006344441953787006,4.024663516113383e-10,1.5973014236578355e-10,1.6467621909149542e-09,1.6598075469857139e-10,7.245268963987693e-09,1.02589261620563e-08,1.0600316467759868e-12,2.1221630106983394e-13,2.1957152513782204e-13,7.285372816017898e-13,0.0006967168636015148,0.4270285341235905,0.5723366321751269,4.664305119816827e-07,1.2090875322681625e-07,0.0006215986811234439,1.2616498085943383e-05,1.78478380271113e-10,4.0653331161058967e-10,2.7008718838270736e-10,1.5058296940668538e-09,1.021382722522916e-08,7.272404361242284e-09,1.315392853245657e-13,1.1498662456819093e-12,6.831209614181859e-13,5.5387837340222994e-14,0.0006348223676546709,0.0006657696156280929,-0.0002826299163479874,0.021283518301837605,-0.0011855690327552753
34.8100668169279,0.5746816449465658,0.4246436396457126,2.3593141403887515e-07,3.338073702672926e-07,5.5516034408133666e-05,0.0006185982829397544,1.6927306715817453e-10,1.5912415208549083e-10,1.9480544122109746e-10,2.5050318050283303e-10,8.101728527242616e-09,1.110292971662784e-08,6.893783239952696e-13,1.14252829032354e-13,2.9095996800570884e-13,1.0062738582837888e-12,0.000674704036597144,0.4246476004175382,0.5747328212475442,2.684872435672237e-07,2.7013511542719495e-07,0.0006089289382003942,1.0079444349352445e-05,1.8776831345666208e-10,1.5211373922791142e-10,3.179875743512199e-10,1.3300763563541908e-10,1.1008344815274346e-08,8.158076476149837e-09,9.949529601781013e-14,6.167295459500092e-13,1.1337587340440595e-12,7.076112526390463e-14,0.0006195669641280399,0.0006471355003625919,0.006698077968673646,0.02031546435760483,-0.0062338867412249244
34.934834081504704,0.5769137578920769,0.42240522789238216,3.4269050797960625e-07,1.359169510595973e-07,5.0227828429376285e-05,0.0006302757826798506,4.7325100638035886e-11,2.143039635498397e-10,9.63455835988051e-11,3.7548671248177964e-10,8.626473951268151e-09,1.1226782442355784e-08,2.3915864900608347e-13,2.516492017939841e-13,2.1143200000242745e-13,1.2422364789893683e-12,0.0006810028072304963,0.42240612513875886,0.5769626123107547,1.1548513172740241e-07,3.505382201654749e-07,0.0006230535370872621,7.71099854981962e-06,2.1495851494723456e-10,4.155273541157443e-11,3.936001607791285e-10,9.282078184466544e-11,1.1189259185783612e-08,8.64954715237094e-09,1.4299088072066753e-13,9.699246942171559e-14,1.4883984816872291e-12,5.2236933577326437e-14,0.0006312511425081245,0.0006561269748693104,0.0065378447866631445,0.019365894729687656,-0.004763304884278744
35.05960134608151,0.579022470394176,0.420274327211882,2.916362344975126e-07,9.84174378928436e-08,5.136784558432088e-05,0.0006514153004451104,4.406305986582162e-11,2.3910122306818803e-10,1.086306214076208e-12,3.6205323259434557e-10,7.429831214548035e-09,9.670751634557792e-09,2.6888358148615654e-13,4.4240957234403573e-13,5.649129335595681e-14,1.0583153891966834e-12,0.0007031909484145924,0.4202759439715094,0.5790722498152874,1.2930326152706672e-07,2.695572645149218e-07,0.0006434248025001597,7.953352766552394e-06,2.0909022688783442e-10,5.555384854738927e-11,3.58154973874442e-10,2.5022021219794458e-12,9.730645025743089e-09,7.394607266975307e-09,2.017342092920352e-13,2.3359308925158305e-13,1.2099312629856925e-12,1.46621120912978e-14,0.000651794768006219,0.0006774928582104058,4.617352495991153e-05,0.01843519312844345,0.0011973793612859664
35.18436861065831,0.581063145999237,0.4182240596705288,1.4623301660584716e-07,2.057320693282809e-07,5.725781684150846e-05,0.0006551587855627971,1.514002217168608e-10,2.1843038744747453e-10,5.197462817066991e-10,5.179779269530351e-10,5.4017687734403514e-09,7.46900372385391e-09,5.394434527179688e-13,4.1010544650913773e-13,4.527024712918855e-15,6.492707038495463e-13,0.0007127828474209015,0.41822900672694835,0.5811159916428819,2.426056497325516e-07,1.2105537407788095e-07,0.0006443075247174315,1.0304768111334335e-05,1.722188130330429e-10,1.7907979547231791e-10,3.6377033707591994e-10,5.804181963992498e-10,7.533196097153036e-09,5.363700152065974e-09,1.8347040529200457e-13,6.201400132076687e-13,6.443985754638008e-13,7.511601885293094e-17,0.0006549901476840517,0.0006838864975524765,-0.005870578955541198,0.017523735942386372,0.005427472999229914
35.309135875235114,0.5830461631372461,0.4162550763875881,4.7871072938745984e-08,3.0332427150848195e-07,6.167927745328016e-05,0.0006367062295467705,2.59900086924526e-10,1.4972979238091018e-10,1.3365186471173869e-09,3.603020422561163e-10,4.1140722640516615e-09,6.030961030488363e-09,6.197740994091058e-13,2.4893057603829954e-13,5.274467074313169e-14,4.0118210763884707e-13,0.0006987489551509925,0.4162623321184346,0.5831010793026664,3.0612992406408486e-07,4.307264725550747e-08,0.0006239935898955211,1.2222096153611455e-05,1.272022689643165e-10,2.83494773313196e-10,2.710368182526643e-10,1.3352779332090896e-09,6.047874606864936e-09,4.104506932881445e-09,1.2156712205706262e-13,7.183388822278282e-13,3.4318352366408496e-13,1.2200270630019549e-14,0.0006365770592090754,0.0006676630071800339,-0.005522513980032966,0.016631892086457045,0.003983984338853627
35.43390313981191,0.5849367006535701,0.414389387414771,5.5062152611230525e-08,2.881738235081216e-07,6.095939195339935e-05,0.0006125868760388141,2.084439242098013e-10,8.821079841792025e-11,8.170890300471961e-10,8.61631540458106e-11,3.883726072903287e-09,5.785803680614186e-09,5.570385453037722e-13,1.1500052883932094e-13,1.2369262059488459e-13,3.8948484853094146e-13,0.0006739003745902098,0.41439594163102916,0.5849910326716394,2.565155136636753e-07,7.081308613517634e-08,0.0006006253114263318,1.2050643964249924e-05,1.0014374654616148e-10,2.0891931162439076e-10,1.4934815375053813e-10,7.385140666540021e-10,5.758141658795844e-09,3.900456154651084e-09,7.359317769444707e-14,6.001877823078871e-13,3.7028942311861476e-13,3.023363294528476e-14,0.0006130141405877767,0.0006434572575889933,0.00013017752640560737,0.015760022853216666,-0.0011683485094101255
35.558670404388714,0.5866958075551896,0.41264539058072836,1.280755175124833e-07,1.7612412460925242e-07,5.6342432403209955e-05,0.0006021327889138793,8.380331416995132e-11,8.963967737776057e-11,8.2505098663434e-11,1.486070423396526e-10,4.288206037297023e-09,6.1552739994323465e-09,3.477155904326278e-13,6.419289301049168e-14,1.5972114005073125e-13,5.345197938393595e-13,0.0006587902701005298,0.41264911687646416,0.5867477441373107,1.4073937516917877e-07,1.4633446334275369e-07,0.0005926838835896648,1.0145598313156962e-05,1.0483070654940038e-10,7.424513517790506e-11,1.8128237454757297e-10,5.3083072386426123e-11,6.103057157181728e-09,4.319319169834516e-09,5.55081378772713e-14,3.0394198779277887e-13,6.075327622109961e-13,3.878517361592615e-14,0.0006031273925647175,0.0006309588313326237,0.005069605975881025,0.014908481767026013,-0.004656334995870382
35.68343766896552,0.5883179409942456,0.4110175515802246,1.7633817205005074e-07,6.867475115429794e-08,5.2673918106543876e-05,0.0006115659522512341,2.3480495502161007e-11,1.173290175536104e-10,5.465817599452565e-11,2.0001919774099818e-10,4.4527211781998194e-09,6.062219556403665e-09,1.1622461946951667e-13,1.4233581627195022e-13,1.105596221629466e-13,6.389075375507332e-13,0.0006644957947166315,0.41101917943296257,0.5883682133027129,6.013202199503554e-08,1.790674002649048e-07,0.0006038821260274022,8.463398614216676e-06,1.1664068013055113e-10,2.0781774902842156e-11,2.1169541666800417e-10,5.1585057587498364e-11,6.045063012158031e-09,4.463084819861857e-09,7.862037686737133e-14,4.3609542168048625e-14,7.660794276239676e-13,2.777987418618954e-14,0.0006125956338307294,0.0006385457142736805,0.004592722857117085,0.014077614441269584,-0.0032789901765953064
35.80820493354232,0.5898381166925607,0.40948138543834967,1.4365214681567951e-07,5.435143722053885e-08,5.3779802586338285e-05,0.0006264992556110127,2.3688222889158014e-11,1.2643694491596312e-10,7.442916944690113e-14,1.9401223830683e-10,3.7216638425283676e-09,5.072828662954843e-09,1.4100779606177787e-13,2.3657454879825386e-13,2.68942698861101e-14,5.227076010780183e-13,0.0006804862014129123,0.40948372384752985,0.5898892495296842,7.205113036179425e-08,1.3102348550657105e-07,0.000618080594287483,8.722148012438362e-06,1.0967033189695682e-10,3.0260388023367424e-11,1.8740366530247667e-10,2.294117390023867e-12,5.106286043166087e-09,3.7017605829257713e-09,1.0682428141214891e-13,1.2866466486656282e-13,5.941986942810793e-13,7.255897870401266e-15,0.000627014955427862,0.0006537505784203871,-0.0002521745610015981,0.013267758438681764,0.0011044758230007883
35.932972198119124,0.5912960506228696,0.4080176008367899,6.86513023674191e-08,1.1213250554035177e-07,5.8059696780331974e-05,0.0006280891366559556,7.852900489485198e-11,1.1197050263414745e-10,2.9018350226306095e-10,2.728663612137377e-10,2.6418345284801155e-09,3.822223918695864e-09,2.7049473266513245e-13,2.0810127938088797e-13,2.5335263188416842e-15,3.101834777084602e-13,0.0006863368356433267,0.4080223566621749,0.5913495090136178,1.3017274672544186e-07,5.5882819176986366e-08,0.00061749662020322,1.0432772721335246e-05,8.81022844424412e-11,9.302488690465703e-11,1.890653803662051e-10,3.232676254780166e-10,3.854481287476509e-09,2.6226821865283903e-09,9.317870687302457e-14,3.1385148843928865e-13,3.0450751307281476e-13,8.725214296537026e-17,0.0006281226198257339,0.0006572297277345302,-0.004303135677952022,0.012479243134833241,0.003926874512788762
36.05773946269593,0.5926970003624421,0.4066274088276049,2.1893717816432902e-08,1.5655845399487587e-07,6.101335713466391e-05,0.0006143812109924262,1.2695198998058156e-10,7.38103684439401e-11,6.54812096209984e-10,1.7238748222072644e-10,1.9856178850131125e-09,3.0334545123357104e-09,2.9934969567754874e-13,1.2143641051688319e-13,2.7640927270360937e-14,1.9005807085978074e-13,0.0006755790679717207,0.4066336695584433,0.5927518791879166,1.5594856034794171e-07,2.0382351140349044e-08,0.0006025124317794318,1.1744740124515524e-05,6.355073112003526e-11,1.3807075748177321e-10,1.3347619106788417e-10,6.512292017364755e-10,3.040625148079946e-09,1.9816298214337194e-09,6.012876883117321e-14,3.471337419937091e-13,1.6221947569671778e-13,6.1544755482190075e-15,0.000614439511972923,0.0006450092899723219,-0.003750288564704397,0.01171238958483262,0.0026483991716091037
36.18250672727273,0.5940155745348314,0.40532617244623986,2.8104231248918557e-08,1.4039710639654564e-07,6.028528865931152e-05,0.0005977821952843561,9.600162166005449e-11,4.28050992278955e-11,3.562625002435421e-10,3.980795893292901e-11,1.8540637934501716e-09,2.864592514599796e-09,2.6082362305685633e-13,5.459186233344433e-14,6.152493647153405e-14,1.8607945366768772e-13,0.000658241239377821,0.40533178760577787,0.5940698873291763,1.237004405859038e-07,3.6512009222273604e-08,0.000586590941303007,1.155688350300798e-05,4.931819449414397e-11,9.541916889392728e-11,7.275762123098842e-11,3.176127258825984e-10,2.8498158251780505e-09,1.863119501887401e-09,3.6026530876066126e-14,2.789028723908426e-13,1.794374009030622e-13,1.467774533274133e-14,0.0005983132858079053,0.0006282772625928631,0.0003260325058017725,0.01096751039329815,-0.0010120564543370375
36.30727399184953,0.5952263620423383,0.4041250137917962,6.294794426645038e-08,8.008591345077518e-08,5.702168691683591e-05,0.0005914424606363136,3.6691941571848466e-11,4.4013231507026815e-11,3.0810278205033537e-11,7.648721596470544e-11,2.0055152759193927e-09,2.973099615760253e-09,1.549939014284031e-13,3.1519621592313434e-14,7.64968188854271e-14,2.5133535737755493e-13,0.0006486123485427714,0.4041286299584797,0.5952788991954828,6.367772811657034e-08,7.151246397802932e-08,0.0005821080914265988,1.0210586500507373e-05,5.0987905787559083e-11,3.203575657681132e-11,9.003750947467268e-11,1.8714659844022265e-11,2.948057721516425e-09,2.0206071816609385e-09,2.6940210329725383e-14,1.3209313895440378e-13,2.879999711889073e-13,1.8592250230164512e-14,0.0005924590290255613,0.0006205356887841664,0.003578844274675901,0.010244909587652134,-0.0032451093481197326
36.43204125642633,0.5963289933245572,0.40301770124236536,8.098627489721312e-08,2.9571333955285258e-08,5.467121908241238e-05,0.000598506773566124,1.025015638245127e-11,5.5488110187430184e-11,2.7015996119889726e-11,9.12596315862134e-11,2.0138225035559696e-09,2.8293909002868164e-09,4.9807179644852606e-14,6.964013168027061e-14,4.982498951489315e-14,2.8829222940498627e-13,0.0006532935779422515,0.4030199909614943,0.5963804325286883,2.690647950101842e-08,8.149887349880117e-08,0.0005903462156264185,9.10500642188136e-06,5.469363555924e-11,9.16678272684092e-12,9.798113447221712e-11,2.4730033991671178e-11,2.822865813796606e-09,2.017736128230465e-09,3.7467571858470306e-14,1.7444158971616275e-14,3.4575921043747677e-13,1.2706141771709183e-14,0.0005995646549882055,0.0006264291164652285,0.002996279056116553,0.0095448824947904,-0.002091627939713013
36.556808521003134,0.5973499775358617,0.4019860163480758,6.079913882026145e-08,2.631840014810649e-08,5.5623583231431235e-05,0.0006082794626739881,1.1046835316609233e-11,5.737043493746051e-11,5.894634772397243e-13,9.014106063363631e-11,1.619308970114215e-09,2.2809201566462404e-09,6.44666123017175e-14,1.0840106378767094e-13,1.0853327592084626e-14,2.2458437205492805e-13,0.000663994223229614,0.40198891778929813,0.5974021395372157,3.493743932940628e-08,5.461683899596087e-08,0.0005994885663538692,9.348602734217809e-06,4.93649130585278e-11,1.4292395131591543e-11,8.455703895500048e-11,2.516857126623656e-12,2.2968366667777175e-09,1.6096610394814757e-09,4.8545130447797636e-14,6.145728198710341e-14,2.537312084005054e-13,3.0302704616189825e-15,0.0006089307809620868,0.0006364625020958504,-0.00035837695134395623,0.008867715621177252,0.0008976275778453375
36.68157578557994,0.5983160155079145,0.4010168280363755,2.6400655873239414e-08,5.2457255606947735e-08,5.850218852280739e-05,0.0006085603587364025,3.5026260707211804e-11,4.875519143298197e-11,1.4024649797896411e-10,1.221377328342467e-10,1.1120364118547395e-09,1.661679826360774e-09,1.1681743283110882e-13,8.964652651279795e-14,1.2718290818799853e-15,1.2783585695946176e-13,0.000667144525388183,0.4010213500894049,0.598369804699499,5.988866776929606e-08,2.103293238800429e-08,0.0005982452949729535,1.0503965891987314e-05,3.830359723828937e-11,4.1539332824503134e-11,8.359116663321707e-11,1.5569414531910298e-10,1.6754056642318202e-09,1.1037799529765537e-09,4.020469631188585e-14,1.3663193970458108e-13,1.241223408317717e-13,7.006283654480429e-17,0.0006088332810799864,0.0006379889032340847,-0.0029040481416878626,0.008213686536414515,0.0026166264024520577
36.80634305015674,0.5992292753418088,0.4001111669631311,8.601241145473628e-09,6.77963931068743e-08,6.0296174819878293e-05,0.0005991706314574018,5.2749909647507534e-11,3.053771620737314e-11,2.7191866603721565e-10,6.839987025352682e-11,8.163710614792741e-10,1.2832613054201082e-09,1.2325339739539268e-13,4.978372140421723e-14,1.2242161811909263e-14,7.699209749934022e-14,0.0006595457274123328,0.40011657685347424,0.5992839478157677,6.667421318494681e-08,8.53585746040325e-09,0.000588064087423818,1.1321557345025906e-05,2.6667267959382507e-11,5.717788180457005e-11,5.486328082953211e-11,2.688977714620467e-10,1.2857206769695222e-09,8.150117549567185e-10,2.5003617904370693e-14,1.4288796929859753e-13,6.566390500998722e-14,2.6430970748956393e-15,0.0005994633634143218,0.0006295045454133273,-0.002331009639465601,0.007583063760333086,0.0016074422118119737
36.931110314733544,0.6000730578702603,0.3992784652420801,1.2814091826457245e-08,5.6186377040017227e-08,5.96673425168595e-05,0.0005887264176284831,3.714935226275454e-11,1.7296600887926042e-11,1.2776084042239805e-10,1.5683684439447405e-11,7.449912875458683e-10,1.1790022355997511e-09,1.0282679642638578e-13,2.150352904327655e-14,2.554346831440413e-14,7.505996663113396e-14,0.000648464882723144,0.3992833550881439,0.6001272534790982,4.8909586707355665e-08,1.662039978629724e-08,0.0005781659057195028,1.114587227283051e-05,2.0194735316398342e-11,3.659311548831244e-11,2.9639822135732805e-11,1.1196079012380837e-10,1.1724896688373901e-09,7.490638785294508e-10,1.4622314134998535e-14,1.090297042106232e-13,7.341487114178147e-14,5.985493372800683e-15,0.0005893794281238899,0.000618922155423517,0.00035618806042961846,0.006976106653652635,-0.0007679127082531339
37.05587757931035,0.6008329495575679,0.39852406884945657,2.540497545275825e-08,2.936901369896318e-08,5.756697442297115e-05,0.0005853457726439187,1.336168424513642e-11,1.77326707209859e-11,9.879143450596236e-12,3.214115313424548e-11,7.786560482600069e-10,1.1779343699875577e-09,5.736123726520001e-14,1.2753964840144979e-14,3.00524757140494e-14,9.825663043198278e-14,0.0006429695509595357,0.3985276750221635,0.6008859523399679,2.3186907809184896e-08,2.867761112792837e-08,0.0005760303652827783,1.0276338943617652e-05,2.034173878901781e-11,1.1496864831798818e-11,3.669055021531309e-11,5.883067777450346e-12,1.1681163755636402e-09,7.846991923189926e-10,1.0730757452213553e-14,4.755915534079662e-14,1.1342824819594968e-13,7.319494366940277e-15,0.0005863605961521602,0.000614665073555848,0.002285647150685591,0.006393065312255146,-0.0020465381532609717
37.18064484388715,0.6015117769401968,0.3978418227161769,2.9399240035973676e-08,1.032109031156927e-08,5.622921966938021e-05,0.000590117443391939,3.674676560262761e-12,2.1194987759325245e-11,1.0930243602389035e-11,3.3189755401558814e-11,7.448212089974026e-10,1.0674715325518628e-09,1.758602288807367e-14,2.7538611016478004e-14,1.8092179257837645e-14,1.0650795296589356e-13,0.0006463882648437963,0.3978446855295999,0.601564139722181,9.912306433866031e-09,2.9242968659277654e-08,0.0005814934428940132,9.628189834818944e-06,2.072587593305925e-11,3.3265910805797946e-12,3.6430869112729216e-11,9.556352316320887e-12,1.0655772803622321e-09,7.459609966507693e-10,1.446479221619557e-14,5.842465648823856e-15,1.277028901657156e-13,4.674572193084323e-15,0.0005911626697345753,0.0006187754672891859,0.0017540452743231923,0.005834180465114779,-0.0011939712196489558
37.30541210846395,0.6021282128758346,0.3972189770143141,2.0286764266284215e-08,1.0350976070396258e-08,5.694774782104926e-05,0.0005958181661827531,4.135005652760361e-12,2.0729261074667454e-11,9.46449685952271e-13,3.385405559694422e-11,5.66873665065281e-10,8.159052878088481e-10,2.3784012522212087e-14,3.948021592019242e-14,3.4483368103845797e-15,7.776059009780505e-14,0.0006527979943323372,0.39722229706397094,0.6021811121016211,1.370615188160716e-08,1.7852409222439463e-08,0.0005867180101660539,9.827709456959556e-06,1.7696378104156603e-11,5.4168614707932575e-12,3.057437851424145e-11,2.139654532696791e-12,8.21893054273368e-10,5.631516926023576e-10,1.756011049431724e-14,2.3562940233388607e-14,8.727019764428856e-14,9.947526471527558e-16,0.000596578719185525,0.0006246883567589311,-0.0003267417547463523,0.005299683375927302,0.0006297645572066219
37.43017937304075,0.6026987296425067,0.3966470947555378,8.247286610039734e-09,1.92517113864513e-08,5.866952817472366e-05,0.0005954653620303271,1.2337575295980893e-11,1.6590420950781376e-11,5.430059108113943e-11,4.277013997427467e-11,3.6987787616927213e-10,5.64574992627545e-10,3.9890217965614064e-14,3.016547795638313e-14,5.155744827485612e-16,4.173780183667662e-14,0.0006541634497669523,0.39665137864819167,0.6027526380373324,2.152714179598276e-08,6.4747711411326775e-09,0.0005854181821116118,1.052392567292553e-05,1.3019983898953338e-11,1.464339764806076e-11,2.8945826023059122e-11,5.997444935912924e-11,5.691247434379769e-10,3.6707635535531397e-10,1.356238668995835e-14,4.696830601590539e-14,4.008180981611439e-14,3.8308781956621833e-17,0.0005959711625828808,0.0006250673061749166,-0.0017300711674047415,0.004789795748478045,0.0015394428554419775
37.554946637617554,0.6032240984358371,0.3961264798252746,2.726074375551618e-09,2.2516666908737668e-08,5.9607427938098254e-05,0.0005897760699937211,1.6935190246280872e-11,9.657957402172162e-12,8.652373924017331e-11,2.030649859408138e-11,2.597889168853338e-10,4.1571519909967926e-10,3.930206318080535e-14,1.5624651697466945e-14,4.166167759598033e-15,2.423271920376232e-14,0.0006494095496839307,0.3961312103063922,0.603278476758851,2.172637316868847e-08,2.8885310140383527e-09,0.0005793108044168402,1.0964521847850375e-05,8.560868047000033e-12,1.8287134164118093e-11,1.707687061535233e-11,8.489997889570309e-11,4.1632310618049173e-10,2.594525782414361e-10,7.9624753397698e-15,4.551309359069404e-14,2.067910482244877e-14,8.778293641837043e-16,0.000590300745844442,0.0006198551477641864,-0.0012642085953358821,0.0043047296357892634,0.0008487270782224637
37.67971390219436,0.6036951832578273,0.39566155662012464,4.1622259519754326e-09,1.6739721704712374e-08,5.914824353938037e-05,0.0005840781071163258,1.0834472872042093e-11,5.239525943576319e-12,3.298485822549874e-11,4.8516211278420425e-12,2.2615510496151783e-10,3.628351085979654e-10,3.062553901145884e-14,6.326927658325851e-15,7.959186347652104e-15,2.2932317484161253e-14,0.0006432478955718987,0.3956659290538044,0.6037492192641922,1.4337697971981307e-08,5.4207025657382656e-09,0.0005739930207595539,1.0826034261584957e-05,6.1865530877793595e-12,1.0569531518516868e-11,9.13119380129246e-12,2.821932491434829e-11,3.6070430860879313e-10,2.2752307078681615e-10,4.426591775859284e-15,3.217613319935737e-14,2.2744819871117432e-14,1.8435882157066904e-15,0.0005848394558168504,0.0006140436756943745,0.00027754862910583234,0.0038446873530826207,-0.0004901068757460416
37.80448116677116,0.6041059410887746,0.39525340288928856,7.627749175135176e-09,7.627573354647997e-09,5.7985510350441406e-05,0.0005826424096261723,3.589141660080957e-12,5.1960830545223406e-12,2.709412458675608e-12,9.749480098975471e-12,2.220672024260443e-10,3.394588566690102e-10,1.5592709710309763e-14,3.769373399866244e-15,8.591446424683694e-15,2.8243535074238512e-14,0.0006406437581255167,0.3952570680453559,0.6041592910284431,6.009523925338697e-09,8.486177696124195e-09,0.0005732727176330923,1.0340867177671333e-05,5.901469919712172e-12,3.045928950573465e-12,1.0875740374617382e-11,1.7865327284638762e-12,3.3666978563802975e-10,2.238350441639943e-10,3.1081914517331872e-15,1.2551431584823037e-14,3.282365800138355e-14,2.10022254524108e-15,0.0005836286626774704,0.0006121362104014935,0.0012432301196488131,0.0034098613945940893,-0.0010993887766624084
37.929248431347965,0.6044607367734134,0.3948964883801727,7.999471782416738e-09,2.454725055907839e-09,5.736240023329192e-05,0.0005853891929994577,9.418581305681072e-13,5.698221093513898e-12,3.216214194433029e-12,8.272126541041446e-12,1.9599748218576365e-10,2.8387956119071363e-10,4.454560376909914e-15,7.670255342528112e-15,4.62039734336895e-15,2.802129632739045e-14,0.000642762545479818,0.3948998143833507,0.6045137849847367,2.5680468652110188e-09,7.803526526584633e-09,0.0005763506581051352,1.0026803368966083e-05,5.533634922320861e-12,8.628850002938281e-13,9.428676766309e-12,2.6123944385156583e-12,2.8352719820154964e-10,1.9621265579797222e-10,3.940747225484035e-15,1.4369649729420432e-15,3.357322662838485e-14,1.2080350483060872e-15,0.0005863883312650971,0.0006145754383724575,0.0008595935979812191,0.003000434354275099,-0.0005686290103348855
38.05401569592477,0.6047715428630683,0.39458250061028943,4.749275405614084e-09,2.9225067423336982e-09,5.781379907091841e-05,0.0005881223675420596,1.0562415211302518e-12,5.098160711842098e-12,7.575577376157118e-13,8.925757104858815e-12,1.3614091559973634e-10,1.984203952179847e-10,6.0305890757635994e-15,9.768292596497423e-15,7.377976901954264e-16,1.8498594622833504e-14,0.000645944188829189,0.394586109488821,0.6048249236494104,3.7883084471193125e-09,4.080305054089786e-09,0.0005787837497352414,1.0162556137341088e-05,4.318226197002202e-12,1.401576988992032e-12,7.626644739854202e-12,1.2664532302314591e-12,1.9994324409046845e-10,1.3516547577420842e-10,4.321109746265354e-15,6.176544947809618e-15,2.0614518843460115e-14,2.1941304813944766e-16,0.0005889545242390364,0.0006174493565341127,-0.00021629106024212216,0.002616578850413124,0.00035587573796258705
38.17878296050157,0.6050474622979288,0.39430623272066817,1.4889077069815887e-09,4.816253714809353e-09,5.865519600446395e-05,0.0005876308691928094,2.857097629316793e-12,3.680727312924666e-12,1.4306399849100656e-11,9.776401655882113e-12,8.087484703435082e-11,1.2499966280044438e-10,8.958611602142595e-15,6.6134270266521094e-15,1.3860328832962122e-16,8.981870225179333e-15,0.000646292606878524,0.39431030825562075,0.6051013521399079,5.215168582140544e-09,1.1384726246687308e-09,0.0005778137300593203,1.0506911776520586e-05,2.8861935976324854e-12,3.3933010355786718e-12,6.551094033586897e-12,1.566789621241507e-11,1.259797905731614e-10,8.025201265157238e-11,2.9838230659580166e-15,1.0603484311398175e-14,8.532497351142197e-15,1.256072801498809e-17,0.0005883272302294682,0.0006173099185539961,-0.0008304680138049694,0.002258457454202683,0.0007298427449145881
38.30355022507837,0.6052891784915791,0.3940669312186179,4.931591419510995e-10,4.666550776377302e-09,5.9025921712288793e-05,0.0005848466365184305,3.387833682733452e-12,1.8885332976515726e-12,1.6697398016802037e-11,3.5325893936644985e-12,5.1646438920261834e-11,8.343276627051621e-11,7.83121013901208e-15,3.037143091032468e-15,8.810062309744002e-16,4.781183181998862e-15,0.0006438778785427279,0.39407117223551386,0.6053432540886539,4.402605705136868e-09,6.070182007759217e-10,0.0005748671955146013,1.0688899854250562e-05,1.700812491467827e-12,3.6424972286905805e-12,3.2128770850668073e-12,1.617338680783216e-11,8.351643419018872e-11,5.16001006556345e-11,1.571156865155274e-15,9.051782377451018e-15,4.0867747805573624e-15,1.8247222937415624e-16,0.0005855612648537585,0.0006147195716982431,-0.0005375848788052463,0.001926222622297004,0.0003500322211337833
38.42831748965517,0.605493612486681,0.39386514268266554,9.97839979675183e-10,2.7543786892228186e-09,5.876243028068585e-05,0.0005824660864495852,1.8484797732261613e-12,9.289411010224216e-13,4.332620067566692e-12,9.82249065419497e-13,4.032290650260303e-11,6.506606852415541e-11,5.35362808947225e-15,1.0845806448763287e-15,1.4489824058305103e-15,4.120650821423908e-15,0.0006412323824422128,0.39386918994390263,0.6055474950132694,2.3111718676852983e-09,1.2580480955175176e-09,0.0005726960272559605,1.0602885032058907e-05,1.1055831071764863e-12,1.7846053924953148e-12,1.689792937730806e-12,3.546851035504093e-12,6.466324993382416e-11,4.0589581895731625e-11,7.798910001343366e-16,5.571065078554341e-15,4.142465526080525e-15,3.337115729533805e-16,0.0005833025948984741,0.0006122674886703434,0.00015075899073128303,0.0016200166333680916,-0.00023396072543519162
38.553084754231975,0.6056604228450364,0.39369916655128473,1.3806265065310677e-09,9.37064166337621e-10,5.8278668820803035e-05,0.000582117040663536,5.320184362827249e-13,8.227376924912692e-13,6.645537026208333e-13,1.5644543866022176e-12,3.450525807132975e-11,5.291997268522849e-11,2.3102753976168885e-15,6.054385347537591e-16,1.3277334520676695e-15,4.4239120633807945e-15,0.0006403981181926741,0.3937029223033892,0.6057140108789899,7.394227462127553e-10,1.4941229451759585e-09,0.0005726540339564323,1.0397973959135997e-05,9.255927721431293e-13,4.4682564453036583e-13,1.73934599171409e-12,5.540789828452978e-13,5.24933129177952e-11,3.478562128194203e-11,4.88083895574759e-16,1.8029971049059844e-15,5.171429643909849e-15,3.259281749937741e-16,0.0005830543324138257,0.00061172622530325,0.0004965212484405641,0.001339971528701911,-0.00043366325218293663
38.67785201880878,0.6057942087232125,0.3935643995578341,9.854101591755473e-10,3.057425337074187e-10,5.809002328068155e-05,0.0005832878161599217,1.209479994067191e-13,7.535886568608429e-13,5.359180365320787e-13,9.411877037132457e-13,2.5646484011773794e-11,3.7291835508872596e-11,5.664684934479416e-16,1.0524067149866709e-15,5.816654076632167e-16,3.667959109349241e-15,0.0006413791958891266,0.3935680567073005,0.6058477081639042,3.711018753962672e-10,9.318497440247855e-10,0.0005739255536490825,1.029568408152955e-05,7.287380128337753e-13,1.1121031357638385e-13,1.1628911522519776e-12,3.8945486191715877e-13,3.7264424351427545e-11,2.5664026669477788e-11,5.304496997447358e-16,1.8233788672714033e-16,4.390235959471436e-15,1.5354634857929066e-16,0.0005842226060082336,0.0006128009009486802,0.00029488228051017894,0.0010862090568537627,-0.0001887611944403507
38.80261928338558,0.6059018136202278,0.39345573165741077,3.658657820386773e-10,4.360665813065945e-10,5.82942111848264e-05,0.0005841471105083139,1.177193425962835e-13,5.53760737071922e-13,3.2224542681387445e-13,1.1492477694544082e-12,1.4511729936299723e-11,2.1276249913822492e-11,6.782861310287773e-16,1.063641466801748e-15,6.921308560620935e-17,1.9570334246771543e-15,0.000642442161560225,0.3934595138417062,0.60595546075854,5.370186873222047e-10,2.931070181356453e-10,0.0005746490998124496,1.0362871497098349e-05,4.651614829295594e-13,1.5885218385236862e-13,8.795898454504763e-13,4.41336642322999e-13,2.144610736613795e-11,1.4399354010082846e-11,4.685050532350344e-16,7.139675691196298e-16,2.164704345228727e-15,2.1252580736793624e-17,0.0005850128392290234,0.0006137275003946242,-8.878487869688211e-05,0.0008588406223867789,0.0001311464728780123
38.927386547962385,0.6059878230337356,0.393369785118702,8.567290648536488e-11,4.835466796684497e-10,5.855861302983558e-05,0.0005838200464476989,2.545825964606929e-13,3.1208103220389884e-13,1.6280722773760029e-12,8.441910144142738e-13,6.780820479353639e-12,1.0548382527381835e-11,7.721299724136537e-16,5.527388693421751e-16,1.4134446533924397e-17,7.43960804361677e-16,0.0006423792490673335,0.3933737113163906,0.6060416336660616,4.970011897799125e-10,7.329509247793554e-11,0.0005741681670319141,1.0473661779133454e-05,2.443696607511895e-13,3.027806835422141e-13,5.644065263000146e-13,1.7501449103505712e-12,1.0628997891168391e-11,6.727655793551086e-12,2.5027326131705345e-16,9.167899887415322e-16,6.996701124414588e-16,1.4674858926811062e-18,0.0005846424193275534,0.0006135108341974434,-0.0002454815410904506,0.000657967238715679,0.0002130783227719141
39.05215381253919,0.6060537198719652,0.39330466205177345,6.139017865450469e-11,2.8354469078408005e-10,5.862671866798571e-05,0.000582978366840639,2.127186191008901e-13,1.157212685344962e-13,8.427138313910851e-13,1.4733912993753405e-13,3.2451970866019023e-12,5.265053430505895e-12,4.933077540981945e-16,1.858649001723608e-16,5.843019556802754e-17,2.9921803483438045e-16,0.0006416054402732743,0.3933086124592325,0.6061075610922446,2.5016415131652657e-10,8.116193849532471e-11,0.0005733021552044875,1.0511316478328066e-05,1.0605758095216444e-13,2.274990116050998e-13,1.7183660756753187e-13,7.831165708147677e-13,5.267914958465174e-12,3.2436495670939648e-12,9.741018167625043e-17,5.687437343491539e-16,2.5621032049719503e-16,1.1912902500315642e-17,0.0005838138128099141,0.0006127096265415941,-0.00012753075133887178,0.0004836794850753858,8.014714829366072e-05
39.17692107711599,0.6061006235747565,0.3932583427639847,5.959732268895868e-11,8.331248793069404e-11,5.8535199165902345e-05,0.0005824856411139602,7.5709617495065e-14,4.041281571573574e-14,5.2179275087380913e-14,7.911849910010418e-14,1.7458174243199483e-12,2.820717000719599e-12,2.2674571964500043e-16,4.5244537416819584e-17,6.375369238989415e-17,1.7947798618028447e-16,0.000641020988004143,0.3932622310463928,0.6061543999157648,6.368103771736717e-11,7.141070298069397e-11,0.000572878020263763,1.0478204693632124e-05,4.796286137903291e-14,7.231076843891601e-14,8.98321844527663e-14,3.855442382721151e-14,2.8026255180176166e-12,1.7582070333600066e-12,3.3216048123154254e-17,2.340881910434454e-16,1.8280831367889584e-16,1.469321557122385e-17,0.0005833563648590935,0.0006121886764316182,3.817831026694133e-05,0.0003360574676332261,-5.405503259886203e-05
39.30168834169279,0.6061312329604723,0.3932277780560487,2.954713115470514e-11,1.097222237359527e-11,5.8443360360441075e-05,0.0005825328697207086,1.423750079739795e-14,2.142372057802124e-14,1.227623812770527e-13,3.313236161008084e-14,8.946085387245614e-13,1.3738122804422247e-12,5.748500242567339e-17,1.620243127729506e-17,3.410479382837715e-17,1.1541803567599608e-16,0.0006409762730607032,0.39323161258549394,0.6061849529792944,1.2329178557527835e-11,2.8302271043076746e-11,0.0005729840494436384,1.0437632525980476e-05,2.4015310953538342e-14,1.2073478630348152e-14,4.2789498164885285e-14,1.2002890716486304e-13,1.3630219422588776e-12,9.020078165114714e-13,1.2743929323880343e-17,4.370320976032682e-17,1.3538728609137845e-16,8.418064505198627e-18,0.0005834217250652058,0.0006121989990629545,8.07637494773411e-05,0.0002151707847611556,-6.966831785841942e-05
39.42645560626959,0.6061494617636735,0.3932093432460681,7.165389821146499e-12,9.56265435096241e-12,5.843779478791331e-05,0.0005827444303462486,1.5044087538939118e-15,9.198589054985083e-15,5.073226962147407e-14,1.0730120941149205e-14,3.1834651107561953e-13,4.646079688311656e-13,6.953161783814417e-18,1.3438705216194457e-17,7.013622078728361e-18,4.5578140223271254e-17,0.0006411822427173988,0.3932131768125579,0.6062031829899768,1.2612234159878326e-11,4.8741588166598295e-12,0.000573196291290267,1.043114056469117e-05,9.0056181308991e-15,1.2747471596556636e-15,1.1000691491954061e-14,4.859102400676812e-14,4.64369305623691e-13,3.185354466221022e-13,6.670597702058887e-18,2.26127754114584e-18,5.46121012045165e-17,1.8459977693717884e-18,0.0005836274501941934,0.0006124048464557961,3.095518879065835e-05,0.00012107849648314127,-1.9069354879377593e-05
39.551222870846395,0.6061589926792846,0.3931997368000936,1.1075050279936126e-12,7.050944372924129e-12,5.847186016530693e-05,0.0005827858675646758,4.3678841431797456e-16,2.2284480153284065e-15,5.360448924475444e-14,1.7756878403950784e-14,5.6803945862683725e-14,8.385540057344883e-14,2.7406495271454656e-18,4.19033448379031e-18,2.538287349263258e-19,7.705605341284484e-18,0.000641257736103133,0.39320359018805745,0.6062127371595162,6.184203009346996e-12,1.434096944853159e-12,0.0005732156377824465,1.0444222562650733e-05,1.8343681408015314e-15,6.345166614137258e-16,7.57245475763012e-15,6.082484277243127e-14,8.454284548203523e-14,5.6339781846321904e-14,1.8510034045084774e-18,2.909408867257985e-18,8.447276341262678e-18,8.727693501618494e-20,0.0005836598681751594,0.0006124588021391462,-6.660774317607337e-06,5.382909811115854e-05,9.089509025850486e-06
39.6759901354232,0.6061626626336095,0.3931961156050041,1.1154481219627401e-13,1.5049042997730286e-12,5.8482612911090696e-05,0.0005827263260198305,1.161982339797654e-16,1.3703372457839142e-16,3.737610396262258e-14,2.9897176362902684e-15,2.8056617917420956e-15,4.5497634125455604e-15,3.4034570323705945e-19,2.32022217732076e-19,6.909960956021818e-21,3.170307658010616e-19,0.0006412089405953457,0.393199974133341,0.6062164131548238,8.769265287075119e-13,4.651021308587347e-13,0.0005731504432211335,1.0449446697795977e-05,1.0967184707913806e-16,1.3856919888062274e-16,4.0477231152350517e-16,4.028611666776159e-14,4.588801739606035e-15,2.7797524810109002e-15,1.0948818573268937e-19,3.9634807386538715e-19,3.0376676712583286e-19,1.4892248406137158e-21,0.0005835998913092668,0.0006124044159523062,-5.0788314070028304e-06,1.3460498081272029e-05,4.353809518432092e-06
39.8007574,0.6061631928791054,0.39319560154526384,6.72871221425112e-15,1.4150657406939597e-12,5.847903412522131e-05,0.0005827136826268993,3.61219627012946e-18,3.7007855222315084e-19,3.804592863069347e-14,4.374199853706198e-15,1.320546258491862e-18,3.490286466501255e-19,1.57972142105684e-23,2.846670953157578e-23,6.2647103853879e-23,3.0163828865784916e-23,0.0006411927182163407,0.39319945779287335,0.6062169408323658,1.0868146923809696e-12,1.8791044872804672e-13,0.0005731403923162364,1.0448123977305492e-05,1.6496588672872875e-19,4.5041635104096494e-18,7.349258934061671e-16,4.150049883125473e-14,3.3075377033756334e-19,1.3098183037330116e-18,3.2242685715732286e-24,4.6488061827148856e-23,4.298430325902572e-22,2.839124962866412e-22,0.0005835885176105087,0.0006123906179134247,-0.0,0.0,0.0
